executions,shape,example
16759,SELECT * FROM prod_homecare_acreporting_reporting.dimtime,"select `timeid`, `minute`, `hour`, `time`, `_fivetran_deleted`, `_fivetran_synced`, case when `timeid` < 830 then 'Non-Working Hours' else (case when `timeid` >= 2300 then 'Non-Working Hours' else 'Working Hours' end) end as `C1` from ( Select * from prod_homecare_acreporting_reporting.dimtime ) as  ..."
12399,"SELECT dateid, date, dayofyear, dayofmonth, dayofweek, weekdayname, month, monthname, year, monthyearid FROM prod_homecare_acreporting_reporting.dimdate","select * from ( SELECT DateID ,Date ,DayOfYear ,DayOfMonth ,DayOfWeek ,WeekDayName ,Month ,MonthName ,Year ,MonthYearID FROM prod_homecare_acreporting_reporting.dimdate ) as `_` limit 0"
11190,SELECT * FROM prod_homecare_acreporting_reporting.dimdate,"select `dateid`, `quarter`, `dayofweek`, `dayofmonth`, `monthyearid`, `date`, `month`, `year`, `dayofyear`, `weekdayname`, `monthname`, `_fivetran_deleted`, `_fivetran_synced` from ( Select * from prod_homecare_acreporting_reporting.dimdate ) as `_`"
10142,"WITH cte AS (SELECT DISTINCT r.referralid, r.leadid, l.hmcprospectid, hmcr.hmcrequestid, l.externalidentifier AS ygl_lead_id, r.providerid, r.billingtypeid, referralstatustypeid, referredon, CASE WHEN NOT hmcl.hottransferred IS NULL THEN ? ELSE ? END AS ht, CASE WHEN r.istopoff = ? THEN ? ELSE ? END AS topoffqueue, CASE WHEN r.addontypeid = ? THEN ? WHEN r.addontypeid = ? THEN ? WHEN r.addontypeid = ? THEN ? ELSE NULL END AS addontype, CASE WHEN r.addontypeid IN (?) THEN ? ELSE ? END AS addon, r.createdon, CAST(returnapproved AS INT), r.hmcleadid, orderid, CASE WHEN p.ispace = ? THEN ? ELSE ?  ...","select `ReferralID`, `LeadID`, `HMCProspectID`, `HMCRequestID`, `YGL_Lead_ID`, `ProviderID`, `BillingTypeID`, `ReferralStatusTypeID`, `ReferredOn`, `HT`, `TopOffQueue`, `AddOnType`, `AddOn`, `CreatedOn`, cast(`ReturnApproved` as BIGINT) as `C1`, `HMCLeadID`, `OrderID`, `PaceReferral`, `IsHotTransfer ..."
10124,"WITH cte AS (SELECT fdcc.campaignkey, dc.campaignname, dc.campaignsource, dc.campaignid, CASE WHEN dc.campaignsource = ? THEN ? WHEN campaignsource = ? THEN ? WHEN campaignsource = ? THEN ? END AS sem_source, CASE WHEN dc.campaignname LIKE ? OR dc.campaignname LIKE ? OR dc.campaignname LIKE ? THEN ? WHEN dc.campaignname LIKE ? OR dc.campaignname LIKE ? OR dc.campaignname LIKE ? OR dc.campaignname LIKE ? OR dc.campaignname LIKE ? THEN ? WHEN NOT dc.campaignname IS NULL THEN ? END AS sem_tier, CASE WHEN dc.campaignname LIKE ? OR dc.campaignname LIKE ? OR dc.campaignname = ? OR dc.campaignname =  ...","select * from ( WITH CTE AS( SELECT fdcc.CampaignKey ,dc.CampaignName ,dc.CampaignSource ,dc.CampaignID ,CASE WHEN dc.CampaignSource = 'Bing' THEN 'SEM - Bing' WHEN CampaignSource = 'Google' THEN 'SEM - Google' WHEN CampaignSource = 'Yahoo' THEN 'SEM - Bing' END as SEM_Source ,CASE WHEN dc.CampaignN ..."
8239,"SELECT DISTINCT r.referralid, r.leadid, l.hmcprospectid, hmcr.hmcrequestid, l.externalidentifier AS ygl_lead_id, r.providerid, r.billingtypeid, referralstatustypeid, referredon, CASE WHEN NOT r.activatedon IS NULL THEN ? ELSE ? END AS activations, CASE WHEN NOT hmcl.hottransferred IS NULL THEN ? ELSE ? END AS ht, CASE WHEN r.istopoff = ? THEN ? ELSE ? END AS topoffqueue, CASE WHEN r.addontypeid = ? THEN ? WHEN r.addontypeid = ? THEN ? WHEN r.addontypeid = ? THEN ? ELSE NULL END AS addontype, CASE WHEN r.addontypeid IN (?) THEN ? ELSE ? END AS addon, r.createdon, CAST(returnapproved AS INT), r. ...","select * from ( SELECT DISTINCT r.ReferralID ,r.LeadID ,l.HMCProspectID ,hmcr.HMCRequestID ,l.ExternalIdentifier as YGL_Lead_ID ,r.ProviderID ,r.BillingTypeID ,ReferralStatusTypeID ,ReferredOn ,case when r.activatedon is not null then 1 else 0 end Activations ,CASE WHEN hmcl.HotTransferred IS NOT NU ..."
6463,"SELECT hrt.referralid, hrt.hottransferresponseid, hr.name FROM prod_homecare_actransactional_homecare.hottransferresult AS hrt LEFT JOIN prod_homecare_actransactional_homecare.hottransferresponse AS hr ON hr.hottransferresponseid = hrt.hottransferresponseid","select `referralid`, `hottransferresponseid`, `name` from ( Select hrt.referralid ,hrt.hottransferresponseid ,hr.name FROM prod_homecare_actransactional_homecare.hottransferresult hrt LEFT JOIN prod_homecare_actransactional_homecare.hottransferresponse hr on hr.hottransferresponseid = hrt.hottransfe ..."
6449,"WITH cte AS (SELECT ref.leadid FROM prod_homecare_actransactional_homecare.hottransferresult AS hrt LEFT JOIN prod_homecare_actransactional_homecare.hottransferresponse AS hr ON hr.hottransferresponseid = hrt.hottransferresponseid LEFT JOIN prod_homecare_actransactional_homecare.referral AS ref ON ref.referralid = hrt.referralid LEFT JOIN prod_homecare_insite_directory.hmclead AS hmcl ON hmcl.hmcleadid = ref.hmcleadid LEFT JOIN prod_homecare_insite_directory.hmcrequest AS hmcr ON hmcr.hmcrequestid = hmcl.hmcrequestid WHERE hrt.hottransferresponseid = ?) SELECT DISTINCT ref.leadid, CASE WHEN NO ...",select * from ( With CTE AS ( Select ref.leadid FROM prod_homecare_actransactional_homecare.hottransferresult hrt LEFT JOIN prod_homecare_actransactional_homecare.hottransferresponse hr on hr.hottransferresponseid = hrt.hottransferresponseid LEFT JOIN prod_homecare_actransactional_homecare.referral  ...
6427,"SELECT campaignkey, campaignsource, campaignid, CASE WHEN campaignid = ? THEN ? WHEN campaignid = ? THEN ? WHEN campaignid = ? THEN ? WHEN campaignid = ? THEN ? WHEN campaignid = ? THEN ? WHEN campaignid = ? THEN ? WHEN campaignid = ? THEN ? WHEN campaignid = ? THEN ? WHEN campaignid = ? THEN ? WHEN campaignid = ? THEN ? WHEN campaignid = ? THEN ? WHEN campaignid = ? THEN ? WHEN campaignid = ? THEN ? WHEN campaignid = ? THEN ? WHEN campaignid = ? THEN ? WHEN campaignid = ? THEN ? WHEN campaignid = ? THEN ? WHEN campaignid = ? THEN ? WHEN campaignid = ? THEN ? WHEN campaignid = ? THEN ? WHEN ca ...","select * from ( SELECT CampaignKey ,CampaignSource ,CampaignID ,CASE WHEN CampaignID = '18462205636' THEN 'HighValueT3' WHEN CampaignID = '18462205639' THEN 'MidValueT3' WHEN CampaignID = '18462209188' THEN 'MidValueT4' WHEN CampaignID = '18462209191' THEN 'HighValueT4' WHEN CampaignID = '1893131533 ..."
5930,"SELECT agentstatedetailid, agent, agentgroup, agentfirstname, agentlastname, time, LAG(time) OVER (PARTITION BY agent ORDER BY agentstatedetailid DESC) AS endtime, state, reasoncode, mediaavailability, skillavailability, CASE WHEN state = ? OR (state = ? AND reasoncode = ?) THEN ? ELSE ? END AS wastedtime, CASE WHEN state = ? AND (reasoncode IN (?)) THEN ? ELSE ? END AS agentstategroup, agentstatetime, DATE_FORMAT(time, ?) AS hours, DATE_FORMAT(time, ?) AS minute, (hours * ?) + minute AS timeid, detaildate, CASE WHEN agent = ? THEN ? WHEN agent = ? THEN ? ELSE LOWER(CONCAT(LEFT(agent, LOCATE(? ...","select `AgentStateDetailId`, `Agent`, `AgentGroup`, `AgentFirstName`, `AgentLastName`, `Time`, `EndTime`, `State`, `ReasonCode`, `MediaAvailability`, `SkillAvailability`, `WastedTime`, `AgentStateGroup`, `AgentStateTime`, `hours`, `minute`, `TimeID`, `detaildate`, `name_join` from ( SELECT AgentStat ..."
5884,"SELECT r.*, p.name FROM prod_homecare_actransactional_homecare.referral AS r JOIN prod_homecare_actransactional_organization.provider AS p ON p.providerid = r.providerid WHERE r.createdon >= ? AND NOT r.hmcleadid IS NULL","select `referralid`, `referralactivationsourceid`, `modifiedon`, `hmcleadidupdateby`, `referraldisplaystatustypeid`, `referralendcarereasontypeid`, `orderid`, `referralstatustypeid`, `modifiedby`, `advisorstartedcareon`, `istopoff`, `sysstarttime`, `billingtypeid`, `sfrecordid`, `digitaljourney`, `c ..."
5883,"SELECT r.hmcrequestid, l.hmcleadid, r.postalcode, r.requeststatusid, r.createdate FROM prod_homecare_insite_directory.hmcrequest AS r JOIN prod_homecare_insite_directory.hmclead AS l ON l.hmcrequestid = r.hmcrequestid WHERE r.createdate >= ? AND r.requeststatusid = ?","select * from ( SELECT r.HMCRequestID ,l.HMCLeadID ,r.postalcode ,r.requeststatusid ,r.createdate FROM prod_homecare_insite_directory.hmcrequest r JOIN prod_homecare_insite_directory.hmclead l on l.HMCRequestID = r.HMCRequestID Where r.createdate >= '2024-01-01' and r.requeststatusid = 2 ) as `_` li ..."
5487,"SELECT referralid, providerid, homecarereferralid, r.firstname, r.lastname, r.emailaddress, phone, carerecipientfirstname, carerecipientlastname, r.whyiscareneeded, r.postalcode, referraldate, referralstatustypeid, clientapproval, externalidentifier, modifiedon, modifiedby, createdon, createdby, sysstarttime, sysendtime, hmcp.slppsourcetypeid FROM prod_homecare_actransactional_seniorliving.referral AS r LEFT JOIN prod_homecare_insite_directory.hmcprospect AS hmcp ON r.firstname = hmcp.firstname AND r.lastname = hmcp.lastname AND r.emailaddress = hmcp.emailaddress WHERE r.firstname <> ?","select `ReferralID`, `ProviderID`, `HomeCareReferralID`, `FirstName`, `LastName`, `EmailAddress`, `Phone`, `CareRecipientFirstName`, `CareRecipientLastName`, `WhyIsCareNeeded`, `PostalCode`, `ReferralDate`, `ReferralStatusTypeID`, `ClientApproval`, `ExternalIdentifier`, `ModifiedOn`, `ModifiedBy`, ` ..."
5436,"WITH cte AS (SELECT agentstatedetailid, agent, agentgroup, agentfirstname, agentlastname, time, state, SECOND(agentstatetime) + (MINUTE(agentstatetime) * ?) AS duration, reasoncode, agentstatetime, DATE_FORMAT(time, ?) AS hours, DATE_FORMAT(time, ?) AS minute, (hours * ?) + minute AS starttimeid, DATE_FORMAT(TO_DATE(detaildate, ?), ?) AS dateid, TO_DATE(detaildate, ?) AS date, CASE WHEN agent = ? THEN ? WHEN agent = ? THEN ? ELSE LOWER(CONCAT(LEFT(agent, LOCATE(?, agent) - ?), SUBSTRING(agent, LOCATE(?, agent) + ?, ?))) END AS name_join FROM prod_homecare_acreporting_import.five9dailyagentstat ...","select `OnCall`, `TimeDateID`, `DimDate`, `DimTimeID`, `MonthName`, `MonthYearID`, `DateTimeID`, `EndTimeID`, `AgentStateDetailId`, `Agent`, `AgentGroup`, `AgentFirstName`, `AgentLastName`, `Time`, `State`, `Duration`, `ReasonCode`, `AgentStateTime`, `hours`, `minute`, `StartTimeID`, `DateID`, `Date ..."
5435,"WITH cte AS (SELECT calllogid, agentname, timestamp, LAG(timestamp) OVER (PARTITION BY agentname, CAST(timestamp AS DATE) ORDER BY timestamp) AS lagtimestamp FROM prod_homecare_acreporting_import.five9dailycalllogs WHERE timestamp >= ? AND agentgroup = ?), cte1 AS (SELECT agentname, CAST(timestamp AS DATE) AS date, timestamp, calllogid, lagtimestamp, TIMESTAMPDIFF(MINUTE, CAST(lagtimestamp AS TIMESTAMP), timestamp), CASE WHEN TIMESTAMPDIFF(MINUTE, CAST(lagtimestamp AS TIMESTAMP), timestamp) < ? THEN ? WHEN TIMESTAMPDIFF(MINUTE, CAST(lagtimestamp AS TIMESTAMP), timestamp) BETWEEN ? AND ? THEN ? ...","select `Date`, `Agentname`, `Gaps`, `CallGapBucket` from ( WITH CTE1 AS ( WITH CTE AS ( Select calllogid ,agentname ,timestamp , lag(timestamp) over(partition by agentname, cast(timestamp as date) order by timestamp) as LagTimeStamp FROM prod_homecare_acreporting_import.five9dailycalllogs where time ..."
5425,"WITH cte AS (SELECT calllogid, agentname, timestamp, LAG(timestamp) OVER (PARTITION BY agentname, CAST(timestamp AS DATE) ORDER BY timestamp) AS lagtimestamp FROM prod_homecare_acreporting_import.five9dailycalllogs WHERE timestamp >= ? AND agentgroup = ?), cte1 AS (SELECT agentname, CAST(timestamp AS DATE) AS date, timestamp, calllogid, lagtimestamp, TIMESTAMPDIFF(MINUTE, CAST(lagtimestamp AS TIMESTAMP), timestamp) AS holder, CASE WHEN TIMESTAMPDIFF(MINUTE, CAST(lagtimestamp AS TIMESTAMP), timestamp) < ? THEN ? WHEN TIMESTAMPDIFF(MINUTE, CAST(lagtimestamp AS TIMESTAMP), timestamp) BETWEEN ? AN ...","select `Date`, `Agentname`, `Max_Gap`, `NinetyPercentile` from ( WITH CTE1 AS ( WITH CTE AS ( Select calllogid ,agentname ,timestamp , lag(timestamp) over(partition by agentname, cast(timestamp as date) order by timestamp) as LagTimeStamp FROM prod_homecare_acreporting_import.five9dailycalllogs wher ..."
5230,"SELECT DISTINCT COUNT(DISTINCT ref.referralid) AS referrals, ref.orderid, CAST(ref.referredon AS DATE) AS referraldate FROM prod_homecare_actransactional_homecare.referral AS ref WHERE NOT ref.hmcleadid IS NULL AND ref.referredon >= ? GROUP BY ref.orderid, CAST(ref.referredon AS DATE)","select `Referrals`, `orderid`, `ReferralDate` from ( Select distinct count(distinct ref.referralid) Referrals ,ref.orderid ,cast(ref.referredon as date) ReferralDate FROM prod_homecare_actransactional_homecare.referral ref WHERE ref.hmcleadid is not null and ref.referredon >= '2025' GROUP BY ref.ord ..."
5218,"WITH cte AS (SELECT CONCAT(agentfirstname, ?, agentlastname) AS agentname, DATE_FORMAT(agentstatetime, ?) AS hour, DATE_FORMAT(agentstatetime, ?) AS minutes, DATE_FORMAT(agentstatetime, ?) AS seconds, agentstatetime, TO_DATE(detaildate, ?) AS detaildate, CASE WHEN agent = ? THEN ? WHEN agent = ? THEN ? ELSE LOWER(CONCAT(LEFT(agent, LOCATE(?, agent) - ?), SUBSTRING(agent, LOCATE(?, agent) + ?, ?))) END AS name_join FROM prod_homecare_acreporting_import.five9dailyagentstatedetails WHERE detaildate >= ? AND agentstatetime <> ? AND agentgroup = ? AND NOT state IN (?) ORDER BY agentstatedetailid DE ...","select `AgentName`, `DetailDate`, `Name_join`, `HoursWorked` from ( WITH CTE1 AS ( WITH CTE AS ( SELECT Concat(AgentFirstName, "" "",AgentLastName) AgentName ,date_format(AgentStateTime,""HH"") Hour ,date_format(AgentStateTime,""mm"") minutes ,date_format(AgentStateTime,""ss"") seconds ,agentstatetime ,To_d ..."
5028,"SELECT hottransferresultid, htr.providerid, lid.leadid, hottransferresponseid, DATE_ADD(HOUR, -?, hottransferredon) AS hottransferredon, htr.createdon, htr.createdby, htr.modifiedon, htr.modifiedby, deleted, CONCAT(l.contactfirstname, ?, l.contactlastname) AS contactname, CONCAT(l.firstname, ?, l.lastname) AS residentname, l.contactphone, l.contactemail FROM prod_homecare_actransactional_homecare.hottransferresult AS htr LEFT JOIN prod_homecare_actransactional_homecare.lead AS l ON l.leadid = htr.leadid LEFT JOIN prod_homecare_actransactional_homecare.referral AS r ON htr.providerid = r.provid ...","select `HotTransferResultID`, `ProviderID`, `LeadID`, `HotTransferResponseID`, `HotTransferredOn`, `CreatedOn`, `CreatedBy`, `ModifiedOn`, `ModifiedBy`, `Deleted`, `ContactName`, `ResidentName`, `ContactPhone`, `ContactEmail` from ( SELECT HotTransferResultID ,htr.ProviderID ,lid.LeadID ,HotTransfer ..."
5017,"SELECT referralbillingid, referralid, providerid, amount, rate, billingperiodid, reportedon, invoicedon, modifiedon, modifiedby, createdon, createdby, sysstarttime, sysendtime FROM prod_homecare_actransactional_homecare.referralbilling WHERE invoicedon >= ? OR invoicedon IS NULL","select `ReferralBillingID`, `ReferralID`, `ProviderID`, `Amount`, `Rate`, `BillingPeriodID`, `ReportedOn`, `InvoicedOn`, `ModifiedOn`, `ModifiedBy`, `CreatedOn`, `CreatedBy`, `SysStartTime`, `SysEndTime` from ( SELECT ReferralBillingID ,ReferralID ,ProviderID ,Amount ,Rate ,BillingPeriodID ,Reported ..."
4954,"SELECT providerid, u.firstname AS csm, u2.firstname AS hcam FROM prod_homecare_actransactional_organization.provider LEFT JOIN prod_homecare_actransactional_auth.users AS u ON u.userid = accountspecialistuserid LEFT JOIN prod_homecare_actransactional_auth.users AS u2 ON u2.userid = hcamuserid ORDER BY providerid DESC","select * from ( SELECT ProviderID, u.FirstName AS CSM, u2.FirstName AS HCAM FROM prod_homecare_actransactional_organization.provider LEFT JOIN prod_homecare_actransactional_auth.users u ON u.UserID = AccountSpecialistUserID LEFT JOIN prod_homecare_actransactional_auth.users u2 ON u2.UserID = HCAMUse ..."
4939,"WITH cte AS (SELECT r.referralid, r.leadid, r.providerid, l.hmcprospectid, l.externalidentifier AS ygl_lead_id, billingtypeid, referralstatustypeid, referredon, CASE WHEN NOT hmcl.hottransferred IS NULL THEN ? ELSE ? END AS ht, activatedon, r.hmcleadid, orderid, hcc.amount, CASE WHEN r.orderid = ? THEN ? WHEN r.billingtypeid = ? THEN ? ELSE hcc.amount END AS referralrevenue, CASE WHEN (r.hmcleadid IS NULL AND billingtypeid = ?) THEN ? WHEN dca.source = ? THEN ? ELSE ? END AS apfm FROM prod_homecare_actransactional_homecare.referral AS r LEFT JOIN prod_homecare_actransactional_homecare.lead AS  ...","select `ReferralID`, `LeadID`, `ProviderID`, `ActDate`, `NumProv`, cast(`ReferredOn` as DATE) as `C1`, `HT`, `Activation`, `AnyHT`, `AnyActivation`, `BusinessUnit` from ( WITH CTE AS ( SELECT r.ReferralID ,r.LeadID ,r.ProviderID ,l.HMCProspectID ,l.ExternalIdentifier as YGL_Lead_ID ,BillingTypeID ,R ..."
4919,"SELECT u.userid, u.userkey, CASE WHEN u.usercode = ? THEN ? ELSE u.usercode END AS usercode, CASE WHEN u.usercode IN (?) THEN ? ELSE ? END AS group FROM prod_homecare_insite_dbo.users AS u WHERE NOT u.usercode IS NULL","select * from ( SELECT u.userid ,u.userkey ,CASE WHEN u.usercode = 'tonyamarrillo' then 'tonya' else u.usercode end as usercode ,case when u.usercode in ('gilav', 'edt', 'julietf', 'abnerp', 'charmaines', 'loum', 'maryn', 'loria', 'jesieliton', 'jeand', 'ninob', 'andreb', 'clarissep', 'debbiem', 'lo ..."
4848,"SELECT *, CASE WHEN timeid >= ? AND timeid < ? THEN ? ELSE ? END AS in_business_hours FROM prod_homecare_acreporting_reporting.dimtime","select * from ( Select * ,CASE WHEN timeid >= 800 and timeid < 2100 then 'Yes' Else 'No' End In_Business_Hours FROM prod_homecare_acreporting_reporting.dimtime ) as `_` limit 0"
4846,SELECT * FROM main.prod_homecare_actransactional_billing.homecarecharge WHERE createdon >= ?,select * from ( Select * FROM main.prod_homecare_actransactional_billing.homecarecharge where createdon >= '2025' ) as `_` limit 0
4829,SELECT * FROM prod_homecare_acreporting_reporting.cartproviderhistory WHERE date >= ?,select * from ( Select * FROM prod_homecare_acreporting_reporting.cartproviderhistory where date >= '2025' ) as `_` limit 0
4578,"SELECT homecarechargeid, accountid, referralid, amount, CASE WHEN accountid = ? AND iscredit = ? THEN ? WHEN accountid = ? AND iscredit = ? THEN -? ELSE amount END AS adjustedamount, statementid, tohomecarechargeid, iscredit, createdon, createdby, modifiedon, modifiedby, entryid FROM prod_homecare_actransactional_billing.homecarecharge WHERE createdon >= ? ORDER BY referralid","select * from ( SELECT HomeCareChargeID ,AccountID ,ReferralID ,Amount ,CASE WHEN AccountID = 2426 AND IsCredit = 0 THEN 34 WHEN AccountID = 2426 AND IsCredit = 1 THEN -34 ELSE Amount END AS AdjustedAmount ,StatementID ,ToHomeCareChargeID ,IsCredit ,CreatedOn ,CreatedBy ,ModifiedOn ,ModifiedBy ,Entr ..."
4527,"SELECT cph.providerid, cph.providername, cph.orderid, o.createdon AS ordercreatedate, MIN(date) AS firstactivedate, MAX(date) AS lastactivedate, ost.name AS currentorderstatus, osrt.name AS currentorderstatusreasontype, u2.firstname AS hcam, u.firstname AS csm FROM prod_homecare_acreporting_reporting.cartproviderhistory AS cph LEFT JOIN prod_homecare_actransactional_ordermanagement.order AS o ON o.orderid = cph.orderid LEFT JOIN prod_homecare_actransactional_ordermanagement.orderstatustype AS ost ON ost.orderstatustypeid = o.orderstatustypeid LEFT JOIN prod_homecare_actransactional_ordermanage ...","select `ProviderID`, `ProviderName`, `OrderID`, `OrderCreateDate`, `FirstActiveDate`, `LastActiveDate`, `CurrentOrderStatus`, `CurrentOrderStatusReasonType`, `HCAM`, `CSM` from ( SELECT cph.ProviderID ,cph.ProviderName ,cph.OrderID ,o.createdon AS OrderCreateDate ,MIN(Date) AS FirstActiveDate ,Max(d ..."
4523,"SELECT DISTINCT o.accountid, a.name AS accountname, hcamacc.hcam FROM prod_homecare_actransactional_ordermanagement.order AS o LEFT JOIN prod_homecare_actransactional_billing.account AS a ON a.accountid = o.accountid LEFT JOIN prod_homecare_actransactional_ordermanagement.orderstatustype AS ost ON ost.orderstatustypeid = o.orderstatustypeid LEFT JOIN prod_homecare_actransactional_ordermanagement.orderstatusreasontype AS osrt ON osrt.orderstatusreasontypeid = o.orderstatusreasontypeid RIGHT JOIN (SELECT DISTINCT a.accountid, u2.firstname AS hcam FROM prod_homecare_actransactional_organization.p ...","select `AccountID`, `AccountName`, `HCAM` from ( SELECT DISTINCT o.AccountID,a.Name AS AccountName,hcamacc.HCAM FROM prod_homecare_actransactional_ordermanagement.order o LEFT JOIN prod_homecare_actransactional_billing.account a ON a.AccountID = o.AccountID LEFT JOIN prod_homecare_actransactional_or ..."
4522,"WITH cte AS (SELECT cph.providerid, cph.providername, cph.orderid, o.createdon AS ordercreatedate, MIN(date) AS firstactivedate, MAX(date) AS lastactivedate, ost.name AS currentorderstatus, osrt.name AS currentorderstatusreasontype, u2.firstname AS hcam, u.firstname AS csm, p.postalcodeid, CASE WHEN dpc.code IS NULL THEN p.postalcode ELSE dpc.code END AS postalcode FROM prod_homecare_acreporting_reporting.cartproviderhistory AS cph LEFT JOIN prod_homecare_actransactional_ordermanagement.order AS o ON o.orderid = cph.orderid LEFT JOIN prod_homecare_actransactional_ordermanagement.orderstatustyp ...","select `ProviderID`, `ProviderName`, `OrderID`, `OrderCreateDate`, `FirstActiveDate`, `LastActiveDate`, `CurrentOrderStatus`, `CurrentOrderStatusReasonType`, `HCAM`, `CSM`, `postalcodeid`, `PostalCode`, `name` from ( WITH CTE AS( SELECT cph.ProviderID ,cph.ProviderName ,cph.OrderID ,o.createdon AS O ..."
4517,"SELECT DISTINCT p.providerid, p.name AS providername, cph.orderid, o.createdon AS ordercreatedate, ost.name AS currentorderstatus, osrt.name AS currentorderstatusreasontype, u2.firstname AS hcam, u.firstname AS csm FROM prod_homecare_acreporting_reporting.cartproviderhistory AS cph LEFT JOIN prod_homecare_actransactional_ordermanagement.order AS o ON o.orderid = cph.orderid LEFT JOIN prod_homecare_actransactional_ordermanagement.orderstatustype AS ost ON ost.orderstatustypeid = o.orderstatustypeid LEFT JOIN prod_homecare_actransactional_ordermanagement.orderstatusreasontype AS osrt ON osrt.ord ...","select * from ( SELECT distinct p.providerid ,p.name ProviderName ,cph.orderid ,o.createdon AS OrderCreateDate ,ost.name As CurrentOrderStatus ,osrt.name As CurrentOrderStatusReasonType ,u2.FirstName AS HCAM ,u.FirstName AS CSM FROM prod_homecare_acreporting_reporting.cartproviderhistory cph LEFT JO ..."
4512,"WITH cte AS (SELECT providerhistoryid, date, cph.providerid, o.orderid, cph.accountid, a.accountstatusreasontypeid, providername, ordername, accountname, cph.contracttype, orderstatus, orderstatusreason, cph.monthlycap, cph.monthlysent, o.createdon AS ordercreatedate, ccfail, u2.firstname AS hcam, u.firstname AS csm, ROW_NUMBER() OVER (PARTITION BY cph.providerid ORDER BY cph.date) AS rn, ROW_NUMBER() OVER (PARTITION BY cph.providerid ORDER BY cph.date DESC) AS dayssuspended FROM prod_homecare_acreporting_reporting.cartproviderhistory AS cph LEFT JOIN prod_homecare_actransactional_billing.acco ...","select * from ( WITH CTE4 AS ( WITH CTE3 AS ( WITH CTE2 AS( WITH CTE1 AS ( WITH CTE AS ( SELECT ProviderHistoryID ,Date ,cph.ProviderID ,o.OrderID ,cph.AccountID ,a.AccountStatusReasonTypeID ,ProviderName ,OrderName ,AccountName ,cph.ContractType ,OrderStatus ,OrderStatusReason ,cph.MonthlyCap ,cph. ..."
4418,"WITH cte AS (SELECT DISTINCT referralid, providerid, homecarereferralid, r.firstname, r.lastname, r.emailaddress, phone, carerecipientfirstname, carerecipientlastname, r.whyiscareneeded, r.postalcode, u.firstname AS careadvisor, req.requestdatetime, hmcp.hmcprospectid, referraldate, referralstatustypeid, clientapproval, externalidentifier, createdon, createdby, sysstarttime, sysendtime, hmcp.slppsourcetypeid, ROW_NUMBER() OVER (PARTITION BY referralid ORDER BY req.requestdatetime DESC) AS rn FROM prod_homecare_actransactional_seniorliving.referral AS r LEFT JOIN prod_homecare_insite_directory. ...","select * from ( WITH CTE AS ( SELECT DISTINCT ReferralID ,ProviderID ,HomeCareReferralID ,r.FirstName ,r.LastName ,r.EmailAddress ,Phone ,CareRecipientFirstName ,CareRecipientLastName ,r.WhyIsCareNeeded ,r.PostalCode ,u.FirstName AS CareAdvisor ,req.RequestDateTime ,hmcp.HMCProspectID ,ReferralDate  ..."
4417,"SELECT DISTINCT p.*, po.name AS organization FROM prod_homecare_actransactional_organization.provider AS p LEFT JOIN prod_homecare_actransactional_organization.providerorganization AS po ON po.providerorganizationid = p.providerorganizationid LEFT JOIN prod_homecare_actransactional_homecare.referral AS r ON p.providerid = r.providerid WHERE r.referredon >= ? AND NOT r.providerid IS NULL ORDER BY p.providerid","select * from ( select distinct p.* ,po.name as Organization from prod_homecare_actransactional_organization.provider p LEFT JOIN prod_homecare_actransactional_organization.providerorganization po on po.providerorganizationid = p.providerorganizationid LEFT JOIN prod_homecare_actransactional_homecar ..."
4410,"SELECT DISTINCT p.*, CASE WHEN name LIKE ? THEN ? WHEN name LIKE ? THEN ? WHEN name LIKE ? THEN ? WHEN name LIKE ? THEN ? WHEN name LIKE ? THEN ? WHEN name LIKE ? THEN ? WHEN name LIKE ? THEN ? WHEN name LIKE ? THEN ? WHEN name LIKE ? THEN ? WHEN name LIKE ? THEN ? WHEN name LIKE ? THEN ? WHEN name LIKE ? THEN ? WHEN name LIKE ? THEN ? WHEN name LIKE ? THEN ? WHEN name LIKE ? THEN ? WHEN name LIKE ? THEN ? WHEN name LIKE ? THEN ? WHEN name LIKE ? THEN ? WHEN name LIKE ? THEN ? WHEN name LIKE ? THEN ? WHEN name LIKE ? THEN ? WHEN name LIKE ? THEN ? WHEN name LIKE ? THEN ? WHEN name LIKE ? THEN  ...","select `providerid`, `profilefranchisename`, `addon`, `modifiedon`, `address`, `carecoordinatoruserid`, `agingcareprofilepage`, `warmtransferphonenumber`, `warmtransferafterhoursendtime`, `profilemissionstatement`, `profiletrademarkagencydetails`, `modifiedby`, `name`, `providerlogo`, `sysstarttime` ..."
4401,SELECT * FROM prod_homecare_insite_directory.slppsourcetype,"select `slppsourcetypeid`, `createdby`, `createdon`, `name`, `_fivetran_deleted`, `_fivetran_synced` from ( Select * FROM prod_homecare_insite_directory.slppsourcetype ) as `_`"
4398,SELECT * FROM prod_homecare_actransactional_seniorliving.referralstatustype,"select `referralstatustypeid`, `createdby`, `modifiedon`, `createdon`, `deleted`, `modifiedby`, `name`, `_fivetran_deleted`, `_fivetran_synced` from ( Select * FROM prod_homecare_actransactional_seniorliving.referralstatustype ) as `_`"
4395,"SELECT dateid, date, dayofyear, dayofmonth, dayofweek, weekdayname, month, monthname, year, quarter, monthyearid, weekstartdate, weekenddate, DATEDIFF(DAY, CAST(CURRENT_TIMESTAMP() AS DATE), date) AS today, CONCAT(monthname, ?, year) AS monthyear FROM prod_homecare_acreporting_reporting.dimdate","select `DateID`, `Date`, `DayOfYear`, `DayOfMonth`, `DayOfWeek`, `WeekDayName`, `Month`, `MonthName`, `Year`, `Quarter`, `MonthYearID`, `WeekStartDate`, `WeekEndDate`, `Today`, `MonthYear` from ( SELECT DateID ,Date ,DayOfYear ,DayOfMonth ,DayOfWeek ,WeekDayName ,Month ,MonthName ,Year ,Quarter ,Mon ..."
4287,"SELECT DISTINCT r.referralid, r.leadid, l.hmcprospectid, hmcr.hmcrequestid, l.externalidentifier AS ygl_lead_id, r.providerid, r.billingtypeid, referralstatustypeid, referredon, CASE WHEN NOT hmcl.hottransferred IS NULL THEN ? ELSE ? END AS ht, CASE WHEN r.istopoff = ? THEN ? ELSE ? END AS topoffqueue, CASE WHEN r.addontypeid = ? THEN ? WHEN r.addontypeid = ? THEN ? WHEN r.addontypeid = ? THEN ? ELSE NULL END AS addontype, CASE WHEN r.addontypeid IN (?) THEN ? ELSE ? END AS addon, r.createdon, CAST(returnapproved AS INT), r.hmcleadid, orderid, r.digitaljourney, CASE WHEN p.ispace = ? THEN ? EL ...","select * from ( SELECT DISTINCT r.ReferralID ,r.LeadID ,l.HMCProspectID ,hmcr.HMCRequestID ,l.ExternalIdentifier as YGL_Lead_ID ,r.ProviderID ,r.BillingTypeID ,ReferralStatusTypeID ,ReferredOn ,CASE WHEN hmcl.HotTransferred IS NOT NULL THEN 1 ELSE 0 END as HT ,CASE WHEN r.IsTopOff = 1 THEN 1 ELSE 0  ..."
4136,"WITH cte AS (SELECT hmcr.hmcrequestid, hmcr.hmcprospectid, hmcpd.disqualifier AS disqualifier2, hmcp.disqualifierreason, CASE WHEN hmcr.customflow = ? THEN ? ELSE ? END AS flow, CASE WHEN hmcr.affiliateid IN (?) THEN ? WHEN hmcr.affiliateid = ? THEN ? WHEN hmcr.affiliateid = ? THEN ? WHEN hmcr.affiliateid IN (?) THEN ? WHEN hmcr.affiliateid IN (?) THEN ? WHEN hmcr.url LIKE ? OR hmcr.url LIKE ? OR hmcr.url LIKE ? THEN ? WHEN hmcr.url LIKE ? OR affiliateid = ? THEN ? WHEN hmcr.affiliateid IN (?) OR hmcr.url LIKE ? OR hmcr.url LIKE ? THEN ? WHEN hmcr.affiliateid = ? THEN ? WHEN hmcr.affiliateid = ...","select `HMCRequestID`, `HMCProspectID`, `disqualifier`, `userid`, `Time`, `disqualifierfixed`, `disqualifierreason_fixed`, `disqualifierreason`, `Flow`, `affiliateID`, `Channel`, `Source`, `TimeID`, `SiteSection`, `SEMForm`, `EmailType`, cast(`RequestDateTime` as DATE) as `C1`, `RequestStatusID`, `L ..."
4121,"WITH cte AS (SELECT detaildate, state, time, agentfirstname, agent, agentlastname, DATE_FORMAT(time, ?) AS hours, DATE_FORMAT(time, ?) AS minute, ROW_NUMBER() OVER (PARTITION BY detaildate, agentfirstname ORDER BY time) AS rn, (hours * ?) + minute AS timeid, CASE WHEN agent = ? THEN ? WHEN agent = ? THEN ? ELSE LOWER(CONCAT(LEFT(agent, LOCATE(?, agent) - ?), SUBSTRING(agent, LOCATE(?, agent) + ?, ?))) END AS name_join FROM prod_homecare_acreporting_import.five9dailyagentstatedetails WHERE time <> ? AND time <> ? AND state = ? AND agentstatetime <> ? AND agentgroup = ? AND TO_DATE(detaildate, ? ...","select `callid`, `First_LogIn`, `agent`, `Date`, `hours`, `minute`, `TimeID`, `detaildate`, `name_join` from ( WITH CTE1 AS ( WITH CTE AS( SELECT Detaildate ,State ,Time ,agentfirstname ,agent ,agentlastname ,date_format(Time, 'HH') hours ,date_format(Time, 'mm') minute ,ROW_NUMBER() OVER (PARTITION ..."
3972,"SELECT dateid, date, dayofyear, dayofmonth, dayofweek, weekdayname, WEEKOFYEAR(date) AS weekofyear, month, monthname, year, monthyearid, CASE WHEN date >= ? THEN ? ELSE ? END AS testgroup FROM prod_homecare_acreporting_reporting.dimdate WHERE date <= DATE_ADD(YEAR, ?, DATE_TRUNC('YEAR', CURRENT_TIMESTAMP())) AND date >= DATE_ADD(YEAR, -?, DATE_TRUNC('YEAR', CURRENT_TIMESTAMP())) ORDER BY date ASC","select `DateID`, `Date`, `DayOfYear`, `DayOfMonth`, `DayOfWeek`, `WeekDayName`, `WeekofYear`, `Month`, `MonthName`, `Year`, `MonthYearID`, `TestGroup`, { fn concat({ fn concat(`MonthName`, ' ') }, cast(`Year` as STRING)) } as `C1` from ( SELECT DateID ,Date ,DayOfYear ,DayOfMonth ,DayOfWeek ,WeekDay ..."
3816,"WITH cte AS (SELECT DISTINCT r.referralid, leadid, providerid, billingtypeid, referralstatustypeid, referredon, activatedon, advisoractivatedon, startedcareon, advisorstartedcareon, endedcareon, advisorendedcareon, externalidentifier, r.modifiedon, r.modifiedby, r.createdon, r.createdby, sysstarttime, sysendtime, advisorreferralstatustypeid, previousendedcareon, referralendcarereasontypeid, returnapproved, CONCAT(MONTH(referredon), ?, YEAR(referredon)) AS monthyear, hmcleadid, orderid, hmcleadidupdateby, referraldisplaystatustypeid, referralactivationsourceid, CASE WHEN r.orderid = ? THEN ? WH ...","select `ReferralID`, `LeadID`, `ProviderID`, `BillingTypeID`, `ReferralStatusTypeID`, `ReferredOn`, `ActivatedOn`, `AdvisorActivatedOn`, `StartedCareOn`, `AdvisorStartedCareOn`, `EndedCareOn`, `AdvisorEndedCareOn`, `ExternalIdentifier`, `ModifiedOn`, `ModifiedBy`, `CreatedOn`, `CreatedBy`, `SysStart ..."
3814,"WITH cte AS (SELECT DISTINCT hmcr.hmcrequestid, hmcr.hmcprospectid, hmcr.affiliateinquiryid, apfm.lt_form_submit_channel, CASE WHEN hmcr.customflow = ? THEN ? ELSE ? END AS flow, CASE WHEN hmcr.affiliateid = ? THEN ? WHEN hmcr.affiliateid = ? THEN ? WHEN hmcr.affiliateid IN (?) THEN ? WHEN hmcr.affiliateid = ? THEN ? WHEN hmcr.affiliateid = ? THEN ? WHEN hmcr.affiliateid IN (?) THEN ? WHEN hmcr.affiliateid IN (?) THEN ? WHEN hmcr.url LIKE ? OR hmcr.url LIKE ? OR hmcr.url LIKE ? THEN ? WHEN hmcr.url LIKE ? OR hmcr.affiliateid = ? THEN ? WHEN hmcr.affiliateid IN (?) OR hmcr.url LIKE ? OR hmcr.ur ...","select `HMCRequestID`, `HMCProspectID`, `Flow`, `lastoutcomeid`, `affiliateID`, `dma`, `Channel`, `IsDJ`, `DJStep`, `djstepid`, `DJType`, `Source`, `formname`, `TimeID`, `SiteSection`, `SEMForm`, `EmailType`, `RequestDateTime`, `RequestStatusID`, `Lead`, `LSTF`, `RL`, `CampaignID`, `CampaignName` fr ..."
3706,"WITH cte AS (SELECT callid, SUM(CASE WHEN calltype = ? THEN ? ELSE ? END) AS transfers_attempted FROM prod_homecare_acreporting_import.five9dailycalllogs GROUP BY callid ORDER BY callid), cte1 AS (SELECT DISTINCT f9.callid, timestamp, agent, agentname, calltype, disposition, dispositionpath, calltime, talktime, dnis, handletime, consulttime, totalqueuetime, manualtime, dialtime, aftercallworktime, holdtime, ringtime, CASE WHEN calltype IN (?) THEN ? WHEN campaign IN (?) THEN ? ELSE ? END AS call_direction, CASE WHEN disposition IN (?) THEN ? WHEN disposition = ? THEN ? ELSE ? END AS business_p ...","select `CallId`, `Timestamp`, `Agent`, `AgentName`, `CallType`, `Disposition`, `DispositionPath`, `CallTime`, `TalkTime`, `DNIS`, `HandleTime`, `ConsultTime`, `TotalQueueTime`, `ManualTime`, `DialTime`, `AfterCallWorkTime`, `HoldTime`, `RingTime`, `Call_Direction`, `Business_Process`, `TransfersAtte ..."
3696,"WITH cte AS (SELECT DISTINCT r.referralid, leadid, providerid, billingtypeid, referralstatustypeid, referredon, activatedon, advisoractivatedon, startedcareon, advisorstartedcareon, endedcareon, advisorendedcareon, externalidentifier, r.modifiedon, r.modifiedby, r.createdon, r.createdby, sysstarttime, sysendtime, advisorreferralstatustypeid, previousendedcareon, referralendcarereasontypeid, returnapproved, CONCAT(MONTH(referredon), ?, YEAR(referredon)) AS monthyear, hmcleadid, orderid, hottransferresultid, CASE WHEN r.digitaljourney = TRUE THEN ? ELSE ? END AS djreferral, hmcleadidupdateby, re ...","select * from ( WITH CTE as (SELECT DISTINCT r.ReferralID ,LeadID ,ProviderID ,BillingTypeID ,ReferralStatusTypeID ,ReferredOn ,ActivatedOn ,AdvisorActivatedOn ,StartedCareOn ,AdvisorStartedCareOn ,EndedCareOn ,AdvisorEndedCareOn ,ExternalIdentifier ,r.ModifiedOn ,r.ModifiedBy ,r.CreatedOn ,r.Create ..."
3689,"WITH cte AS (SELECT DISTINCT hmcr.hmcrequestid, DATE_ADD(SECOND, -sr.secondsinprospect, sr.createdate) AS screeningstartdatetime, DATEDIFF(SECOND, hmcr.createdate, DATE_ADD(SECOND, -sr.secondsinprospect, sr.createdate)) AS firstscreeninglagseconds, CASE WHEN hmcr.affiliateid IN (?) THEN ? WHEN hmcr.affiliateid = ? THEN ? WHEN hmcr.affiliateid = ? THEN ? WHEN hmcr.affiliateid IN (?) THEN ? WHEN hmcr.affiliateid IN (?) THEN ? WHEN hmcr.url LIKE ? OR hmcr.url LIKE ? OR hmcr.url LIKE ? THEN ? WHEN hmcr.url LIKE ? OR hmcr.affiliateid = ? THEN ? WHEN hmcr.affiliateid IN (?) OR hmcr.url LIKE ? OR hmc ...","select `hmcrequestid`, `ScreeningStartDateTime`, `FirstScreeningLagSeconds`, `AdjChannel`, `requeststatusid`, `outcomeid`, `DJStep`, `DJ`, `ScreeningDateTime`, `postalcode`, `RequestDateTime`, `systimezone`, `Adjust_CreateDate`, `DuringOperatingHours`, `RequestHour`, `ScreeningHour`, `RequestHalfHou ..."
3687,"WITH cte AS (SELECT DISTINCT hmcr.hmcrequestid, hmcr.hmcprospectid, hmcr.url, hmcr.createdate, hmcr.formname, hmcr.affiliateid, rs.requeststatus, hmcp.gender, hmcr.requeststatusid, hmcp.age, CASE WHEN hmcp.hmcwhencareneededid = ? THEN ? WHEN hmcp.hmcwhencareneededid = ? THEN ? WHEN hmcp.hmcwhencareneededid = ? THEN ? WHEN hmcp.hmcwhencareneededid = ? THEN ? WHEN hmcp.hmcwhencareneededid = ? THEN ? WHEN hmcp.hmcwhencareneededid = ? THEN ? END AS whencareneeded, isvet, hmcp.besttimetocall, requirespublicassistance, disqualifier, hmcwhencareneededid, hmcp.relation, CASE WHEN hmcp.hoursperweekid = ...","select `hmcrequestid`, `hmcprospectid`, `url`, cast(`createdate` as DATE) as `C1`, `formname`, `affiliateid`, `requeststatus`, `gender`, `requeststatusid`, `age`, `WhenCareNeeded`, `isvet`, `besttimetocall`, `requirespublicassistance`, `disqualifier`, `hmcwhencareneededid`, `relation`, `HoursPerWeek ..."
3673,"SELECT campaignkey, campaignsource, campaignid, CASE WHEN campaignid = ? THEN ? WHEN campaignid = ? THEN ? WHEN campaignid = ? THEN ? WHEN campaignid = ? THEN ? WHEN campaignid = ? THEN ? WHEN campaignid = ? THEN ? WHEN campaignid = ? THEN ? WHEN campaignid = ? THEN ? WHEN campaignid = ? THEN ? WHEN campaignid = ? THEN ? WHEN campaignid = ? THEN ? WHEN campaignid = ? THEN ? WHEN campaignid = ? THEN ? WHEN campaignid = ? THEN ? WHEN campaignid = ? THEN ? WHEN campaignid = ? THEN ? WHEN campaignid = ? THEN ? WHEN campaignid = ? THEN ? WHEN campaignid = ? THEN ? WHEN campaignid = ? THEN ? WHEN ca ...","select * from ( SELECT CampaignKey ,CampaignSource ,CampaignID ,CASE WHEN CampaignID = '18462205636' THEN 'HighValueT3' WHEN CampaignID = '18462205639' THEN 'MidValueT3' WHEN CampaignID = '18462209188' THEN 'MidValueT4' WHEN CampaignID = '18462209191' THEN 'HighValueT4' WHEN CampaignID = '1893131533 ..."
3673,"WITH cte AS (SELECT DISTINCT hmcr.hmcrequestid, hmcr.hmcprospectid, CASE WHEN hmcr.customflow = ? THEN ? ELSE ? END AS flow, CASE WHEN hmcr.affiliateid = ? THEN ? WHEN hmcr.affiliateid IN (?) THEN ? WHEN hmcr.affiliateid = ? THEN ? WHEN hmcr.affiliateid = ? THEN ? WHEN hmcr.affiliateid IN (?) THEN ? WHEN hmcr.affiliateid IN (?) THEN ? WHEN hmcr.url LIKE ? OR hmcr.url LIKE ? OR hmcr.url LIKE ? THEN ? WHEN hmcr.url LIKE ? OR hmcr.affiliateid = ? THEN ? WHEN hmcr.affiliateid IN (?) OR hmcr.url LIKE ? OR hmcr.url LIKE ? THEN ? WHEN hmcr.affiliateid = ? THEN ? WHEN hmcr.url IS NULL AND hmcr.affilia ...","select `HMCRequestID`, `HMCProspectID`, `Flow`, `lastoutcomeid`, `affiliateID`, `Channel`, `IsDJ`, `DJStep`, `djstepid`, `DJType`, `Source`, `formname`, `TimeID`, `SiteSection`, `SEMForm`, `EmailType`, `RequestDateTime`, `RequestStatusID`, `Lead`, `LSTF`, `RL`, `CampaignID`, `CampaignName` from ( WI ..."
3503,"SELECT DISTINCT o.* FROM prod_homecare_actransactional_organization.org AS o RIGHT JOIN (SELECT DISTINCT p.*, CASE WHEN name LIKE ? THEN ? WHEN name LIKE ? THEN ? WHEN name LIKE ? THEN ? WHEN name LIKE ? THEN ? WHEN name LIKE ? THEN ? WHEN name LIKE ? THEN ? WHEN name LIKE ? THEN ? WHEN name LIKE ? THEN ? WHEN name LIKE ? THEN ? WHEN name LIKE ? THEN ? WHEN name LIKE ? THEN ? WHEN name LIKE ? THEN ? WHEN name LIKE ? THEN ? WHEN name LIKE ? THEN ? WHEN name LIKE ? THEN ? WHEN name LIKE ? THEN ? WHEN name LIKE ? THEN ? WHEN name LIKE ? THEN ? WHEN name LIKE ? THEN ? WHEN name LIKE ? THEN ? WHEN  ...","select * from ( SELECT DISTINCT o.* FROM prod_homecare_actransactional_organization.org o RIGHT JOIN (SELECT DISTINCT p.*, CASE WHEN Name LIKE '%123 Home Care%' THEN '123 Home Care' WHEN Name LIKE '%1Heart Caregiver Services%' THEN '1Heart Caregiver Services' WHEN Name LIKE '%2nd Family%' THEN '2nd  ..."
3431,"SELECT *, DATE_FORMAT(date, ?) AS monthyearcharge FROM prod_homecare_acreporting_reporting.dimdate WHERE date >= DATE_ADD(YEAR, -?, DATE_TRUNC('YEAR', CURRENT_TIMESTAMP())) AND date < DATE_ADD(YEAR, ?, DATE_TRUNC('YEAR', CURRENT_TIMESTAMP()))","select * from ( Select *, date_format(date,'MM-yyyy') MonthYearCharge from prod_homecare_acreporting_reporting.dimdate where date >= dateadd(Year,-1, date_trunc('Year', getdate())) and date < dateadd(year, 1, date_trunc('Year', getdate())) ) as `_` limit 0"
3350,"SELECT DISTINCT r.referralid, r.leadid, l.hmcprospectid, hmcr.hmcrequestid, l.externalidentifier AS ygl_lead_id, r.providerid, r.billingtypeid, referralstatustypeid, referredon, r.activatedon, CAST(r.activatedon AS DATE) AS activatedondate, CASE WHEN NOT r.activatedon IS NULL THEN ? ELSE ? END AS activations, CASE WHEN NOT hmcl.hottransferred IS NULL THEN ? ELSE ? END AS ht, CASE WHEN r.istopoff = ? THEN ? ELSE ? END AS topoffqueue, CASE WHEN r.addontypeid = ? THEN ? WHEN r.addontypeid = ? THEN ? WHEN r.addontypeid = ? THEN ? ELSE NULL END AS addontype, CASE WHEN r.addontypeid IN (?) THEN ? EL ...","select `ReferralID`, `LeadID`, `HMCProspectID`, `HMCRequestID`, `YGL_Lead_ID`, `ProviderID`, `BillingTypeID`, `ReferralStatusTypeID`, `ReferredOn`, `activatedon`, `ActivatedOnDate`, `Activations`, `HT`, `TopOffQueue`, `AddOnType`, `AddOn`, `CreatedOn`, `ReturnApproved`, `HMCLeadID`, `OrderID`, `digi ..."
3049,"SELECT r.referralid, r.leadid, l.hmcprospectid, hmcr.hmcrequestid, l.externalidentifier AS ygl_lead_id, r.providerid, r.billingtypeid, referralstatustypeid, referredon, r.orderid, log.deliverystatustypeid, dst.name AS deliverystatus FROM prod_homecare_actransactional_homecare.referral AS r LEFT JOIN prod_homecare_actransactional_homecare.lead AS l ON r.leadid = l.leadid LEFT JOIN prod_homecare_actransactional_organization.provider AS p ON p.providerid = r.providerid LEFT JOIN prod_homecare_insite_directory.hmclead AS hmcl ON hmcl.hmcleadid = r.hmcleadid LEFT JOIN prod_homecare_insite_directory ...","select `ReferralID`, `LeadID`, `HMCProspectID`, `HMCRequestID`, `YGL_Lead_ID`, `ProviderID`, `BillingTypeID`, `ReferralStatusTypeID`, cast(`ReferredOn` as DATE) as `C1`, `orderid`, `DeliveryStatusTypeID`, `DeliveryStatus` from ( Select r.ReferralID ,r.LeadID ,l.HMCProspectID ,hmcr.HMCRequestID ,l.Ex ..."
2962,"WITH cte AS (SELECT DISTINCT hmcr.hmcrequestid, hmcr.requeststatusid, TRIM(hmcr.postalcode) AS postalcode, msa_name, CAST(hmcr.createdate AS DATE) AS createdate, CASE WHEN hmcr.affiliateid = ? THEN ? WHEN hmcr.affiliateid IN (?) THEN ? WHEN hmcr.affiliateid = ? THEN ? WHEN hmcr.affiliateid = ? THEN ? WHEN hmcr.affiliateid IN (?) THEN ? WHEN hmcr.affiliateid IN (?) THEN ? WHEN hmcr.url LIKE ? OR hmcr.url LIKE ? OR hmcr.url LIKE ? THEN ? WHEN hmcr.url LIKE ? OR hmcr.affiliateid = ? THEN ? WHEN hmcr.affiliateid IN (?) OR hmcr.url LIKE ? OR hmcr.url LIKE ? THEN ? WHEN hmcr.affiliateid = ? THEN ? W ...","select * from ( WITH CTE AS ( Select distinct hmcr.hmcrequestid ,hmcr.requeststatusid ,trim(hmcr.postalcode) postalcode ,msa_name ,cast(hmcr.createdate as date) createdate ,CASE WHEN hmcr.affiliateid = 72 THEN 'APFM' WHEN hmcr.affiliateID IN (98,100,101,102,103,104,105,109,110,123,124,125,126,127,12 ..."
2960,"WITH cte AS (SELECT cph.*, o.createdon AS ordercreatedate, CASE WHEN o.costperlead = ? THEN ? ELSE o.costperlead END AS costperlead, ROW_NUMBER() OVER (PARTITION BY providerid ORDER BY cph.orderid) AS rn FROM prod_homecare_acreporting_reporting.cartproviderhistory AS cph LEFT JOIN prod_homecare_actransactional_ordermanagement.order AS o ON o.orderid = cph.orderid WHERE date = CAST(CURRENT_TIMESTAMP() AS DATE) AND contracttype = ? AND (orderstatus IN (?) OR orderstatusreason = ?)) SELECT * FROM cte WHERE rn = ?","select * from ( WITH CTE AS( SELECT cph.* ,o.CreatedOn AS OrderCreateDate ,CASE WHEN o.CostPerLead = .1 THEN 34 ELSE o.CostPerLead END AS CostPerLead ,ROW_NUMBER() OVER (Partition BY ProviderID ORDER BY cph.OrderID) as rn FROM prod_homecare_acreporting_reporting.cartproviderhistory cph LEFT JOIN pro ..."
2957,"SELECT providerservicecoverageid, providerid, postalcode, postalcodeid, deleted, modifiedon, modifiedby, createdon, createdby FROM prod_homecare_actransactional_organization.providerservicecoverage WHERE deleted = ?","select * from ( SELECT ProviderServiceCoverageID ,ProviderID ,PostalCode ,PostalCodeID ,Deleted ,ModifiedOn ,ModifiedBy ,CreatedOn ,CreatedBy FROM prod_homecare_actransactional_organization.providerservicecoverage WHERE Deleted = 0 ) as `_` limit 0"
2955,"WITH cte AS (SELECT p.hmcprospectid, p.emailaddress, hmcl.hmcleadid, hottransferred, l.leadid, l.leadinfoid, hmcl.createdate AS referraldate, hmcl.companyid, ci.providerid, ci.accountid, ci.companyname, stat.createdate AS activationdate, ROW_NUMBER() OVER (PARTITION BY p.hmcprospectid ORDER BY ci.companyname ASC) AS rn FROM prod_homecare_insite_directory.hmcprospect AS p JOIN prod_homecare_insite_directory.hmclead AS hmcl ON p.hmcprospectid = hmcl.hmcprospectid AND hmcl.createdate > ? LEFT JOIN prod_homecare_insite_directory.companyinfo AS ci ON hmcl.companyid = ci.companyid LEFT JOIN prod_hom ...","select `HMCProspectID`, cast(`ReferralDate` as DATE) as `C1`, `NumProv`, `ActDate`, `HMCLeadID`, `ReferralID`, cast(`ReturnApproved` as BIGINT) as `C2`, `BillingTypeID`, `HotTransferred`, `companyname`, `ProviderID`, `ProvActivation`, `MinActivationDate`, `HTAny`, `ActivatedAny`, case when `HotTrans ..."
2951,"WITH cte AS (SELECT hmcr.hmcprospectid, hmcr.hmcrequestid, CASE WHEN hmcr.requeststatusid = ? THEN hmcr.hmcrequestid ELSE NULL END AS rl, CASE WHEN hmcr.requeststatusid <> ? THEN hmcr.hmcrequestid ELSE NULL END AS lstf, hmcr.createdate, hmcr.affiliateid, hmcr.url, CASE WHEN hmcr.affiliateid = ? THEN ? WHEN hmcr.affiliateid IN (?) THEN ? WHEN hmcr.affiliateid = ? THEN ? WHEN hmcr.affiliateid = ? THEN ? WHEN hmcr.affiliateid IN (?) THEN ? WHEN hmcr.affiliateid IN (?) THEN ? WHEN hmcr.url LIKE ? OR hmcr.url LIKE ? OR hmcr.url LIKE ? THEN ? WHEN hmcr.url LIKE ? OR hmcr.affiliateid = ? THEN ? WHEN  ...","select `Leads`, `Rls`, `LSTFs`, `CreateDate`, `Referrals`, `postalcode`, `City`, `State`, `AdjChannel`, `returnapproved` from ( WITH CTE1 AS ( WITH CTE AS ( Select hmcr.hmcprospectid ,hmcr.hmcrequestid ,CASE WHEN hmcr.requeststatusid = 2 then hmcr.hmcrequestid else null END Rl ,CASE WHEN hmcr.reques ..."
2950,"SELECT psc.postalcode, COUNT(DISTINCT cph.providerid) AS cpl_providers FROM prod_homecare_acreporting_reporting.cartproviderhistory AS cph LEFT JOIN prod_homecare_actransactional_organization.providerservicecoverage AS psc ON psc.providerid = cph.providerid WHERE date = CAST(CURRENT_TIMESTAMP() AS DATE) AND contracttype = ? AND (orderstatus IN (?) OR orderstatusreason = ?) GROUP BY psc.postalcode","select * from ( SELECT psc.PostalCode, COUNT(DISTINCT cph.ProviderID) AS CPL_Providers FROM prod_homecare_acreporting_reporting.cartproviderhistory cph LEFT JOIN prod_homecare_actransactional_organization.providerservicecoverage psc ON psc.ProviderID = cph.ProviderID WHERE Date = date(getdate()) AND ..."
2948,SELECT * FROM prod_homecare_actransactional_geo.stateprovince,"select `stateprovinceid`, `countryid`, `createdby`, `modifiedon`, `iso2code`, `createdon`, `modifiedby`, `name`, `_fivetran_deleted`, `_fivetran_synced` from ( SELECT * FROM prod_homecare_actransactional_geo.stateprovince ) as `_`"
2946,"SELECT countyid, county.name AS county_name, CONCAT(county.name, ?, st.iso2code) AS county_state, county.stateprovinceid, county.createdon, county.createdby, county.modifiedon, county.modifiedby FROM prod_homecare_actransactional_geo.county AS county LEFT JOIN prod_homecare_actransactional_geo.stateprovince AS st ON county.stateprovinceid = st.stateprovinceid WHERE countyid <> -?","select `CountyID`, `County_Name`, `County_State`, `StateProvinceID`, `CreatedOn`, `CreatedBy`, `ModifiedOn`, `ModifiedBy` from ( SELECT CountyID ,county.Name AS County_Name ,CONCAT(county.Name,' County, ',st.Iso2Code) AS County_State ,county.StateProvinceID ,county.CreatedOn ,county.CreatedBy ,count ..."
2945,"SELECT code, latitude, longitude, stateprovinceid FROM prod_homecare_actransactional_geo.postalcode_01072025 WHERE countyid <> -?","select `Code`, `Latitude`, `Longitude`, `StateProvinceID` from ( SELECT Code ,Latitude ,Longitude ,StateProvinceID FROM prod_homecare_actransactional_geo.postalcode_01072025 WHERE CountyID <> -1 ) as `_`"
2944,"SELECT postalcodeid, code, countryid, stateprovinceid, countyid, cityid, latitude, longitude, modifiedon, modifiedby, createdon, createdby FROM prod_homecare_actransactional_geo.postalcode_01072025 WHERE countyid <> -?","select * from ( SELECT PostalCodeID ,Code ,CountryID ,StateProvinceID ,CountyID ,CityID ,Latitude ,Longitude ,ModifiedOn ,ModifiedBy ,CreatedOn ,CreatedBy FROM prod_homecare_actransactional_geo.postalcode_01072025 WHERE CountyID <> -1 ) as `_` limit 0"
2942,"SELECT cityid, c.name AS city, CONCAT(c.name, ?, st.iso2code) AS city_state, c.stateprovinceid, c.modifiedon, c.modifiedby, c.createdon, c.createdby FROM prod_homecare_actransactional_geo.city AS c LEFT JOIN prod_homecare_actransactional_geo.stateprovince AS st ON c.stateprovinceid = st.stateprovinceid","select `CityID`, `City`, `City_State`, `StateProvinceID`, `ModifiedOn`, `ModifiedBy`, `CreatedOn`, `CreatedBy` from ( SELECT CityID ,c.Name AS City ,CONCAT(c.Name,', ',st.Iso2Code) AS City_State ,c.StateProvinceID ,c.ModifiedOn ,c.ModifiedBy ,c.CreatedOn ,c.CreatedBy FROM prod_homecare_actransaction ..."
2802,"WITH cte AS (SELECT callid, SUM(CASE WHEN calltype = ? THEN ? ELSE ? END) AS transfers_attempted FROM prod_homecare_acreporting_import.five9dailycalllogs GROUP BY callid ORDER BY callid), cte1 AS (SELECT f9.callid, timestamp, DATE_FORMAT(timestamp, ?) AS hours, DATE_FORMAT(timestamp, ?) AS minute, (hours * ?) + minute, agent, agentname, calltype, disposition, dispositionpath, calltime, talktime, dnis, handletime, consulttime, totalqueuetime, manualtime, dialtime, agentgroup, aftercallworktime, holdtime, ringtime, CASE WHEN calltype IN (?) THEN ? WHEN campaign IN (?) THEN ? ELSE ? END AS call_d ...","select * from ( WITH CTE AS ( SELECT CallId,SUM(CASE WHEN CallType = '3rd party conference' THEN 1 ELSE 0 END) AS Transfers_Attempted FROM prod_homecare_acreporting_import.five9dailycalllogs GROUP BY CallId ORDER BY CallId), CTE1 AS ( SELECT f9.CallId ,Timestamp ,date_format(Timestamp, 'HH') hours , ..."
2735,"WITH cte AS (SELECT DISTINCT hmcr.hmcrequestid, hmcr.hmcprospectid, hmcr.affiliateinquiryid, apfm.lt_form_submit_channel, CASE WHEN hmcr.customflow = ? THEN ? ELSE ? END AS flow, CASE WHEN hmcr.affiliateid = ? THEN ? WHEN hmcr.affiliateid = ? THEN ? WHEN hmcr.affiliateid IN (?) THEN ? WHEN hmcr.affiliateid = ? THEN ? WHEN hmcr.affiliateid = ? THEN ? WHEN hmcr.affiliateid IN (?) THEN ? WHEN hmcr.affiliateid IN (?) THEN ? WHEN hmcr.url LIKE ? OR hmcr.url LIKE ? OR hmcr.url LIKE ? THEN ? WHEN hmcr.url LIKE ? OR hmcr.affiliateid = ? THEN ? WHEN hmcr.affiliateid IN (?) OR hmcr.url LIKE ? OR hmcr.ur ...","select `HMCRequestID`, `HMCProspectID`, `Flow`, `lastoutcomeid`, `affiliateID`, `Channel`, `IsDJ`, `DJStep`, `djstepid`, `DJType`, `Source`, `formname`, `TimeID`, `SiteSection`, `SEMForm`, `EmailType`, `RequestDateTime`, `RequestStatusID`, `Lead`, `LSTF`, `RL`, `CampaignID`, `CampaignName` from ( WI ..."
2430,"WITH cte AS (SELECT DISTINCT hmcr.*, CASE WHEN hmcr.affiliateid = ? THEN ? WHEN hmcr.affiliateid IN (?) THEN ? WHEN hmcr.affiliateid = ? THEN ? WHEN hmcr.affiliateid = ? THEN ? WHEN hmcr.affiliateid IN (?) THEN ? WHEN hmcr.affiliateid IN (?) THEN ? WHEN hmcr.url LIKE ? OR hmcr.url LIKE ? OR hmcr.url LIKE ? THEN ? WHEN hmcr.url LIKE ? OR hmcr.affiliateid = ? THEN ? WHEN hmcr.affiliateid IN (?) OR hmcr.url LIKE ? OR hmcr.url LIKE ? THEN ? WHEN hmcr.affiliateid = ? THEN ? WHEN hmcr.url IS NULL AND hmcr.affiliateid IN (?) THEN ? ELSE ? END AS adjchannel, CASE WHEN tz.timezoneid = ? THEN CONVERT_TI ...","select `hmcrequestid`, `firstname`, `gender`, `leadtype`, `formname`, cast(`createdate` as DATE) as `C1`, `sessionid`, `requeststatusid`, `affiliateid`, `affiliateinquiryid`, `relation`, `userkey`, `culturallanguageaccommodations`, `campaigngroup`, `modifydate`, `djstepid`, `processleadqueue`, `sfre ..."
2428,"WITH cte AS (SELECT DISTINCT hmcr.*, CASE WHEN hmcr.affiliateid = ? THEN ? WHEN hmcr.affiliateid IN (?) THEN ? WHEN hmcr.affiliateid = ? THEN ? WHEN hmcr.affiliateid = ? THEN ? WHEN hmcr.affiliateid IN (?) THEN ? WHEN hmcr.affiliateid IN (?) THEN ? WHEN hmcr.url LIKE ? OR hmcr.url LIKE ? OR hmcr.url LIKE ? THEN ? WHEN hmcr.url LIKE ? OR hmcr.affiliateid = ? THEN ? WHEN hmcr.affiliateid IN (?) OR hmcr.url LIKE ? OR hmcr.url LIKE ? THEN ? WHEN hmcr.affiliateid = ? THEN ? WHEN hmcr.url IS NULL AND hmcr.affiliateid IN (?) THEN ? ELSE ? END AS adjchannel, CASE WHEN tz.timezoneid = ? THEN CONVERT_TI ...","select * from ( WITH CTE AS (Select DISTINCT hmcr.* ,CASE WHEN hmcr.affiliateid = 72 THEN 'APFM' WHEN hmcr.affiliateID IN (98,100,101,102,103,104,105,109,110,123,124,125,126,127,128,129,130,131,132) THEN 'SEM' WHEN hmcr.affiliateID = 87 THEN 'SEO' WHEN hmcr.affiliateID = 92 THEN 'SEO' WHEN hmcr.affi ..."
2392,"WITH cte AS (SELECT DISTINCT hmcl.hmcrequestid, hottransferresultid, (CASE WHEN htrs.name LIKE ? THEN ? WHEN htrs.name LIKE ? THEN ? ELSE ? END) AS failed, (CASE WHEN htrs.name LIKE ? THEN ? ELSE ? END) AS accepted FROM prod_homecare_actransactional_homecare.hottransferresult AS htr LEFT JOIN prod_homecare_actransactional_homecare.referral AS r ON r.leadid = htr.leadid LEFT JOIN prod_homecare_insite_directory.hmclead AS hmcl ON hmcl.hmcleadid = r.hmcleadid LEFT JOIN prod_homecare_actransactional_homecare.hottransferresponse AS htrs ON htrs.hottransferresponseid = htr.hottransferresponseid WHER ...","select `hmcrequestid`, `HtAttempt`, `HtAcceptance`, cast(`HtAttempt` as DOUBLE) + cast(`HtAcceptance` as DOUBLE) as `C1` from ( WITH CTE AS ( SELECT distinct hmcl.HMCRequestID ,HotTransferResultID ,(CASE WHEN htrs.name like '%Failed%' then 1 when htrs.name like '%Denied%' then 1 else 0 End) Failed , ..."
2319,"SELECT hcrt.hmcleadid, hcrt.requestid, screeningresultid, leadsentdateid, hcrt.accountid, hmcl.companyid, CASE WHEN NOT hmcl.hottransferred IS NULL THEN ? ELSE ? END AS hottransferred, leadsent, leadreturned, CASE WHEN hcrt.accountid = ? THEN ? WHEN NOT cplo.cpl IS NULL THEN cplo.cpl ELSE lld.transactionamount END AS referralrevenue, YEAR(modifiedon) * ? + MONTH(modifiedon) * ? + DAY(modifiedon) AS modifieddateid FROM prod_homecare_acreporting_reporting.facthomecarereferraltransaction AS hcrt LEFT JOIN prod_homecare_insite_directory.hmclead AS hmcl ON hcrt.hmcleadid = hmcl.hmcleadid LEFT JOIN  ...","select * from ( SELECT hcrt.HMCLeadID ,hcrt.RequestID ,ScreeningResultID ,LeadSentDateID ,hcrt.AccountID ,hmcl.CompanyID ,CASE WHEN hmcl.HotTransferred IS NOT NULL THEN 1 ELSE 0 END as HotTransferred ,LeadSent ,LeadReturned ,CASE WHEN hcrt.AccountID = 10435 then 18 WHEN cplo.CPL IS NOT NULL THEN cpl ..."
2270,SELECT * FROM prod_homecare_actransactional_homecare.billingperiod,"select `billingperiodid`, `startdate`, `invoicedon`, `createdby`, `modifiedon`, `billingperiodstatustypeid`, `createdon`, `duedate`, `modifiedby`, `enddate`, `name`, `_fivetran_deleted`, `_fivetran_synced` from ( Select * FROM prod_homecare_actransactional_homecare.billingperiod ) as `_`"
2217,"SELECT referralid, leadid, providerid, billingtypeid, referralstatustypeid, referredon, activatedon, startedcareon, endedcareon, returnapproved, hmcleadid, orderid, hmcleadidupdateby, referraldisplaystatustypeid FROM prod_homecare_actransactional_homecare.referral","select `ReferralID`, `LeadID`, `ProviderID`, `BillingTypeID`, `ReferralStatusTypeID`, `ReferredOn`, `ActivatedOn`, `StartedCareOn`, `EndedCareOn`, `ReturnApproved`, `HMCLeadID`, `OrderID`, `HMCLeadIDUpdateBy`, `ReferralDisplayStatusTypeID` from ( SELECT ReferralID ,LeadID ,ProviderID ,BillingTypeID  ..."
2216,"SELECT referralbillingid, referralid, providerid, amount, rate, amount * rate / ? AS revshare, rb.billingperiodid, reportedon, rb.invoicedon, rb.createdon, rb.createdby, bp.billingperiodid AS actbillingperiodid, CASE WHEN bp.billingperiodid <> rb.billingperiodid THEN ? ELSE ? END AS paid_on_time FROM prod_homecare_actransactional_homecare.referralbilling AS rb LEFT JOIN prod_homecare_actransactional_homecare.billingperiod AS bp ON (rb.invoicedon IS NULL AND bp.billingperiodstatustypeid = ? AND rb.reportedon >= DATE_ADD(TRUNC(ADD_MONTHS(CURRENT_DATE, -?), ?), ?)) OR (rb.invoicedon = bp.invoiced ...","select * from ( SELECT ReferralBillingID ,ReferralID ,ProviderID ,Amount ,Rate ,Amount * Rate/100 as RevShare ,rb.BillingPeriodID ,ReportedOn ,rb.InvoicedOn ,rb.CreatedOn ,rb.CreatedBy ,bp.BillingPeriodID AS ActBillingPeriodID ,CASE WHEN bp.BillingPeriodID <> rb.BillingPeriodID THEN 0 ELSE 1 END AS  ..."
1991,"WITH cte AS (SELECT DISTINCT o.accountid, a.name AS accountname, hcamacc.hcam AS hcams, o.orderid, o.orderstatusreasontypeid, o.orderstatustypeid, ot.name AS oorderstatus, ost.name AS orderstatusreason, o.createdon AS ordercreatedate, prepaidautorenew FROM prod_homecare_actransactional_ordermanagement.order AS o LEFT JOIN prod_homecare_actransactional_billing.account AS a ON a.accountid = o.accountid LEFT JOIN prod_homecare_actransactional_ordermanagement.orderstatusreasontype AS ost ON ost.orderstatusreasontypeid = o.orderstatusreasontypeid LEFT JOIN prod_homecare_actransactional_ordermanagem ...","select * from ( WITH CTE1 AS ( WITH CTE AS ( SELECT DISTINCT o.AccountID ,a.Name AS AccountName ,hcamacc.HCAM HCAMs ,o.orderid ,o.orderstatusreasontypeid ,o.orderstatustypeid ,ot.NAme OOrderStatus ,ost.Name OrderStatusReason ,o.createdon OrderCreateDate ,prepaidautorenew FROM prod_homecare_actransac ..."
1987,"WITH cte AS (SELECT paymentid, p.amount, accountid, resultmessage, createdon, ROW_NUMBER() OVER (PARTITION BY accountid ORDER BY p.paymentid DESC) AS rn FROM prod_homecare_actransactional_billing.payment AS p WHERE paymentstatustypeid = ?), cte1 AS (SELECT cte.accountid, cte.amount, stmt.balance, cte.createdon FROM cte LEFT JOIN (SELECT accountid, createdon, balance, ROW_NUMBER() OVER (PARTITION BY accountid ORDER BY createdon DESC) AS rn FROM prod_homecare_actransactional_billing.statement) AS stmt ON stmt.accountid = cte.accountid AND stmt.rn = ? WHERE cte.rn = ?) SELECT accountid, amount, b ...","select `AccountID`, `Amount`, `Balance`, cast(`createdon` as DATE) as `C1` from ( WITH CTE1 AS ( WITH CTE AS ( Select paymentid ,p.amount ,accountid ,resultmessage ,createdon ,ROW_NUMBER() OVER (PARTITION BY accountid ORDER BY p.paymentid desc) rn FROM prod_homecare_actransactional_billing.payment p ..."
1987,"WITH cte AS (SELECT p.hmcprospectid, p.emailaddress, hmcl.hmcleadid, hottransferred, l.leadid, l.leadinfoid, hmcl.createdate AS referraldate, hmcl.companyid, ci.providerid, ci.accountid, ci.companyname, stat.createdate AS activationdate, ROW_NUMBER() OVER (PARTITION BY p.hmcprospectid ORDER BY ci.companyname ASC) AS rn FROM prod_homecare_insite_directory.hmcprospect AS p JOIN prod_homecare_insite_directory.hmclead AS hmcl ON p.hmcprospectid = hmcl.hmcprospectid AND hmcl.createdate > ? LEFT JOIN prod_homecare_insite_directory.companyinfo AS ci ON hmcl.companyid = ci.companyid LEFT JOIN prod_hom ...","select `HMCProspectID`, cast(`ReferralDate` as DATE) as `C1`, `NumProv`, `ActDate`, `HMCLeadID`, `ReferralID`, cast(`ReturnApproved` as BIGINT) as `C2`, `BillingTypeID`, `HotTransferred`, `companyname`, `ProviderID`, `ProvActivation`, `MinActivationDate`, `HTAny`, `ActivatedAny` from ( WITH CTE1 AS( ..."
1981,"SELECT oc.accountid, oc.createdon, oc.amount, oc.otherchargetypeid FROM prod_homecare_actransactional_billing.othercharge AS oc WHERE oc.otherchargetypeid = ?","select `accountid`, `createdon`, `amount`, `otherchargetypeid` from ( Select oc.accountid ,oc.createdon ,oc.amount ,oc.otherchargetypeid FROM prod_homecare_actransactional_billing.othercharge oc where oc.otherchargetypeid = 2 ) as `_` limit 1000"
1978,SELECT * FROM prod_homecare_acreporting_reporting.dimdate WHERE year > ?,"select `dateid`, `quarter`, `dayofweek`, `weekenddate`, `dayofmonth`, `monthyearid`, `date`, `month`, `year`, `weekstartdate`, `dayofyear`, `weekdayname`, `monthname`, `_fivetran_deleted`, `_fivetran_synced`, { fn concat({ fn concat(`monthname`, ' ') }, cast(`year` as STRING)) } as `C1` from ( SELEC ..."
1975,"SELECT DISTINCT o.* FROM prod_homecare_actransactional_organization.org AS o RIGHT JOIN (SELECT DISTINCT p.*, CASE WHEN LOWER(name) LIKE ? THEN ? WHEN LOWER(name) LIKE ? THEN ? WHEN LOWER(name) LIKE ? THEN ? WHEN LOWER(name) LIKE ? THEN ? WHEN LOWER(name) LIKE ? THEN ? WHEN LOWER(name) LIKE ? THEN ? WHEN LOWER(name) LIKE ? THEN ? WHEN LOWER(name) LIKE ? THEN ? WHEN LOWER(name) LIKE ? THEN ? WHEN LOWER(name) LIKE ? THEN ? WHEN LOWER(name) LIKE ? THEN ? WHEN LOWER(name) LIKE ? THEN ? WHEN LOWER(name) LIKE ? THEN ? WHEN LOWER(name) LIKE ? THEN ? WHEN LOWER(name) LIKE ? THEN ? WHEN LOWER(name) LIK ...","select `orgid`, `createdby`, `modifiedon`, `externalidentifier`, `createdon`, `deleted`, `modifiedby`, `name`, `_fivetran_deleted`, `_fivetran_synced` from ( SELECT DISTINCT o.* FROM prod_homecare_actransactional_organization.org o RIGHT JOIN (SELECT DISTINCT p.*, CASE WHEN lower(name) LIKE '%123 ho ..."
1975,SELECT * FROM prod_homecare_actransactional_homecare.hottransferresponse,select * from ( Select * FROM prod_homecare_actransactional_homecare.hottransferresponse ) as `_` limit 0
1829,"SELECT DISTINCT req.hmcrequestid, referralid, CASE WHEN returnapproved = TRUE THEN ? ELSE ? END AS return, CAST(modifiedon AS DATE) AS modifiedon, CAST(req.createdate AS DATE) AS createdate, ref.createdon FROM prod_homecare_actransactional_homecare.referral AS ref LEFT JOIN prod_homecare_insite_directory.hmclead AS l ON l.hmcleadid = ref.hmcleadid LEFT JOIN prod_homecare_insite_directory.hmcrequest AS req ON l.hmcrequestid = req.hmcrequestid WHERE (billingtypeid = ? AND NOT ref.hmcleadid IS NULL) AND ref.createdon > ?","select * from ( SELECT DISTINCT req.HMCRequestID ,ReferralID --,ReferralStatusTypeID --,Returnapproved ,case when returnapproved = true then 1 else 0 end return ,CAST(ModifiedOn as date) ModifiedOn ,cast(req.createdate as date) createdate ,ref.CreatedOn -- ,ref.HMCLeadID -- ,OrderID FROM prod_homeca ..."
1825,"SELECT DISTINCT referralid, req.hmcrequestid, CAST(activatedon AS DATE) AS activatedon, CAST(req.createdate AS DATE) AS createdate, CAST(ref.referredon AS DATE) AS referredon FROM prod_homecare_actransactional_homecare.referral AS ref JOIN prod_homecare_insite_directory.hmclead AS l ON l.hmcleadid = ref.hmcleadid JOIN prod_homecare_insite_directory.hmcrequest AS req ON l.hmcrequestid = req.hmcrequestid WHERE NOT activatedon IS NULL AND ref.createdon > ?","select `ReferralID`, `HMCRequestID`, `ActivatedOn`, `createdate`, `ReferredOn` from ( SELECT DISTINCT ReferralID ,req.HMCRequestID ,cast(ActivatedOn as date) ActivatedOn ,cast(req.createdate as date) createdate ,CAST(ref.ReferredOn as date) ReferredOn FROM prod_homecare_actransactional_homecare.refe ..."
1804,"WITH cte AS (SELECT detaildate, state, time, agentfirstname, agent, agentlastname, DATE_FORMAT(time, ?) AS hours, DATE_FORMAT(time, ?) AS minute, ROW_NUMBER() OVER (PARTITION BY detaildate, agentfirstname ORDER BY time) AS rn, (hours * ?) + minute AS timeid, CASE WHEN agent = ? THEN ? WHEN agent = ? THEN ? ELSE LOWER(CONCAT(LEFT(agent, LOCATE(?, agent) - ?), SUBSTRING(agent, LOCATE(?, agent) + ?, ?))) END AS name_join FROM prod_homecare_acreporting_import.five9dailyagentstatedetails WHERE time <> ? AND time <> ? AND state = ? AND agentstatetime <> ? AND agentgroup = ?), cte1 AS (SELECT * FROM  ...","select `callid`, `First_LogIn`, `agent`, `Date`, `hours`, `minute`, `TimeID`, `detaildate`, `name_join` from ( WITH CTE1 AS ( WITH CTE AS( SELECT Detaildate ,State ,Time ,agentfirstname ,agent ,agentlastname ,date_format(Time, 'HH') hours ,date_format(Time, 'mm') minute ,ROW_NUMBER() OVER (PARTITION ..."
1746,"SELECT hottransferresponseid, createdby, hottransferresponsetypeid, createdon, name, _fivetran_deleted, _fivetran_synced FROM main.prod_homecare_actransactional_homecare.hottransferresponse","select `hottransferresponseid`, `createdby`, `hottransferresponsetypeid`, `createdon`, `name`, `_fivetran_deleted`, `_fivetran_synced` from `main`.`prod_homecare_actransactional_homecare`.`hottransferresponse`"
1726,"SELECT rn.*, rps.name FROM prod_homecare_actransactional_homecare.referralnote AS rn JOIN prod_homecare_actransactional_homecare.referralprocessstage AS rps ON rps.referralprocessstageid = rn.referralprocessstageid","select `referralnoteid`, `createdby`, `referralprocessstageid`, `referralid`, `createdon`, `hidenotes`, `notes`, `_fivetran_deleted`, `_fivetran_synced`, `name`, case when `referralprocessstageid` = 11 and `referralprocessstageid` is not null then `createdon` else null end as `C1`, case when `referr ..."
1724,"SELECT ref.referralid, ref.referredon, ref.providerid, returnapproved, ref.modifiedon, rn.createdon AS returnapproveddate, referralprocessstageid FROM prod_homecare_actransactional_homecare.referral AS ref LEFT JOIN prod_homecare_actransactional_homecare.referralnote AS rn ON rn.referralid = ref.referralid WHERE referralprocessstageid = ? AND ref.referredon >= ? AND NOT ref.hmcleadid IS NULL AND ref.billingtypeid = ?","select * from ( Select ref.referralid ,ref.referredon ,ref.providerid ,returnapproved ,ref.modifiedon ,rn.createdon ReturnApprovedDate ,referralprocessstageid FROM prod_homecare_actransactional_homecare.referral ref LEFT JOIN prod_homecare_actransactional_homecare.referralnote rn on rn.referralid =  ..."
1723,"SELECT rh.*, CASE WHEN returnapproved = TRUE THEN ? ELSE ? END AS returnapproved1 FROM prod_homecare_actransactional_homecare.referral AS rh WHERE rh.createdon >= ? AND NOT hmcleadid IS NULL","select `referralid`, `referralactivationsourceid`, `modifiedon`, `hmcleadidupdateby`, `referraldisplaystatustypeid`, `referralendcarereasontypeid`, `orderid`, `referralstatustypeid`, `modifiedby`, `advisorstartedcareon`, `istopoff`, `sysstarttime`, `billingtypeid`, `sfrecordid`, `digitaljourney`, `c ..."
1721,"WITH cte AS (SELECT ref.referralid, ref.referredon, ref.providerid, returnapproved, ref.modifiedon, rn.createdon AS returnapproveddate, CASE WHEN DATEDIFF(DAY, ref.referredon, rn.createdon) <= ? THEN DATEDIFF(DAY, ref.referredon, rn.createdon) ELSE DATEDIFF(MONTH, ref.referredon, rn.createdon) END AS timetoreturns, CASE WHEN DATEDIFF(DAY, ref.referredon, rn.createdon) = ? THEN ? WHEN DATEDIFF(DAY, ref.referredon, rn.createdon) <= ? THEN ? WHEN (DATEDIFF(MONTH, ref.referredon, rn.createdon) = ? AND DATEDIFF(DAY, ref.referredon, rn.createdon) > ?) THEN ? ELSE ? END AS returntimeframe, DATEDIFF(D ...","select * from ( WITH CTE AS ( Select ref.referralid ,ref.referredon ,ref.providerid ,returnapproved ,ref.modifiedon ,rn.createdon ReturnApprovedDate ,CASE WHEN date_diff(day,ref.referredon, rn.createdon) <= 31 then date_diff(day,ref.referredon, rn.createdon) ELSE date_diff(month,ref.referredon, rn.c ..."
1718,"SELECT p.providerid, CASE WHEN p.providerorganizationid IS NULL THEN ? ELSE ? END AS orgtype, po.name FROM prod_homecare_actransactional_organization.provider AS p LEFT JOIN prod_homecare_actransactional_organization.providerorganization AS po ON po.providerorganizationid = p.providerorganizationid","select `providerid`, `OrgType`, `name` from ( Select p.providerid ,CASE WHEN p.providerorganizationid is null then 'Indpendent' else ""Franchise"" END OrgType ,po.name FROM prod_homecare_actransactional_organization.provider p Left Join prod_homecare_actransactional_organization.providerorganization p ..."
1588,"WITH cte AS (SELECT DISTINCT o.owner_id, a.hmc_cart_provider_id_c AS providerid, a.id AS sf_accountid FROM main.community_salesforce.opportunity AS o LEFT JOIN main.community_salesforce.account AS a ON a.id = o.account_id WHERE o.is_won = TRUE AND o.close_date >= ?), cte1 AS (SELECT cte.providerid, cph.orderid, cte.sf_accountid, owner_id, MIN(cph.date) AS firstactivedate FROM cte JOIN main.prod_homecare_acreporting_reporting.cartproviderhistory AS cph ON cph.providerid = cte.providerid WHERE cph.contracttype = ? AND (cph.orderstatus IN (?) OR cph.orderstatusreason = ?) GROUP BY ?, ?, ?, ?), ct ...","select * from ( WITH CTE1 AS( WITH CTE AS( Select distinct o.owner_id ,a.hmc_cart_provider_id_c ProviderID ,a.id SF_AccountID FROM main.community_salesforce.opportunity o LEFT JOIN main.community_salesforce.account a on a.id = o.account_id WHERE o.is_won = true and o.close_date >= '2026-01-01' ) Sel ..."
1583,"WITH cte AS (SELECT DISTINCT o.owner_id, a.hmc_cart_provider_id_c AS providerid, a.id AS sf_accountid FROM main.community_salesforce.opportunity AS o LEFT JOIN main.community_salesforce.account AS a ON a.id = o.account_id WHERE o.is_won = TRUE AND o.close_date >= ?), cte1 AS (SELECT cte.providerid, cph.orderid, cte.sf_accountid, owner_id, MIN(cph.date) AS firstactivedate FROM cte JOIN main.prod_homecare_acreporting_reporting.cartproviderhistory AS cph ON cph.providerid = cte.providerid WHERE cph.contracttype = ? AND (cph.orderstatus IN (?) OR cph.orderstatusreason = ?) GROUP BY ?, ?, ?, ?), ct ...","select `ProviderID`, `OrderID`, `ProviderOrder`, `SF_AccountID`, `Owner_ID`, `FirstActiveDate`, `InviteSent`, `type` from ( WITH CTE1 AS( WITH CTE AS( Select distinct o.owner_id ,a.hmc_cart_provider_id_c ProviderID ,a.id SF_AccountID FROM main.community_salesforce.opportunity o LEFT JOIN main.commun ..."
1525,SELECT * FROM prod_homecare_acreporting_reporting.cartproviderhistory,select * from ( Select * FROM prod_homecare_acreporting_reporting.cartproviderhistory ) as `_` limit 0
1502,"WITH cte AS (SELECT DISTINCT hmcr.hmcrequestid, hmcr.hmcprospectid, hmcr.affiliateinquiryid, apfm.lt_form_submit_channel, CASE WHEN hmcr.customflow = ? THEN ? ELSE ? END AS flow, CASE WHEN hmcr.affiliateid = ? THEN ? WHEN hmcr.affiliateid IN (?) THEN ? WHEN hmcr.affiliateid = ? THEN ? WHEN hmcr.affiliateid = ? THEN ? WHEN hmcr.affiliateid IN (?) THEN ? WHEN hmcr.affiliateid IN (?) THEN ? WHEN hmcr.url LIKE ? OR hmcr.url LIKE ? OR hmcr.url LIKE ? THEN ? WHEN hmcr.url LIKE ? OR hmcr.affiliateid = ? THEN ? WHEN hmcr.affiliateid IN (?) OR hmcr.url LIKE ? OR hmcr.url LIKE ? THEN ? WHEN hmcr.affilia ...","select * from ( WITH CTE3 AS (WITH CTE2 AS (WITH CTE AS (SELECT distinct hmcr.HMCRequestID ,hmcr.HMCProspectID ,hmcr.affiliateinquiryid ,apfm.lt_form_submit_channel ,CASE WHEN hmcr.customflow =1 then 'NFE' ELSE 'OFE' END as Flow ,CASE WHEN hmcr.affiliateid = 72 THEN 'APFM' WHEN hmcr.affiliateID IN ( ..."
1481,"SELECT orderproviderid, htmonthlysent, providerid, monthlyavailable, createdby, modifiedon, totalavailable, htmonthlycap, orderid, modifiedby, monthlysent, dmproviderid, totalsent, sfrecordid, createdon, monthlycap, totalcap, _fivetran_deleted, _fivetran_synced FROM main.prod_homecare_actransactional_ordermanagement.orderprovider","select `orderproviderid`, `htmonthlysent`, `providerid`, `monthlyavailable`, `createdby`, `modifiedon`, `totalavailable`, `htmonthlycap`, `orderid`, `modifiedby`, `monthlysent`, `dmproviderid`, `totalsent`, `sfrecordid`, `createdon`, `monthlycap`, `totalcap`, `_fivetran_deleted`, `_fivetran_synced`  ..."
1395,"SELECT dateid, dayofweek, dayofmonth, monthyearid, date, month, year, dayofyear, monthname, WEEKOFYEAR(date) AS weekofyear FROM prod_homecare_acreporting_reporting.dimdate WHERE date >= ? AND date < DATE_ADD(YEAR, ?, DATE_TRUNC('YEAR', CURRENT_TIMESTAMP()))","select * from ( Select DateID ,DayofWeek ,DayofMonth ,MonthYearID ,Date ,Month ,Year ,DayofYear ,MonthName ,weekofyear(date) WeekofYear FROM prod_homecare_acreporting_reporting.dimdate where date >= '2024' and date < date_add(Year, 1,date_trunc('year',getdate())) ) as `_` limit 0"
1393,"SELECT * FROM prod_homecare_acreporting_reporting.dimdate WHERE date >= ? AND date < DATE_ADD(YEAR, ?, DATE_TRUNC('YEAR', CURRENT_TIMESTAMP()))","select `dateid`, `quarter`, `dayofweek`, `weekenddate`, `dayofmonth`, cast(`monthyearid` as STRING) as `C1`, `date`, `month`, `year`, `weekstartdate`, `dayofyear`, `weekdayname`, `monthname`, `_fivetran_deleted`, `_fivetran_synced` from ( SELECT * FROM prod_homecare_acreporting_reporting.dimdate WHE ..."
1380,"SELECT sr.hmcscreeningresultid, sr.createdate, sr.outcomeid, sr.userid, req.createdate AS requestdate, sr.attemptcount, sr.secondsinprospect, sr.hmcrequestid, req.requeststatusid FROM prod_homecare_insite_directory.hmcscreeningresult AS sr JOIN prod_homecare_insite_directory.hmcrequest AS req ON req.hmcrequestid = sr.hmcrequestid WHERE NOT sr.outcomeid IN (?) AND req.createdate >= ?","select `HMCScreeningResultID`, `createdate`, `outcomeid`, `userid`, `RequestDate`, `AttemptCount`, `SecondsInProspect`, `HMCRequestID`, `requeststatusid` from ( SELECT sr.HMCScreeningResultID -- ,sr.HMCProspectID ,sr.createdate ,sr.outcomeid ,sr.userid ,req.createdate as RequestDate ,sr.AttemptCount ..."
1240,"WITH cte AS (SELECT DISTINCT r.referralid, leadid, providerid, billingtypeid, referralstatustypeid, referredon, activatedon, advisoractivatedon, startedcareon, advisorstartedcareon, endedcareon, advisorendedcareon, externalidentifier, r.modifiedon, r.modifiedby, r.createdon, r.createdby, sysstarttime, sysendtime, advisorreferralstatustypeid, previousendedcareon, referralendcarereasontypeid, returnapproved, CONCAT(MONTH(referredon), ?, YEAR(referredon)) AS monthyear, hmcleadid, orderid, htr.hottransferresultid, CASE WHEN r.digitaljourney = TRUE THEN ? ELSE ? END AS djreferral, hmcleadidupdateby ...","select `ReferralID`, `LeadID`, `ProviderID`, `BillingTypeID`, `ReferralStatusTypeID`, `ReferredOn`, `ActivatedOn`, `AdvisorActivatedOn`, `StartedCareOn`, `AdvisorStartedCareOn`, `EndedCareOn`, `AdvisorEndedCareOn`, `ExternalIdentifier`, `ModifiedOn`, `ModifiedBy`, `CreatedOn`, `CreatedBy`, `SysStart ..."
1215,SELECT * FROM prod_homecare_acreporting_reporting.dimdate WHERE date >= ? AND date <= ?,select * from ( Select * FROM prod_homecare_acreporting_reporting.dimdate where date >= '2024' and date <= '2027' ) as `_` limit 0
1198,SELECT * FROM prod_homecare_acreporting_reporting.dimdate WHERE year IN (?),"select `dateid`, `quarter`, `dayofweek`, `weekenddate`, `dayofmonth`, cast(`monthyearid` as STRING) as `C1`, `date`, `month`, `year`, `weekstartdate`, `dayofyear`, `weekdayname`, `monthname`, `_fivetran_deleted`, `_fivetran_synced` from ( SELECT * FROM prod_homecare_acreporting_reporting.dimdate WHE ..."
1184,"SELECT DISTINCT ref.referralid, CASE WHEN hmcr.affiliateid = ? THEN ? WHEN hmcr.affiliateid = ? THEN ? WHEN hmcr.affiliateid IN (?) THEN ? WHEN hmcr.affiliateid = ? THEN ? WHEN hmcr.affiliateid = ? THEN ? WHEN hmcr.affiliateid IN (?) THEN ? WHEN hmcr.affiliateid IN (?) THEN ? WHEN hmcr.url LIKE ? OR hmcr.url LIKE ? OR hmcr.url LIKE ? THEN ? WHEN hmcr.url LIKE ? OR hmcr.affiliateid = ? THEN ? WHEN hmcr.affiliateid IN (?) OR hmcr.url LIKE ? OR hmcr.url LIKE ? THEN ? WHEN hmcr.affiliateid = ? THEN ? WHEN hmcr.url IS NULL AND hmcr.affiliateid = ? THEN ? WHEN hmcr.url IS NULL AND hmcr.affiliateid I ...","select `referralid`, `AdjChannel`, `DJType`, `ISDJ`, `DJStep` from ( Select distinct ref.referralid ,CASE WHEN hmcr.affiliateid =140 then ""Grace"" WHEN hmcr.affiliateid = 72 THEN 'APFM' WHEN hmcr.affiliateID IN (98,100,101,102,103,104,105,109,110,123,124,125,126,127,128,129,130,131,132,134) THEN 'SEM ..."
1184,"SELECT rn.referralnoteid, rn.referralprocessstageid, rn.createdon, p.name AS providername, rn.referralid, r.providerid, CASE WHEN ref.referredon <= ? THEN LEFT(rn.notes, LOCATE(?, rn.notes)) ELSE rsrt.name END AS returnreason, RIGHT(rn.notes, LENGTH(rn.notes) - LOCATE(?, rn.notes)) AS returnnote, u.firstname, po.name AS orgname, r.digitaljourney FROM main.prod_homecare_actransactional_homecare.referral AS ref LEFT JOIN prod_homecare_actransactional_homecare.referralnote AS rn ON ref.referralid = rn.referralid LEFT JOIN main.prod_homecare_actransactional_homecare.referralreturnrequest AS rr ON  ...","select `ReferralNoteID`, `ReferralProcessStageID`, `CreatedOn`, `ProviderName`, `ReferralID`, `ProviderID`, `ReturnReason`, `ReturnNote`, `FirstName`, `OrgName`, `digitaljourney`, cast(`C1` as DATE) as `C2` from ( select `ReferralNoteID`, `ReferralProcessStageID`, `CreatedOn`, `ProviderName`, `Refer ..."
1179,"SELECT referralnoteid, referralprocessstageid, rn.createdon, rn.referralid, r.providerid, p.name AS providername, CASE WHEN ref.referredon <= ? THEN LEFT(rn.notes, LOCATE(?, rn.notes)) ELSE rsrt.name END AS returnreason, RIGHT(rn.notes, LENGTH(rn.notes) - LOCATE(?, rn.notes)) AS returnnote, u.firstname, po.name AS orgname, r.digitaljourney FROM main.prod_homecare_actransactional_homecare.referral AS ref LEFT JOIN prod_homecare_actransactional_homecare.referralnote AS rn ON ref.referralid = rn.referralid LEFT JOIN main.prod_homecare_actransactional_homecare.referralreturnrequest AS rr ON rr.ref ...","select * from ( SELECT ReferralNoteID ,ReferralProcessStageID ,rn.CreatedOn ,rn.ReferralID ,r.ProviderID ,p.name ProviderName ,CASE WHEN ref.referredon <= '2025-06-23' then LEFT(rn.Notes,CHARINDEX(' -',rn.Notes)) else rsrt.name end ReturnReason ,RIGHT(rn.Notes,LEN(rn.Notes) - CHARINDEX('- ',rn.Notes ..."
1172,"WITH cte AS (SELECT DISTINCT hmcr.hmcrequestid, hmcr.hmcprospectid, CONCAT(hmcr.firstname, ?, hmcr.lastname) AS contactname, CAST(hmcr.createdate AS DATE) AS requestcreatedate, hpn.phonenumber, ? AS lead, CASE WHEN hmcr.requeststatusid = ? THEN ? ELSE ? END AS lstf, CASE WHEN hmcr.requeststatusid = ? THEN ? ELSE ? END AS rl, pn.note, CAST(sr.createdate AS DATE) AS screeningdate, sr.attemptcount, sr.userid, sr.outcomeid, pn.note, hmcr.affiliateid, CONCAT(?, hmcr.hmcprospectid) AS prospectlink, ROW_NUMBER() OVER (PARTITION BY hmcr.hmcrequestid ORDER BY sr.hmcscreeningresultid DESC) AS rn FROM ma ...","select * from ( WITH CTE AS( Select DISTINCT hmcr.hmcrequestid ,hmcr.hmcprospectid ,concat(hmcr.firstname, "" "", hmcr.lastname) ContactName ,date(hmcr.createdate) RequestCreateDate ,hpn.phonenumber ,1 as Lead ,CASE WHEN hmcr.requeststatusid = 6 then 0 else 1 end LSTF ,CASE WHEN hmcr.requeststatusid = ..."
1164,"WITH cte AS (SELECT DISTINCT hmcr.hmcrequestid, hmcr.hmcprospectid, CONCAT(hmcr.firstname, ?, hmcr.lastname) AS contactname, CAST(hmcr.createdate AS DATE) AS requestcreatedate, hpn.phonenumber, ? AS lead, CASE WHEN hmcr.requeststatusid = ? THEN ? ELSE ? END AS lstf, CASE WHEN hmcr.requeststatusid = ? THEN ? ELSE ? END AS rl, pn.note, CAST(sr.createdate AS DATE) AS screeningdate, sr.attemptcount, sr.userid, sr.outcomeid, pn.note, hmcr.affiliateid, CONCAT(?, hmcr.hmcprospectid) AS prospectlink, ROW_NUMBER() OVER (PARTITION BY hmcr.hmcrequestid ORDER BY sr.hmcscreeningresultid DESC) AS rn FROM ma ...","select `hmcrequestid`, `hmcprospectid`, `ContactName`, `RequestCreateDate`, `phonenumber`, `Lead`, `LSTF`, `RL`, `note`, `ScreeningDate`, `AttemptCount`, `userid`, `outcomeid`, `Note`, `affiliateID`, `ProspectLink`, `rn`, `Conversation`, `outcomename` from ( WITH CTE AS( Select DISTINCT hmcr.hmcrequ ..."
1160,"WITH cte AS (SELECT hmcr.hmcrequestid, hmcr.hmcprospectid, hmcpd.disqualifier AS disqualifier2, hmcp.disqualifierreason, hmcr.affiliateid FROM prod_homecare_insite_directory.hmcrequest AS hmcr LEFT JOIN prod_homecare_insite_directory.hmcprospect AS hmcp ON hmcp.hmcprospectid = hmcr.hmcprospectid LEFT JOIN prod_homecare_insite_directory.hmcprospectdisqualifier AS hmcpd ON hmcpd.hmcprospectdisqualifierid = hmcp.disqualifier), cte1 AS (SELECT hmcrequestid, hmcprospectid AS hmcprospectid2, disqualifier2, disqualifierreason, affiliateid AS affiliateid2 FROM cte WHERE affiliateid IN (?)), ctea AS (S ...","select * from ( WITH CTE2 AS( WITH CTEB AS( WITH CTEA AS ( WITH CTE1 AS ( WITH CTE AS ( Select hmcr.HMCRequestID ,hmcr.HMCProspectID ,hmcpd.disqualifier Disqualifier2 ,hmcp.disqualifierreason ,hmcr.affiliateid FROM prod_homecare_insite_directory.hmcrequest hmcr LEFT JOIN prod_homecare_insite_directo ..."
1150,"WITH cte AS (SELECT hmcr.hmcrequestid, hmcr.hmcprospectid, hmcpd.disqualifier AS disqualifier2, hmcp.disqualifierreason, hmcr.affiliateid FROM prod_homecare_insite_directory.hmcrequest AS hmcr LEFT JOIN prod_homecare_insite_directory.hmcprospect AS hmcp ON hmcp.hmcprospectid = hmcr.hmcprospectid LEFT JOIN prod_homecare_insite_directory.hmcprospectdisqualifier AS hmcpd ON hmcpd.hmcprospectdisqualifierid = hmcp.disqualifier), cte1 AS (SELECT hmcrequestid, hmcprospectid AS hmcprospectid2, disqualifier2, disqualifierreason, affiliateid AS affiliateid2 FROM cte WHERE affiliateid IN (?)), ctea AS (S ...","select `HMCRequestID`, `HMCProspectID`, `disqualifier`, `Channel`, `userid`, `requeststatusid`, `ISDJ`, `DJStep`, `DJType`, `adjust_createdate`, `Time`, `disqualifierfixed`, `disqualifierreason_fixed`, `disqualifierreason`, `ContactFirstName`, `ContactLastName`, `Prospect_Date`, `postalcode`, `Scree ..."
1141,"WITH cte AS (SELECT DISTINCT ref.leadid, SUM(CASE WHEN ref.activatedon IS NULL THEN NULL ELSE ? END) AS activated, COUNT(DISTINCT ref.providerid) AS numprov, SUM(CASE WHEN htr.hottransferresponseid = ? THEN ? ELSE NULL END) AS ht FROM prod_homecare_actransactional_homecare.referral AS ref LEFT JOIN prod_homecare_actransactional_homecare.hottransferresult AS htr ON htr.referralid = ref.referralid WHERE referredon >= ? GROUP BY ref.leadid ORDER BY ref.leadid) SELECT DISTINCT ref.referralid, ref.leadid, CASE WHEN cte.activated IS NULL THEN ? ELSE ? END AS anyactivations, numprov, CASE WHEN ht IS  ...","select `referralid`, `leadid`, `AnyActivations`, `NumProv`, `HT`, `HTProvider`, `Activatedon` from ( WITH CTE AS ( Select DISTINCT ref.leadid --,ref.billingtypeid -- ,ref.referredon ,sum(CASE WHEN ref.activatedon is null then null ELSE 1 END) Activated ,Count(distinct ref.providerid) NumProv ,sum(CA ..."
1140,"SELECT DISTINCT l.hmcleadid, r.firstname, r.lastname, hmcr.postalcode, r.emailaddress, rp.phonenumber, CASE WHEN hmcr.affiliateid = ? THEN ? WHEN hmcr.affiliateid = ? THEN ? WHEN hmcr.affiliateid IN (?) THEN ? WHEN hmcr.affiliateid = ? THEN ? WHEN hmcr.affiliateid = ? THEN ? WHEN hmcr.affiliateid IN (?) THEN ? WHEN hmcr.affiliateid IN (?) THEN ? WHEN hmcr.url LIKE ? OR hmcr.url LIKE ? OR hmcr.url LIKE ? THEN ? WHEN hmcr.url LIKE ? OR hmcr.affiliateid = ? THEN ? WHEN hmcr.affiliateid IN (?) OR hmcr.url LIKE ? OR hmcr.url LIKE ? THEN ? WHEN hmcr.affiliateid = ? THEN ? WHEN hmcr.url IS NULL AND h ...","select `hmcleadid`, `firstname`, `lastname`, `postalcode`, `emailaddress`, `phonenumber`, `Channel`, `DJType` from ( select distinct l.hmcleadid ,r.firstname ,r.lastname ,hmcr.postalcode ,r.emailaddress ,rp.phonenumber ,CASE WHEN hmcr.affiliateid =140 then ""Grace"" WHEN hmcr.affiliateid = 72 THEN 'AP ..."
1092,"WITH cte AS (SELECT callid, SUM(CASE WHEN calltype = ? THEN ? ELSE ? END) AS transfers_attempted FROM prod_homecare_acreporting_import.five9dailycalllogs GROUP BY callid ORDER BY callid), cte1 AS (SELECT DISTINCT f9.callid, timestamp, DATE_FORMAT(timestamp, ?) AS hours, DATE_FORMAT(timestamp, ?) AS minute, (hours * ?) + minute, agent, agentname, calltype, disposition, dispositionpath, calltime, talktime, dnis, ROW_NUMBER() OVER (PARTITION BY agent, CAST(timestamp AS DATE), dnis ORDER BY timestamp) AS uniquecall, handletime, consulttime, totalqueuetime, manualtime, dialtime, agentgroup, afterca ...","select * from ( WITH CTE AS ( SELECT CallId,SUM(CASE WHEN CallType = '3rd party conference' THEN 1 ELSE 0 END) AS Transfers_Attempted FROM prod_homecare_acreporting_import.five9dailycalllogs GROUP BY CallId ORDER BY CallId), CTE1 AS ( SELECT DISTINCT f9.CallId ,Timestamp ,date_format(Timestamp, 'HH' ..."
1091,"WITH cte AS (SELECT callid, SUM(CASE WHEN calltype = ? THEN ? ELSE ? END) AS transfers_attempted FROM prod_homecare_acreporting_import.five9dailycalllogs GROUP BY callid ORDER BY callid), cte1 AS (SELECT DISTINCT f9.callid, timestamp, DATE_FORMAT(timestamp, ?) AS hours, DATE_FORMAT(timestamp, ?) AS minute, (hours * ?) + minute, agent, agentname, calltype, disposition, dispositionpath, calltime, talktime, dnis, ROW_NUMBER() OVER (PARTITION BY agent, CAST(timestamp AS DATE), dnis ORDER BY timestamp) AS uniquecall, handletime, consulttime, totalqueuetime, manualtime, dialtime, agentgroup, afterca ...","select `CallId`, `Timestamp`, `hours`, `minute`, `((lateralAliasReference(hours) * 100) + lateralAliasReference(minute))`, `Agent`, `AgentName`, `CallType`, `Disposition`, `DispositionPath`, `CallTime`, `TalkTime`, `DNIS`, `UniqueCall`, `HandleTime`, `ConsultTime`, `TotalQueueTime`, `ManualTime`, `D ..."
1028,"SELECT orderid, htmonthlysent, orderstatusreasonnote, minimumfee, costperlead, modifiedon, highpriority, autorenew, pausedon, isprefundedpackage, prepaidtotal, htmonthlycap, modifiedby, dmorderid, costperhtlead, name, monthlysent, postalmatch, sysstarttime, totalsent, billingtypeid, orderstatussubreasontypeid, sfrecordid, createdon, confirmationmailsent, activationdate, monthlycap, proximitymatch, packagecostperlead, packagetotalcap, parentsfaccountrecordid, sysendtime, orderstatusreasontypeid, createdby, monthlyavailable, accountid, rate, matchrulesetid, totalavailable, prepaidautorenew, prox ...","select `orderid`, `htmonthlysent`, `orderstatusreasonnote`, `minimumfee`, `costperlead`, `modifiedon`, `highpriority`, `autorenew`, `pausedon`, `isprefundedpackage`, `prepaidtotal`, `htmonthlycap`, `modifiedby`, `dmorderid`, `costperhtlead`, `name`, `monthlysent`, `postalmatch`, `sysstarttime`, `tot ..."
1009,"WITH cte AS (SELECT callid, SUM(CASE WHEN calltype = ? THEN ? ELSE ? END) AS transfers_attempted FROM prod_homecare_acreporting_import.five9dailycalllogs WHERE agentgroup = ? GROUP BY callid ORDER BY callid), cte1 AS (SELECT DISTINCT f9.callid, timestamp, agent, agentname, calltype, disposition, dispositionpath, calltime, talktime, dnis, handletime, consulttime, totalqueuetime, manualtime, dialtime, aftercallworktime, holdtime, ringtime, CASE WHEN calltype IN (?) THEN ? WHEN campaign IN (?) THEN ? ELSE ? END AS call_direction, CASE WHEN disposition IN (?) THEN ? WHEN disposition = ? THEN ? ELS ...","select * from ( WITH CTE AS ( SELECT CallId ,SUM(CASE WHEN CallType = '3rd party conference' THEN 1 ELSE 0 END) AS Transfers_Attempted FROM prod_homecare_acreporting_import.five9dailycalllogs WHERE agentgroup = 'AC Care Coordinators' GROUP BY CallId ORDER BY CallId), CTE1 AS ( SELECT distinct f9.Cal ..."
961,"SELECT orderid, htmonthlysent, orderstatusreasonnote, minimumfee, costperlead, modifiedon, highpriority, autorenew, pausedon, isprefundedpackage, prepaidtotal, htmonthlycap, modifiedby, dmorderid, costperhtlead, name, monthlysent, postalmatch, sysstarttime, totalsent, billingtypeid, orderstatussubreasontypeid, sfrecordid, createdon, confirmationmailsent, activationdate, monthlycap, proximitymatch, packagecostperlead, packagetotalcap, parentsfaccountrecordid, sysendtime, orderstatusreasontypeid, createdby, monthlyavailable, accountid, rate, matchrulesetid, totalavailable, prepaidautorenew, prox ...","select `orderid`, `htmonthlysent`, `orderstatusreasonnote`, `minimumfee`, `costperlead`, `modifiedon`, `highpriority`, `autorenew`, `pausedon`, `isprefundedpackage`, `prepaidtotal`, `htmonthlycap`, `modifiedby`, `dmorderid`, `costperhtlead`, `name`, `monthlysent`, `postalmatch`, `sysstarttime`, `tot ..."
953,"SELECT providerid, profilefranchisename, addon, modifiedon, address, carecoordinatoruserid, agingcareprofilepage, warmtransferphonenumber, warmtransferafterhoursendtime, profilemissionstatement, profiletrademarkagencydetails, modifiedby, name, providerlogo, sysstarttime, sfrecordid, warmtransferexternalcallcenter, profileextracaregivertraining, datefounded, profilefranchiselocation, freetrialexpirationdate, createdby, warmtransferendtime, primaryphone, warmtransferafterhoursphonenumber, rate, zipaddon, profilelocalserviceareanickname, warmtransferafterhourstimezoneoffset, profileownersname, we ...","select `providerid`, `profilefranchisename`, `addon`, `modifiedon`, `address`, `carecoordinatoruserid`, `agingcareprofilepage`, `warmtransferphonenumber`, `warmtransferafterhoursendtime`, `profilemissionstatement`, `profiletrademarkagencydetails`, `modifiedby`, `name`, `providerlogo`, `sysstarttime` ..."
928,"SELECT * FROM (SELECT homecarechargeid, accountid, referralid, amount, CASE WHEN accountid = ? AND iscredit = ? THEN ? WHEN accountid = ? AND iscredit = ? THEN -? ELSE amount END AS adjustedamount, statementid, tohomecarechargeid, iscredit, createdon, createdby, modifiedon, modifiedby, entryid FROM prod_homecare_actransactional_billing.homecarecharge WHERE createdon >= ? ORDER BY referralid) AS _ WHERE ? = ?","select * from ( SELECT HomeCareChargeID ,AccountID ,ReferralID ,Amount ,CASE WHEN AccountID = 2426 AND IsCredit = 0 THEN 34 WHEN AccountID = 2426 AND IsCredit = 1 THEN -34 ELSE Amount END AS AdjustedAmount ,StatementID ,ToHomeCareChargeID ,IsCredit ,CreatedOn ,CreatedBy ,ModifiedOn ,ModifiedBy ,Entr ..."
928,"SELECT * FROM (SELECT * FROM prod_homecare_acreporting_reporting.dimdate WHERE date >= ? AND date < DATE_ADD(YEAR, ?, DATE_TRUNC('YEAR', CURRENT_TIMESTAMP()))) AS _ WHERE ? = ?","select * from ( SELECT * FROM prod_homecare_acreporting_reporting.dimdate WHERE date >= '2024' and date < dateadd(year, 1, date_trunc('Year', getdate())) ) as `_` where 0 = 1"
925,"WITH cte AS (SELECT DISTINCT p.providerid, p.name, po.name AS organization, p.orgid, cph.orderid, ROW_NUMBER() OVER (PARTITION BY cph.providerid, cph.orderid ORDER BY date DESC) AS rn, date, CASE WHEN NOT cph.orderid IS NULL AND cph.monthlycap IS NULL THEN ? ELSE cph.monthlycap END AS monthlycap FROM prod_homecare_actransactional_organization.provider AS p LEFT JOIN prod_homecare_actransactional_organization.providerorganization AS po ON po.providerorganizationid = p.providerorganizationid LEFT JOIN prod_homecare_actransactional_homecare.referral AS r ON p.providerid = r.providerid LEFT JOIN m ...","select `providerid`, `name`, `Organization`, `orgid`, `orderid`, `rn`, `date`, `MonthlyCap` from ( WITH CTE AS( select distinct p.providerid ,p.name ,po.name as Organization ,p.orgid ,cph.orderid ,ROW_NUMBER() OVER(PARTITION BY cph.providerid, cph.orderid ORDER BY date desc) rn ,date ,case when cph. ..."
910,"SELECT agentstatedetailid, agent, agentgroup, time, LAG(time) OVER (PARTITION BY agent ORDER BY agentstatedetailid DESC) AS endtime, state, reasoncode, mediaavailability, skillavailability, CASE WHEN state = ? OR (state = ? AND reasoncode = ?) THEN ? ELSE ? END AS wastedtime, CASE WHEN state = ? AND (reasoncode IN (?)) THEN ? ELSE ? END AS agentstategroup, agentstatetime, detaildate, CASE WHEN agent = ? THEN ? WHEN agent = ? THEN ? WHEN agent = ? THEN ? WHEN agent = ? THEN ? ELSE LOWER(CONCAT(LEFT(agent, LOCATE(?, agent) - ?), SUBSTRING(agent, LOCATE(?, agent) + ?, ?))) END AS name_join FROM p ...","select `AgentStateDetailId`, `Agent`, `AgentGroup`, `Time`, `EndTime`, `State`, `ReasonCode`, `MediaAvailability`, `SkillAvailability`, `WastedTime`, `AgentStateGroup`, `AgentStateTime`, `DetailDate`, `name_join` from ( SELECT AgentStateDetailId ,Agent ,AgentGroup ,Time ,LAG(Time) OVER (PARTITION BY ..."
859,"WITH cte AS (SELECT DISTINCT zip, dma FROM reporting.dim_geography_zip_dma WHERE dma <> ?) SELECT DISTINCT CASE WHEN cte.dma IS NULL THEN dma.dma ELSE cte.dma END AS dma, CASE WHEN cte.zip IS NULL THEN dma.zip ELSE cte.zip END AS zip FROM reporting.dim_geography_zip_dma AS dma LEFT JOIN cte ON cte.zip = dma.zip","select `DMA`, `Zip` from ( WITH CTE AS ( select distinct zip ,dma from reporting.dim_geography_zip_dma where dma <> 'NA' ) SELECT DISTINCT CASE WHEN CTE.DMA is null then dma.DMA else CTE.DMA END DMA ,CASE WHEN CTE.zip is null then dma.zip else CTE.zip END Zip FROM reporting.dim_geography_zip_dma dma ..."
839,"WITH cte AS (SELECT DISTINCT ref.leadid, SUM(CASE WHEN ref.activatedon IS NULL THEN NULL ELSE ? END) AS activated, COUNT(DISTINCT ref.providerid) AS numprov, SUM(CASE WHEN htr.hottransferresponseid = ? THEN ? ELSE NULL END) AS ht FROM prod_homecare_actransactional_homecare.referral AS ref LEFT JOIN prod_homecare_actransactional_homecare.hottransferresult AS htr ON htr.referralid = ref.referralid WHERE referredon >= ? GROUP BY ref.leadid ORDER BY ref.leadid) SELECT DISTINCT ref.referralid, ref.leadid, CASE WHEN cte.activated IS NULL THEN ? ELSE ? END AS anyactivations, numprov, ht, temp.name AS ...","select * from ( WITH CTE AS ( Select DISTINCT ref.leadid --,ref.billingtypeid -- ,ref.referredon ,sum(CASE WHEN ref.activatedon is null then null ELSE 1 END) Activated ,Count(distinct ref.providerid) NumProv ,sum(CASE WHEN htr.hottransferresponseid = 1 then 1 ELSE null END) HT FROM prod_homecare_act ..."
805,"SELECT agentstatedetailid, agent, agentgroup, agentfirstname, agentlastname, time, LAG(time) OVER (PARTITION BY agent ORDER BY agentstatedetailid DESC) AS endtime, state, reasoncode, mediaavailability, skillavailability, CASE WHEN state = ? OR (state = ? AND reasoncode = ?) THEN ? ELSE ? END AS wastedtime, CASE WHEN state = ? AND (reasoncode IN (?)) THEN ? ELSE ? END AS agentstategroup, agentstatetime, detaildate, CASE WHEN agent = ? THEN ? WHEN agent = ? THEN ? WHEN agent = ? THEN ? WHEN agent = ? THEN ? ELSE LOWER(CONCAT(LEFT(agent, LOCATE(?, agent) - ?), SUBSTRING(agent, LOCATE(?, agent) +  ...","select * from ( SELECT AgentStateDetailId ,Agent ,AgentGroup ,AgentFirstName ,AgentLastName ,Time ,LAG(Time) OVER (PARTITION BY Agent ORDER BY AgentStateDetailId DESC) EndTime ,State ,ReasonCode ,MediaAvailability ,SkillAvailability ,CASE WHEN State = 'After Call Work' OR (State= 'Not Ready' AND Rea ..."
789,"SELECT oc.accountid, oc.createdon, oc.amount, DATE_FORMAT(oc.createdon, ?) AS writeoff, oc.otherchargetypeid FROM prod_homecare_actransactional_billing.othercharge AS oc WHERE oc.otherchargetypeid = ?","select * from ( Select oc.accountid ,oc.createdon ,oc.amount ,date_format(oc.createdon, 'MM-yyyy') Writeoff ,oc.otherchargetypeid FROM prod_homecare_actransactional_billing.othercharge oc where oc.otherchargetypeid = 2 ) as `_` limit 0"
789,"WITH cte AS (SELECT DISTINCT o.accountid, a.name AS accountname, o.orderid, o.name AS ordername, ot.name AS orderstatus, ost.name AS orderstatusreason, o.createdon AS ordercreatedate, u.firstname AS hcam, o.prepaidautorenew, o.prepaidtotal FROM prod_homecare_actransactional_ordermanagement.order AS o LEFT JOIN prod_homecare_actransactional_billing.account AS a ON a.accountid = o.accountid LEFT JOIN prod_homecare_actransactional_ordermanagement.orderstatusreasontype AS ost ON ost.orderstatusreasontypeid = o.orderstatusreasontypeid LEFT JOIN prod_homecare_actransactional_ordermanagement.ordersta ...","select `AccountID`, `AccountName`, `OrderID`, `OrderName`, `CurrentOrderStatus`, `CurrentOrderStatusReason`, cast(`OrderCreateDate` as DATE) as `C1`, `HCAM`, `HomecareChargeID`, `amount`, cast(`ChargeCreateDate` as DATE) as `C2`, `CPHOrderStatus`, `CPHOrderStatusReason`, `prepaidautorenew`, `prepaid ..."
789,"WITH cte AS (SELECT paymentid, p.amount, accountid, resultmessage, createdon, paymentstatustypeid, ROW_NUMBER() OVER (PARTITION BY accountid, MONTH(createdon) ORDER BY createdon DESC) AS rn FROM prod_homecare_actransactional_billing.payment AS p WHERE p.createdon >= ?), cte1 AS (SELECT cte.accountid, cte.amount, stmt.balance, cte.createdon FROM cte LEFT JOIN (SELECT accountid, createdon, balance, ROW_NUMBER() OVER (PARTITION BY accountid, MONTH(createdon) ORDER BY createdon ASC) AS rn FROM prod_homecare_actransactional_billing.statement) AS stmt ON stmt.accountid = cte.accountid AND stmt.rn =  ...","select `AccountID`, `Amount`, `Balance`, cast(`createdon` as DATE) as `C1`, `ChargeMonth` from ( WITH CTE1 AS ( WITH CTE AS ( Select paymentid ,p.amount ,accountid ,resultmessage ,createdon ,paymentstatustypeid ,ROW_NUMBER() OVER (PARTITION BY accountid,Month(createdon) ORDER BY createdon desc) rn F ..."
763,"SELECT homecarechargeid, accountid, referralid, amount, statementid, tohomecarechargeid, iscredit, createdon, createdby, modifiedon, modifiedby, entryid FROM prod_homecare_actransactional_billing.homecarecharge WHERE createdon >= ? ORDER BY referralid","select * from ( SELECT HomeCareChargeID ,AccountID ,ReferralID ,Amount ,StatementID ,ToHomeCareChargeID ,IsCredit ,CreatedOn ,CreatedBy ,ModifiedOn ,ModifiedBy ,EntryID FROM prod_homecare_actransactional_billing.homecarecharge WHERE CreatedOn >= '2025-02-01' ORDER BY ReferralID ) as `_` limit 0"
763,"WITH cte AS (SELECT callid, SUM(CASE WHEN calltype = ? THEN ? ELSE ? END) AS transfers_attempted FROM prod_homecare_acreporting_import.five9dailycalllogs GROUP BY callid ORDER BY callid), cte1 AS (SELECT DISTINCT f9.callid, timestamp, agent, agentname, calltype, disposition, dispositionpath, calltime, talktime, dnis, handletime, consulttime, totalqueuetime, manualtime, dialtime, aftercallworktime, holdtime, ringtime, CASE WHEN calltype IN (?) THEN ? WHEN campaign IN (?) THEN ? ELSE ? END AS call_direction, CASE WHEN disposition IN (?) THEN ? WHEN disposition = ? THEN ? ELSE ? END AS business_p ...","select `CallId`, `Timestamp`, `Agent`, `AgentName`, `CallType`, `Disposition`, `DispositionPath`, `CallTime`, `TalkTime`, `DNIS`, `HandleTime`, `ConsultTime`, `TotalQueueTime`, `ManualTime`, `DialTime`, `AfterCallWorkTime`, `HoldTime`, `RingTime`, `Call_Direction`, `Business_Process`, `TransfersAtte ..."
760,"WITH cte AS (SELECT hmccallbackresultid, hmcprospectid, createdate, outcomeid, userid, attemptcount, followupdate, secondsinprospect, hmcrequestid, surveyresponse, hmccallbackreason, ROW_NUMBER() OVER (PARTITION BY hmcrequestid ORDER BY createdate) AS rn FROM prod_homecare_insite_directory.hmccallbackresult WHERE outcomeid <> ? AND createdate > ? ORDER BY hmcrequestid), cte1 AS (SELECT * FROM cte WHERE rn = ?) SELECT DISTINCT requestid, temp.hmcrequestid, temp.hmcprospectid, leadsentdateid, temp.createdate, accountid, DATEDIFF(DAY, TO_DATE(leadsentdateid, ?), temp.createdate) AS date_diff, CAS ...","select * from ( WITH CTE1 AS( WITH CTE AS ( SELECT HMCCallBackResultID ,HMCProspectID ,createdate ,outcomeid ,userid ,AttemptCount ,FollowUpDate ,SecondsInProspect ,HMCRequestID ,SurveyResponse ,HMCCallBackReason ,ROW_NUMBER() OVER (PARTITION BY HMCRequestID ORDER BY createdate) rn FROM prod_homecar ..."
759,"SELECT DISTINCT internaluserkey, internaluserid, legacyuserid, CASE WHEN internaluserkey = ? THEN ? ELSE LOWER(firstname) END AS firstname, lastname FROM prod_homecare_acreporting_reporting.diminternaluser AS diu LEFT JOIN prod_homecare_acreporting_reporting.facthomecarescreeningtransaction AS hcst ON diu.internaluserkey = hcst.careadivsorinternaluserkey ORDER BY firstname DESC","select `InternalUserKey`, `InternalUserID`, `LegacyUserID`, `FirstName`, `LastName` from ( SELECT DISTINCT InternalUserKey ,InternalUserID ,LegacyUserID ,CASE WHEN InternalUserKey = 369 THEN 'sarae' ELSE LOWER(FirstName) END as FirstName ,LastName FROM prod_homecare_acreporting_reporting.diminternal ..."
758,SELECT * FROM prod_homecare_acreporting_reporting.dimpostalcode,select * from ( Select * FROM prod_homecare_acreporting_reporting.dimpostalcode ) as `_` limit 0
756,SELECT * FROM prod_homecare_insite_directory.hmcscreenoutcome,select * from ( select * from prod_homecare_insite_directory.hmcscreenoutcome ) as `_` limit 0
755,"SELECT screeninginfokey, contacttype, qualified, inbound FROM prod_homecare_acreporting_reporting.dimscreeninginfo","select `ScreeningInfoKey`, `ContactType`, `Qualified`, `Inbound` from ( Select ScreeningInfoKey ,ContactType ,Qualified ,Inbound FROM prod_homecare_acreporting_reporting.dimscreeninginfo ) as `_` limit 1000"
747,"SELECT DISTINCT stateprovinceid, countryid, iso2code, name FROM prod_homecare_acreporting_reporting.dimstateprovince","select `StateProvinceID`, `CountryID`, `Iso2Code`, `Name` from ( Select distinct StateProvinceID ,CountryID ,Iso2Code ,Name FROM prod_homecare_acreporting_reporting.dimstateprovince ) as `_` limit 1000"
726,"SELECT referralnoteid, referralprocessstageid, rn.createdon, rn.referralid, ref.providerid, LEFT(notes, LOCATE(?, notes)) AS returnreason, RIGHT(notes, LENGTH(notes) - LOCATE(?, notes)) AS returnnote, u.firstname, digitaljourney FROM prod_homecare_actransactional_homecare.referralnote AS rn LEFT JOIN prod_homecare_actransactional_auth.users AS u ON u.userid = rn.createdby LEFT JOIN (SELECT referralid, digitaljourney, providerid FROM prod_homecare_actransactional_homecare.referral WHERE returnapproved = ? AND billingtypeid = ? AND referredon >= ?) AS ref ON ref.referralid = rn.referralid WHERE  ...","select * from ( SELECT ReferralNoteID ,ReferralProcessStageID ,rn.CreatedOn ,rn.ReferralID ,ref.ProviderID ,LEFT(Notes,CHARINDEX(' -',Notes)) AS ReturnReason ,RIGHT(Notes,LEN(Notes) - CHARINDEX('- ',Notes)) AS ReturnNote ,u.FirstName ,digitaljourney FROM prod_homecare_actransactional_homecare.referr ..."
725,"SELECT DISTINCT hmcr.hmcrequestid, hmcr.createdate, firstname, lastname, residentname, relation, gender, age, emailaddress, hmcr.djstepid, CASE WHEN NOT hmcr.djstepid IS NULL THEN ? ELSE ? END AS isdj, CASE WHEN hmcr.djstepid = ? THEN ? WHEN NOT hmcr.djstepid IS NULL AND hmcr.djstepid <> ? THEN ? END AS djstep, hmcr.djtypeid, CASE WHEN hmcr.djtypeid = ? THEN ? WHEN hmcr.djtypeid = ? THEN ? WHEN hmcr.djtypeid = ? THEN ? WHEN hmcr.djtypeid = ? THEN ? WHEN hmcr.djtypeid = ? THEN ? WHEN hmcr.djtypeid = ? THEN ? END AS djtype, CASE WHEN hmcr.affiliateid IN (?) THEN ? WHEN hmcr.affiliateid = ? THEN  ...","select * from ( Select DISTINCT hmcr.hmcrequestid ,hmcr.createdate ,firstname ,lastname ,residentname ,relation ,gender ,age ,emailaddress ,hmcr.djstepid ,CASE WHEN hmcr.djstepid is not null then 'Started Dj' ELSE 'Not in DJ' END IsDJ ,CASE WHEN hmcr.djstepid = 100 Then 'Completed In DJ' WHEN hmcr.d ..."
720,"SELECT * FROM (SELECT DISTINCT p.providerid, p.name AS providername, cph.orderid, o.createdon AS ordercreatedate, ost.name AS currentorderstatus, osrt.name AS currentorderstatusreasontype, u2.firstname AS hcam, u.firstname AS csm FROM prod_homecare_acreporting_reporting.cartproviderhistory AS cph LEFT JOIN prod_homecare_actransactional_ordermanagement.order AS o ON o.orderid = cph.orderid LEFT JOIN prod_homecare_actransactional_ordermanagement.orderstatustype AS ost ON ost.orderstatustypeid = o.orderstatustypeid LEFT JOIN prod_homecare_actransactional_ordermanagement.orderstatusreasontype AS o ...","select * from ( SELECT distinct p.providerid ,p.name ProviderName ,cph.orderid ,o.createdon AS OrderCreateDate ,ost.name As CurrentOrderStatus ,osrt.name As CurrentOrderStatusReasonType ,u2.FirstName AS HCAM ,u.FirstName AS CSM FROM prod_homecare_acreporting_reporting.cartproviderhistory cph LEFT JO ..."
718,"SELECT dateid, date, dayofyear, dayofmonth, dayofweek, weekdayname, month, monthname, year, WEEKOFYEAR(date) AS weekofyear, monthyearid FROM prod_homecare_acreporting_reporting.dimdate WHERE date <= DATE_ADD(YEAR, ?, DATE_TRUNC('YEAR', CURRENT_TIMESTAMP())) AND date >= DATE_ADD(YEAR, -?, DATE_TRUNC('YEAR', CURRENT_TIMESTAMP())) ORDER BY date ASC","select * from ( SELECT DateID ,Date ,DayOfYear ,DayOfMonth ,DayOfWeek ,WeekDayName ,Month ,MonthName ,Year ,weekofyear(date) WeekofYear ,MonthYearID FROM prod_homecare_acreporting_reporting.dimdate where date <= dateadd(Year,1,date_trunc('year',getdate())) and date >= dateadd(Year,-1,date_trunc('yea ..."
712,"SELECT DISTINCT p.providerid, p.name AS providername, cph.orderid, o.createdon AS ordercreatedate, ost.name AS currentorderstatus, osrt.name AS currentorderstatusreasontype, u2.firstname AS hcam, u.firstname AS csm FROM prod_homecare_acreporting_reporting.cartproviderhistory AS cph LEFT JOIN prod_homecare_actransactional_ordermanagement.order AS o ON o.orderid = cph.orderid LEFT JOIN prod_homecare_actransactional_ordermanagement.orderstatustype AS ost ON ost.orderstatustypeid = o.orderstatustypeid LEFT JOIN prod_homecare_actransactional_ordermanagement.orderstatusreasontype AS osrt ON osrt.ord ...","select `providerid`, `ProviderName`, `orderid`, `OrderCreateDate`, `CurrentOrderStatus`, `CurrentOrderStatusReasonType`, `HCAM`, `CSM` from ( SELECT distinct p.providerid ,p.name ProviderName ,cph.orderid ,o.createdon AS OrderCreateDate ,ost.name As CurrentOrderStatus ,osrt.name As CurrentOrderStatu ..."
709,"WITH cte AS (SELECT CONCAT(agentfirstname, ?, agentlastname) AS agentname, DATE_FORMAT(agentstatetime, ?) AS hour, DATE_FORMAT(agentstatetime, ?) AS minutes, DATE_FORMAT(agentstatetime, ?) AS seconds, agentstatetime, TO_DATE(detaildate, ?) AS detaildate, CASE WHEN agent = ? THEN ? WHEN agent = ? THEN ? ELSE LOWER(CONCAT(LEFT(agent, LOCATE(?, agent) - ?), SUBSTRING(agent, LOCATE(?, agent) + ?, ?))) END AS name_join FROM prod_homecare_acreporting_import.five9dailyagentstatedetails WHERE detaildate >= ? AND agentstatetime <> ? AND agentgroup = ? AND NOT state IN (?) ORDER BY agentstatedetailid DE ...","select * from ( WITH CTE1 AS ( WITH CTE AS ( SELECT Concat(AgentFirstName, "" "",AgentLastName) AgentName ,date_format(AgentStateTime,""HH"") Hour ,date_format(AgentStateTime,""mm"") minutes ,date_format(AgentStateTime,""ss"") seconds ,agentstatetime ,To_date(detaildate, 'yyyy/MM/dd') DetailDate ,CASE WHEN  ..."
709,"SELECT * FROM (SELECT DISTINCT COUNT(DISTINCT ref.referralid) AS referrals, ref.orderid, CAST(ref.referredon AS DATE) AS referraldate FROM prod_homecare_actransactional_homecare.referral AS ref WHERE NOT ref.hmcleadid IS NULL AND ref.referredon >= ? GROUP BY ref.orderid, CAST(ref.referredon AS DATE)) AS _ WHERE ? = ?","select * from ( Select distinct count(distinct ref.referralid) Referrals ,ref.orderid ,cast(ref.referredon as date) ReferralDate FROM prod_homecare_actransactional_homecare.referral ref WHERE ref.hmcleadid is not null and ref.referredon >= '2025' GROUP BY ref.orderid, cast(ref.referredon as date) )  ..."
703,"WITH cte AS (SELECT cph.providerid, cph.providername, cph.orderid, o.createdon AS ordercreatedate, MIN(date) AS firstactivedate, MAX(date) AS lastactivedate, ost.name AS currentorderstatus, osrt.name AS currentorderstatusreasontype, u2.firstname AS hcam, u.firstname AS csm, p.postalcodeid, CASE WHEN dpc.code IS NULL THEN p.postalcode ELSE dpc.code END AS postalcode FROM prod_homecare_acreporting_reporting.cartproviderhistory AS cph LEFT JOIN prod_homecare_actransactional_ordermanagement.order AS o ON o.orderid = cph.orderid LEFT JOIN prod_homecare_actransactional_ordermanagement.orderstatustyp ...","select * from ( WITH CTE AS( SELECT cph.ProviderID ,cph.ProviderName ,cph.OrderID ,o.createdon AS OrderCreateDate ,MIN(Date) AS FirstActiveDate ,Max(date) AS LastActiveDate ,ost.name As CurrentOrderStatus ,osrt.name As CurrentOrderStatusReasonType ,u2.FirstName AS HCAM ,u.FirstName AS CSM ,p.postalc ..."
700,"WITH cte AS (SELECT hmcr.hmcrequestid, hmcr.hmcprospectid, hmcpd.disqualifier AS disqualifier2, hmcp.disqualifierreason, hmcr.affiliateid FROM prod_homecare_insite_directory.hmcrequest AS hmcr LEFT JOIN prod_homecare_insite_directory.hmcprospect AS hmcp ON hmcp.hmcprospectid = hmcr.hmcprospectid LEFT JOIN prod_homecare_insite_directory.hmcprospectdisqualifier AS hmcpd ON hmcpd.hmcprospectdisqualifierid = hmcp.disqualifier), cte1 AS (SELECT hmcrequestid, hmcprospectid AS hmcprospectid2, disqualifier2, disqualifierreason, affiliateid AS affiliateid2 FROM cte WHERE affiliateid IN (?)), ctea AS (S ...","select `HMCRequestID`, `HMCProspectID`, `disqualifier`, `Channel`, `userid`, `requeststatusid`, `ISDJ`, `DJStep`, `DJType`, `adjust_createdate`, `Time`, `disqualifierfixed`, `disqualifierreason_fixed`, `disqualifierreason`, `ContactFirstName`, `ContactLastName`, `Prospect_Date`, `postalcode`, `Scree ..."
698,"WITH cte AS (SELECT cph.providerid, cph.providername, cph.orderid, o.createdon AS ordercreatedate, MIN(date) AS firstactivedate, MAX(date) AS lastactivedate, ost.name AS currentorderstatus, osrt.name AS currentorderstatusreasontype, u2.firstname AS hcam, u.firstname AS csm, p.postalcodeid, CASE WHEN dpc.code IS NULL THEN p.postalcode ELSE dpc.code END AS postalcode FROM prod_homecare_acreporting_reporting.cartproviderhistory AS cph LEFT JOIN prod_homecare_actransactional_ordermanagement.order AS o ON o.orderid = cph.orderid LEFT JOIN prod_homecare_actransactional_ordermanagement.orderstatustyp ...","select `ProviderID`, `ProviderName`, `OrderID`, `OrderCreateDate`, `FirstActiveDate`, `LastActiveDate`, `CurrentOrderStatus`, `CurrentOrderStatusReasonType`, `HCAM`, `CSM`, `postalcodeid`, `PostalCode`, `name` from ( WITH CTE AS( SELECT cph.ProviderID ,cph.ProviderName ,cph.OrderID ,o.createdon AS O ..."
667,"SELECT DISTINCT referralid, req.hmcrequestid, activatedon, req.createdate, ref.referredon FROM prod_homecare_actransactional_homecare.referral AS ref JOIN prod_homecare_insite_directory.hmclead AS l ON l.hmcleadid = ref.hmcleadid JOIN prod_homecare_insite_directory.hmcrequest AS req ON l.hmcrequestid = req.hmcrequestid WHERE NOT activatedon IS NULL AND ref.createdon > ?","select `ReferralID`, `HMCRequestID`, cast(`ActivatedOn` as DATE) as `C1`, cast(`createdate` as DATE) as `C2`, cast(`ReferredOn` as DATE) as `C3` from ( SELECT DISTINCT ReferralID ,req.HMCRequestID ,ActivatedOn ,req.createdate ,ref.ReferredOn FROM prod_homecare_actransactional_homecare.referral ref J ..."
664,"SELECT screeningresultid, requestid, screeningdateid, screeningtimeid, screeningdatetime, careadivsorinternaluserkey, userid, screeningoutcometypeid, screeninginfoid, attemptcount, secondsinprospect, hcrt.hottransferred FROM prod_homecare_acreporting_reporting.facthomecarescreeningtransaction AS hcrt LEFT JOIN prod_homecare_insite_directory.hmcscreeningresult AS sr ON hcrt.screeningresultid = sr.hmcscreeningresultid WHERE screeningdateid > ?","select * from ( SELECT ScreeningResultID ,RequestID ,ScreeningDateID ,ScreeningTimeID ,ScreeningDateTime ,CareAdivsorInternalUserKey ,userid ,ScreeningOutcomeTypeID ,ScreeningInfoID ,AttemptCount ,SecondsInProspect ,hcrt.HotTransferred FROM prod_homecare_acreporting_reporting.facthomecarescreeningtr ..."
618,SELECT * FROM (SELECT * FROM main.prod_homecare_acreporting_reporting.dimtime) AS _ WHERE ? = ?,select * from ( Select * from main.prod_homecare_acreporting_reporting.dimtime ) as `_` where 0 = 1
615,SELECT * FROM main.prod_homecare_acreporting_reporting.dimtime,"select `timeid`, `minute`, `hour`, `time`, `workhour`, `_fivetran_deleted`, `_fivetran_synced` from ( Select * from main.prod_homecare_acreporting_reporting.dimtime ) as `_`"
609,"SELECT * FROM (SELECT dateid, dayofweek, dayofmonth, monthyearid, date, month, year, dayofyear, monthname, WEEKOFYEAR(date) AS weekofyear FROM prod_homecare_acreporting_reporting.dimdate WHERE date >= ? AND date < DATE_ADD(YEAR, ?, DATE_TRUNC('YEAR', CURRENT_TIMESTAMP()))) AS _ WHERE ? = ?","select * from ( Select DateID ,DayofWeek ,DayofMonth ,MonthYearID ,Date ,Month ,Year ,DayofYear ,MonthName ,weekofyear(date) WeekofYear FROM prod_homecare_acreporting_reporting.dimdate where date >= '2025-03-01' and date < date_add(Year, 1,date_trunc('year',getdate())) ) as `_` where 0 = 1"
607,"WITH cte AS (SELECT hmcr.hmcrequestid, hmcr.hmcprospectid, CASE WHEN hmcr.customflow = ? THEN ? ELSE ? END AS flow, CASE WHEN hmcr.affiliateid = ? THEN ? WHEN hmcr.affiliateid IN (?) THEN ? WHEN hmcr.affiliateid = ? THEN ? WHEN hmcr.affiliateid = ? THEN ? WHEN hmcr.affiliateid IN (?) THEN ? WHEN hmcr.affiliateid IN (?) THEN ? WHEN hmcr.url LIKE ? OR hmcr.url LIKE ? OR hmcr.url LIKE ? THEN ? WHEN hmcr.url LIKE ? OR hmcr.affiliateid = ? THEN ? WHEN hmcr.affiliateid IN (?) OR hmcr.url LIKE ? OR hmcr.url LIKE ? THEN ? WHEN hmcr.affiliateid = ? THEN ? WHEN hmcr.url IS NULL AND hmcr.affiliateid IN ( ...","select * from ( WITH CTE2 AS (WITH CTE AS (SELECT hmcr.HMCRequestID ,hmcr.HMCProspectID ,CASE WHEN hmcr.customflow =1 then 'NFE' ELSE 'OFE' END as Flow ,CASE WHEN hmcr.affiliateid = 72 THEN 'APFM' WHEN hmcr.affiliateID IN (98,100,101,102,103,104,105,109,110,122,123,124,125,126,127,128,129,130,131,13 ..."
606,"SELECT hmcr.hmcrequestid, hmcr.createdate, hmcr.affiliateid, screen.attemptcount, screen.createdate AS finalscreendate, djstepid, hmcr.requeststatusid, hmcr.requeststatuscode, screen.outcomeid AS outcomeid, CASE WHEN hmcr.affiliateid = ? THEN ? WHEN hmcr.affiliateid IN (?) THEN ? WHEN hmcr.affiliateid = ? THEN ? WHEN hmcr.affiliateid = ? THEN ? WHEN hmcr.affiliateid IN (?) THEN ? WHEN hmcr.affiliateid IN (?) THEN ? WHEN hmcr.url LIKE ? OR hmcr.url LIKE ? OR hmcr.url LIKE ? THEN ? WHEN hmcr.url LIKE ? OR hmcr.affiliateid = ? THEN ? WHEN hmcr.affiliateid IN (?) OR hmcr.url LIKE ? OR hmcr.url LIK ...","select `hmcrequestid`, `createdate`, `affiliateid`, `attemptcount`, `FinalScreenDate`, `djstepid`, `requeststatusid`, `requeststatuscode`, `outcomeid`, `AdjChannel` from ( SELECT hmcr.hmcrequestid ,hmcr.createdate ,hmcr.affiliateid ,screen.attemptcount ,screen.createdate as FinalScreenDate ,djstepid ..."
605,"WITH cte AS (SELECT providerhistoryid, date, cph.providerid, o.orderid, cph.accountid, a.accountstatusreasontypeid, providername, ordername, accountname, cph.contracttype, orderstatus, orderstatusreason, cph.monthlycap, cph.monthlysent, o.createdon AS ordercreatedate, ccfail, u2.firstname AS hcam, u.firstname AS csm, ROW_NUMBER() OVER (PARTITION BY cph.providerid ORDER BY cph.date) AS rn, ROW_NUMBER() OVER (PARTITION BY cph.providerid ORDER BY cph.date DESC) AS dayssuspended FROM prod_homecare_acreporting_reporting.cartproviderhistory AS cph LEFT JOIN prod_homecare_actransactional_billing.acco ...","select `ProviderHistoryID`, `Date`, `ProviderID`, `OrderID`, `AccountID`, `AccountStatusReasonTypeID`, `ProviderName`, `OrderName`, `AccountName`, `ContractType`, `OrderStatus`, `OrderStatusReason`, `MonthlyCap`, `MonthlySent`, `OrderCreateDate`, `CCFail`, `HCAM`, `CSM`, `rn`, `DaysSuspended`, `LagD ..."
605,"WITH cte AS (SELECT DISTINCT hmcr.hmcrequestid, CASE WHEN hmcr.affiliateid = ? THEN ? WHEN hmcr.affiliateid IN (?) THEN ? WHEN hmcr.affiliateid = ? THEN ? WHEN hmcr.affiliateid = ? THEN ? WHEN hmcr.affiliateid IN (?) THEN ? WHEN hmcr.affiliateid IN (?) THEN ? WHEN hmcr.url LIKE ? OR hmcr.url LIKE ? OR hmcr.url LIKE ? THEN ? WHEN hmcr.url LIKE ? OR hmcr.affiliateid = ? THEN ? WHEN hmcr.affiliateid IN (?) OR hmcr.url LIKE ? OR hmcr.url LIKE ? THEN ? WHEN hmcr.affiliateid = ? THEN ? WHEN hmcr.url IS NULL AND hmcr.affiliateid IN (?) THEN ? ELSE ? END AS adjchannel, hmcr.requeststatusid, hmcr.posta ...","select * from ( WITH CTE (Select DISTINCT hmcr.hmcrequestid ,CASE WHEN hmcr.affiliateid = 72 THEN 'APFM' WHEN hmcr.affiliateID IN (98,100,101,102,103,104,105,109,110,122,123,124,125,126,127,128,129,130,131,132,134) THEN 'SEM' WHEN hmcr.affiliateID = 87 THEN 'SEO' WHEN hmcr.affiliateID = 92 THEN 'SEO ..."
600,"WITH cte AS (SELECT YEAR(date), MONTH(date), orderid, cph.providerid, MAX(date) AS lastday, MAX(CASE WHEN monthlycap IS NULL THEN ? ELSE ? END) AS unlimitedcap, MAX(CASE WHEN cph.providername LIKE ? THEN ? WHEN cph.date <= ? THEN csmfix.csm WHEN cph.csm IS NULL OR (cph.csm = ? AND org.name IS NULL) THEN ? ELSE cph.csm END) AS csmf, MAX(org.name) AS name, MAX(CASE WHEN monthlycap IS NULL AND NOT monthlysent IS NULL THEN monthlysent WHEN monthlycap IS NULL AND monthlysent IS NULL THEN ? ELSE monthlycap END) AS monthlycap FROM prod_homecare_acreporting_reporting.cartproviderhistory AS cph LEFT JO ...","select * from ( WITH CTE AS ( SELECT YEAR(Date), MONTH(Date), OrderID, cph.ProviderID, MAX(Date) AS LastDay, MAX(CASE WHEN monthlycap is null then 'Yes' ELSE 'No' END) UnlimitedCap, max(CASE WHEN cph.ProviderName LIKE '%firstlight%' THEN 'Maria Pacheco' WHEN cph.Date <= '2025-04-28' THEN csmfix.CSM  ..."
596,"WITH cte AS (SELECT CONCAT(p.providerid, ?, o.orderid) AS providerorder FROM main.prod_homecare_actransactional_organization.provider AS p JOIN main.prod_homecare_actransactional_ordermanagement.orderprovider AS op ON op.providerid = p.providerid JOIN main.prod_homecare_actransactional_ordermanagement.order AS o ON o.orderid = op.orderid LEFT JOIN main.prod_homecare_actransactional_ordermanagement.orderstatustype AS ost ON ost.orderstatustypeid = o.orderstatustypeid LEFT JOIN main.prod_homecare_actransactional_ordermanagement.orderstatusreasontype AS osrt ON osrt.orderstatusreasontypeid = o.or ...","select * from ( WITH CTE AS ( Select concat(p.providerid, ""-"", o.orderid) ProviderOrder FROM main.prod_homecare_actransactional_organization.provider p JOIN main.prod_homecare_actransactional_ordermanagement.orderprovider op on op.providerid = p.providerid JOIN main.prod_homecare_actransactional_ord ..."
596,SELECT DISTINCT CASE WHEN csm IS NULL THEN ? ELSE csm END AS csm FROM prod_homecare_acreporting_reporting.cartproviderhistory AS cph WHERE date >= ?,"select `CSM` from ( SELECT DISTINCT CASE WHEN CSM is null then ""Independent"" else CSM end CSM FROM prod_homecare_acreporting_reporting.cartproviderhistory cph WHERE Date >= '2025-02-01' ) as `_`"
595,"SELECT p.name AS providername, p.providerid, o.name AS ordername, o.orderid, o.createdon AS ordercreatedate, CONCAT(p.providerid, ?, o.orderid) AS providerorder, DATEDIFF(DAY, o.createdon, CURRENT_TIMESTAMP()) AS daysactive, ost.name AS currentorderstatus, osrt.name AS currentorderreason FROM main.prod_homecare_actransactional_organization.provider AS p JOIN main.prod_homecare_actransactional_ordermanagement.orderprovider AS op ON op.providerid = p.providerid JOIN main.prod_homecare_actransactional_ordermanagement.order AS o ON o.orderid = op.orderid LEFT JOIN main.prod_homecare_actransactiona ...","select `ProviderName`, `providerid`, `OrderName`, `orderid`, cast(`OrderCreateDate` as DATE) as `C1`, `ProviderOrder`, `DaysActive`, `CurrentOrderStatus`, `CurrentOrderReason` from ( Select p.name ProviderName ,p.providerid ,o.name OrderName ,o.orderid ,o.createdon OrderCreateDate ,concat(p.provider ..."
595,"SELECT ref.referralid, ref.providerid, ref.orderid, CONCAT(ref.providerid, ?, ref.orderid) AS providerorder, CASE WHEN ref.returnapproved = TRUE THEN ? ELSE ? END AS returnapproved, CAST(ref.referredon AS DATE) AS referredon, CAST(ref.activatedon AS DATE) AS activatedon FROM main.prod_homecare_actransactional_homecare.referral AS ref LEFT JOIN main.prod_homecare_actransactional_organization.provider AS p ON p.providerid = ref.providerid WHERE ref.referredon >= ? AND ref.billingtypeid = ? AND p.providerorganizationid IS NULL","select * from ( Select ref.referralid ,ref.providerid ,ref.orderid ,concat(ref.providerid, ""-"", ref.orderid) ProviderOrder ,CASE WHEN ref.returnapproved = true then 1 else 0 end ReturnApproved ,Date(ref.referredon) ReferredOn ,date(ref.activatedon) ActivatedOn FROM main.prod_homecare_actransactional ..."
594,"SELECT DISTINCT l.hmcleadid, r.firstname, r.lastname, hmcr.postalcode, r.emailaddress, rp.phonenumber, CASE WHEN hmcr.affiliateid = ? THEN ? WHEN hmcr.affiliateid = ? THEN ? WHEN hmcr.affiliateid IN (?) THEN ? WHEN hmcr.affiliateid = ? THEN ? WHEN hmcr.affiliateid = ? THEN ? WHEN hmcr.affiliateid IN (?) THEN ? WHEN hmcr.affiliateid IN (?) THEN ? WHEN hmcr.url LIKE ? OR hmcr.url LIKE ? OR hmcr.url LIKE ? THEN ? WHEN hmcr.url LIKE ? OR hmcr.affiliateid = ? THEN ? WHEN hmcr.affiliateid IN (?) OR hmcr.url LIKE ? OR hmcr.url LIKE ? THEN ? WHEN hmcr.affiliateid = ? THEN ? WHEN hmcr.url IS NULL AND h ...","select `hmcleadid`, `firstname`, `lastname`, `postalcode`, `emailaddress`, `phonenumber`, `Channel`, `WhenCareNeeded`, `DJType`, `HoursPerWeek`, `Budget` from ( select distinct l.hmcleadid ,r.firstname ,r.lastname ,hmcr.postalcode ,r.emailaddress ,rp.phonenumber ,CASE WHEN hmcr.affiliateid =140 then ..."
593,"WITH cte AS (SELECT o.orderid, ost.name AS orderstatus, orst.name AS orderstatusreason, op.providerid, o.createdon FROM prod_homecare_actransactional_ordermanagement.order AS o LEFT JOIN prod_homecare_actransactional_ordermanagement.orderstatusreasontype AS orst ON orst.orderstatusreasontypeid = o.orderstatusreasontypeid LEFT JOIN prod_homecare_actransactional_ordermanagement.orderstatustype AS ost ON ost.orderstatustypeid = o.orderstatustypeid LEFT JOIN prod_homecare_actransactional_ordermanagement.orderprovider AS op ON op.orderid = o.orderid WHERE DATEDIFF(DAY, o.createdon, CURRENT_TIMESTAM ...","select `providerid`, `orderid`, `ProviderOrders`, `ActivationTimeFrame`, `createdon`, `Referrals`, `ProviderName`, `ReturnApproved`, `ReturnVolume` from ( WITH CTE AS ( Select o.orderid ,ost.name OrderStatus ,orst.name OrderStatusReason ,op.providerid ,o.createdon FROM prod_homecare_actransactional_ ..."
588,"SELECT orderid, htmonthlysent, orderstatusreasonnote, minimumfee, costperlead, modifiedon, highpriority, autorenew, pausedon, isprefundedpackage, prepaidtotal, htmonthlycap, modifiedby, dmorderid, costperhtlead, name, monthlysent, postalmatch, sysstarttime, totalsent, billingtypeid, orderstatussubreasontypeid, sfrecordid, createdon, confirmationmailsent, activationdate, monthlycap, proximitymatch, packagecostperlead, packagetotalcap, parentsfaccountrecordid, sysendtime, orderstatusreasontypeid, createdby, monthlyavailable, accountid, rate, matchrulesetid, totalavailable, prepaidautorenew, prox ...","select `orderid`, `htmonthlysent`, `orderstatusreasonnote`, `minimumfee`, `costperlead`, `modifiedon`, `highpriority`, `autorenew`, `pausedon`, `isprefundedpackage`, `prepaidtotal`, `htmonthlycap`, `modifiedby`, `dmorderid`, `costperhtlead`, `name`, `monthlysent`, `postalmatch`, `sysstarttime`, `tot ..."
577,"WITH cte AS (SELECT hmcr.hmcrequestid, hmcr.hmcprospectid, postalcode, CASE WHEN customflow = ? THEN ? ELSE ? END AS funnel, hmcr.createdate, hmcr.requeststatusid, hmcr.requeststatuscode, sr.createdate AS screeningdate, CASE WHEN tz.timezoneid = ? THEN CONVERT_TIMEZONE(?, ?, CAST(hmcr.createdate AS TIMESTAMP)) WHEN tz.timezoneid = ? THEN CONVERT_TIMEZONE(?, ?, CAST(hmcr.createdate AS TIMESTAMP)) WHEN tz.timezoneid = ? THEN CONVERT_TIMEZONE(?, ?, CAST(hmcr.createdate AS TIMESTAMP)) WHEN tz.timezoneid = ? THEN CONVERT_TIMEZONE(?, ?, CAST(hmcr.createdate AS TIMESTAMP)) WHEN tz.timezoneid = ? THEN ...","select `hmcrequestid`, `hmcprospectid`, `postalcode`, `Funnel`, `createdate`, `RequestStatusId`, `requeststatuscode`, `ScreeningDate`, `Adjust_CreateDate`, `AttemptCount`, `userid`, `outcomeid`, `Note`, `affiliateID`, `hmcscreenqueueid`, `ISDJ`, `DJStep`, `djstepid`, `DJType`, `hours`, `minute`, `(( ..."
572,"SELECT sr.hmcscreeningresultid, sr.hmcprospectid, sr.createdate, sr.outcomeid, sr.userid, req.createdate AS requestdate, sr.attemptcount, sr.followupdate, sr.hottransferred, sr.secondsinprospect, sr.hmcrequestid, req.affiliateid FROM prod_homecare_insite_directory.hmcscreeningresult AS sr JOIN prod_homecare_insite_directory.hmcrequest AS req ON req.hmcrequestid = sr.hmcrequestid WHERE NOT sr.outcomeid IN (?) AND req.createdate >= ?","select `HMCScreeningResultID`, `HMCProspectID`, cast(`createdate` as DATE) as `C1`, `outcomeid`, `userid`, cast(`RequestDate` as DATE) as `C2`, `AttemptCount`, `FollowUpDate`, `HotTransferred`, `SecondsInProspect`, `HMCRequestID`, `affiliateid` from ( SELECT sr.HMCScreeningResultID ,sr.HMCProspectID ..."
568,"WITH cte AS (SELECT cph.providerid, cph.orderid, cph.providername, o.createdon AS ordercreatedate, MIN(date) AS firstactivedate, MAX(date) AS lastactivedate, ost.name AS currentorderstatus, osrt.name AS currentorderstatusreasontype FROM prod_homecare_acreporting_reporting.cartproviderhistory AS cph LEFT JOIN prod_homecare_actransactional_ordermanagement.order AS o ON o.orderid = cph.orderid LEFT JOIN prod_homecare_actransactional_ordermanagement.orderstatustype AS ost ON ost.orderstatustypeid = o.orderstatustypeid LEFT JOIN prod_homecare_actransactional_ordermanagement.orderstatusreasontype AS ...","select * from ( WITH CTE(SELECT cph.ProviderID ,cph.OrderID ,cph.ProviderName ,o.createdon AS OrderCreateDate ,MIN(Date) AS FirstActiveDate ,Max(date) AS LastActiveDate ,ost.name As CurrentOrderStatus ,osrt.name As CurrentOrderStatusReasonType FROM prod_homecare_acreporting_reporting.cartproviderhis ..."
568,"SELECT hmccallbackresultid, hmcprospectid, createdate, outcomeid, userid, attemptcount, followupdate, secondsinprospect, hmcrequestid, hmccallbackreason FROM prod_homecare_insite_directory.hmccallbackresult WHERE createdate >= ?","select `HMCCallBackResultID`, `HMCProspectID`, `createdate`, `outcomeid`, `userid`, `AttemptCount`, `FollowUpDate`, `SecondsInProspect`, `HMCRequestID`, `HMCCallBackReason` from ( SELECT HMCCallBackResultID ,HMCProspectID ,createdate ,outcomeid ,userid ,AttemptCount ,FollowUpDate ,SecondsInProspect  ..."
568,"WITH cte AS (SELECT DISTINCT hmcr.hmcrequestid, hmcr.hmcprospectid, hmcr.postalcode, hmcr.affiliateid, hmcr.affiliateinquiryid, apfm.lt_form_submit_channel, CASE WHEN hmcr.customflow = ? THEN ? ELSE ? END AS flow, CASE WHEN hmcr.affiliateid IN (?) THEN ? WHEN hmcr.affiliateid = ? THEN ? WHEN hmcr.affiliateid IN (?) THEN ? WHEN hmcr.affiliateid = ? THEN ? WHEN hmcr.affiliateid = ? THEN ? WHEN hmcr.affiliateid IN (?) THEN ? WHEN hmcr.affiliateid IN (?) THEN ? WHEN hmcr.url LIKE ? OR hmcr.url LIKE ? OR hmcr.url LIKE ? THEN ? WHEN hmcr.url LIKE ? OR hmcr.affiliateid = ? THEN ? WHEN hmcr.affiliatei ...","select * from ( WITH CTE3 AS (WITH CTE2 AS (WITH CTE AS (SELECT distinct hmcr.HMCRequestID ,hmcr.HMCProspectID ,hmcr.postalcode ,hmcr.affiliateid ,hmcr.affiliateinquiryid ,apfm.lt_form_submit_channel ,CASE WHEN hmcr.customflow =1 then 'NFE' ELSE 'OFE' END as Flow ,CASE WHEN hmcr.affiliateid in (140, ..."
562,"WITH cte AS (SELECT hmcr.hmcrequestid, hmcr.affiliateid, a.affiliatename, url, CASE WHEN hmcr.customflow = ? THEN ? ELSE ? END AS flow, src.hmcprospectid AS srcprospect, CASE WHEN NOT src.hmcprospectid IS NULL THEN ? WHEN hmcr.affiliateid IN (?) THEN ? WHEN hmcr.affiliateid = ? THEN ? WHEN hmcr.affiliateid = ? THEN ? WHEN hmcr.affiliateid IN (?) THEN ? WHEN hmcr.affiliateid IN (?) THEN ? WHEN hmcr.url LIKE ? OR hmcr.url LIKE ? OR hmcr.url LIKE ? THEN ? WHEN hmcr.url LIKE ? OR hmcr.affiliateid = ? THEN ? WHEN hmcr.affiliateid IN (?) OR hmcr.url LIKE ? OR hmcr.url LIKE ? THEN ? WHEN hmcr.affilia ...","select `hmcrequestid`, `affiliateid`, `AdjChannel`, `Source` from ( with CTE AS ( select hmcr.hmcrequestid ,hmcr.affiliateid ,a.affiliatename ,url ,CASE WHEN hmcr.customflow =1 then 'NFE' ELSE 'OFE' END as Flow ,src.HMCProspectID AS SRCProspect ,CASE WHEN src.HMCProspectID IS NOT NULL THEN 'APFM DQ' ..."
562,"SELECT l.hmcleadid, l.hmcrequestid, l.hmcprospectid, l.createdate, ppn.phonenumber, p.firstname, p.lastname, p.emailaddress FROM prod_homecare_insite_directory.hmclead AS l JOIN prod_homecare_insite_directory.hmcprospectphonenumber AS ppn ON ppn.hmcprospectid = l.hmcprospectid JOIN prod_homecare_insite_directory.hmcprospect AS p ON p.hmcprospectid = l.hmcprospectid WHERE l.createdate >= ?","select * from ( Select l.hmcleadid ,l.hmcrequestid ,l.hmcprospectid ,l.createdate ,ppn.phonenumber ,p.firstname ,p.lastname ,p.emailaddress FROM prod_homecare_insite_directory.hmclead l JOIN prod_homecare_insite_directory.hmcprospectphonenumber ppn on ppn.hmcprospectid = l.hmcprospectid JOIN prod_ho ..."
561,"WITH cte AS (SELECT DISTINCT referralid, providerid, homecarereferralid, r.firstname, r.lastname, r.emailaddress, phone, carerecipientfirstname, carerecipientlastname, r.whyiscareneeded, r.postalcode, u.firstname AS careadvisor, req.requestdatetime, hmcp.hmcprospectid, referraldate, referralstatustypeid, clientapproval, externalidentifier, createdon, createdby, sysstarttime, sysendtime, hmcp.slppsourcetypeid, ROW_NUMBER() OVER (PARTITION BY referralid ORDER BY req.requestdatetime DESC) AS rn FROM prod_homecare_actransactional_seniorliving.referral AS r LEFT JOIN prod_homecare_insite_directory. ...","select `ReferralID`, `ProviderID`, `HomeCareReferralID`, `FirstName`, `LastName`, `EmailAddress`, `Phone`, `CareRecipientFirstName`, `CareRecipientLastName`, `WhyIsCareNeeded`, `PostalCode`, `CareAdvisor`, `RequestDateTime`, `HMCProspectID`, `ReferralDate`, `ReferralStatusTypeID`, `ClientApproval`,  ..."
561,"SELECT fdcc.campaignkey, dc.campaignname, dc.campaignsource, CASE WHEN dc.campaignsource = ? THEN ? WHEN campaignsource = ? THEN ? WHEN campaignsource = ? THEN ? END AS sem_source, CASE WHEN dc.campaignname LIKE ? OR dc.campaignname LIKE ? OR dc.campaignname LIKE ? THEN ? WHEN dc.campaignname LIKE ? OR dc.campaignname LIKE ? OR dc.campaignname LIKE ? OR dc.campaignname LIKE ? OR dc.campaignname LIKE ? THEN ? WHEN NOT dc.campaignname IS NULL THEN ? END AS sem_tier, CASE WHEN dc.campaignname LIKE ? OR dc.campaignname LIKE ? OR dc.campaignname = ? OR dc.campaignname = ? THEN ? ELSE ? END AS sem_s ...","select * from ( SELECT fdcc.CampaignKey ,dc.CampaignName ,dc.CampaignSource ,CASE WHEN dc.CampaignSource = 'Bing' THEN 'SEM - Bing' WHEN CampaignSource = 'Google' THEN 'SEM - Google' WHEN CampaignSource = 'Yahoo' THEN 'SEM - Bing' END as SEM_Source ,CASE WHEN dc.CampaignName Like '%T1%' OR dc.Campai ..."
558,"SELECT DISTINCT req.hmcrequestid, referralid, referralstatustypeid, returnapproved, CASE WHEN returnapproved = TRUE THEN ? ELSE ? END AS return, modifiedon, req.createdate, ref.createdon, ref.hmcleadid, orderid FROM prod_homecare_actransactional_homecare.referral AS ref LEFT JOIN prod_homecare_insite_directory.hmclead AS l ON l.hmcleadid = ref.hmcleadid LEFT JOIN prod_homecare_insite_directory.hmcrequest AS req ON l.hmcrequestid = req.hmcrequestid WHERE (billingtypeid = ? AND NOT ref.hmcleadid IS NULL) AND ref.createdon > ? ORDER BY ref.hmcleadid","select * from ( SELECT DISTINCT req.HMCRequestID ,ReferralID ,ReferralStatusTypeID ,Returnapproved ,case when returnapproved = true then 1 else 0 end return ,ModifiedOn ,req.createdate ,ref.CreatedOn ,ref.HMCLeadID ,OrderID FROM prod_homecare_actransactional_homecare.referral ref left Join prod_home ..."
557,"WITH cte AS (SELECT DISTINCT hmcr.hmcrequestid, hmcr.hmcprospectid, hmcr.postalcode, hmcr.affiliateid, hmcr.affiliateinquiryid, apfm.lt_form_submit_channel, CASE WHEN hmcr.customflow = ? THEN ? ELSE ? END AS flow, CASE WHEN hmcr.affiliateid IN (?) THEN ? WHEN hmcr.affiliateid = ? THEN ? WHEN hmcr.affiliateid IN (?) THEN ? WHEN hmcr.affiliateid = ? THEN ? WHEN hmcr.affiliateid = ? THEN ? WHEN hmcr.affiliateid IN (?) THEN ? WHEN hmcr.affiliateid IN (?) THEN ? WHEN hmcr.url LIKE ? OR hmcr.url LIKE ? OR hmcr.url LIKE ? THEN ? WHEN hmcr.url LIKE ? OR hmcr.affiliateid = ? THEN ? WHEN hmcr.affiliatei ...","select `HMCRequestID`, `HMCProspectID`, `Flow`, `lastoutcomeid`, `affiliateID`, `Channel`, `IsDJ`, `DJStep`, `djstepid`, `DJType`, `Source`, `formname`, `TimeID`, `SiteSection`, `SEMForm`, `EmailType`, `RequestDateTime`, `RequestStatusID`, `Lead`, `LSTF`, `RL`, `CampaignID`, `CampaignName` from ( WI ..."
545,"SELECT DISTINCT ref.referralid, CASE WHEN hmcr.affiliateid = ? THEN ? WHEN hmcr.affiliateid IN (?) THEN ? WHEN hmcr.affiliateid = ? THEN ? WHEN hmcr.affiliateid = ? THEN ? WHEN hmcr.affiliateid IN (?) THEN ? WHEN hmcr.affiliateid IN (?) THEN ? WHEN hmcr.url LIKE ? OR hmcr.url LIKE ? OR hmcr.url LIKE ? THEN ? WHEN hmcr.url LIKE ? OR hmcr.affiliateid = ? THEN ? WHEN hmcr.affiliateid IN (?) OR hmcr.url LIKE ? OR hmcr.url LIKE ? THEN ? WHEN hmcr.affiliateid = ? THEN ? WHEN hmcr.url IS NULL AND hmcr.affiliateid IN (?) THEN ? ELSE ? END AS adjchannel, CASE WHEN hmcr.djtypeid = ? THEN ? WHEN hmcr.djt ...","select `referralid`, `AdjChannel`, `DJType`, `ISDJ`, `DJStep` from ( Select distinct ref.referralid ,CASE WHEN hmcr.affiliateid = 72 THEN 'APFM' WHEN hmcr.affiliateID IN (98,100,101,102,103,104,105,109,110,123,124,125,126,127,128,129,130,131,132) THEN 'SEM' WHEN hmcr.affiliateID = 87 THEN 'SEO' WHEN ..."
544,"SELECT homecarechargeid, accountid, createdby, modifiedon, amount, ishottransfer, tohomecarechargeid, modifiedby, iscredit, statementid, entryid, referralid, createdon, _fivetran_deleted, _fivetran_synced FROM main.prod_homecare_actransactional_billing.homecarecharge","select `homecarechargeid`, `accountid`, `createdby`, `modifiedon`, `amount`, `ishottransfer`, `tohomecarechargeid`, `modifiedby`, `iscredit`, `statementid`, `entryid`, `referralid`, `createdon`, `_fivetran_deleted`, `_fivetran_synced` from `main`.`prod_homecare_actransactional_billing`.`homecarechar ..."
543,"SELECT referralnoteid, referralprocessstageid, rn.createdon, p.name AS providername, rn.referralid, ref.providerid, LEFT(rn.notes, LOCATE(?, rn.notes)) AS returnreason, RIGHT(rn.notes, LENGTH(rn.notes) - LOCATE(?, rn.notes)) AS returnnote, u.firstname, po.name AS orgname, digitaljourney FROM prod_homecare_actransactional_homecare.referralnote AS rn LEFT JOIN prod_homecare_actransactional_auth.users AS u ON u.userid = rn.createdby LEFT JOIN (SELECT referralid, digitaljourney, providerid FROM prod_homecare_actransactional_homecare.referral WHERE returnapproved = ? AND billingtypeid = ? AND refer ...","select * from ( SELECT ReferralNoteID ,ReferralProcessStageID ,rn.CreatedOn ,p.name ProviderName ,rn.ReferralID ,ref.ProviderID ,LEFT(rn.Notes,CHARINDEX(' -',rn.Notes)) AS ReturnReason ,RIGHT(rn.Notes,LEN(rn.Notes) - CHARINDEX('- ',rn.Notes)) AS ReturnNote ,u.FirstName ,po.name OrgName ,digitaljourn ..."
540,"SELECT referralnoteid, referralprocessstageid, rn.createdon, rn.referralid, ref.providerid, p.name AS providername, LEFT(rn.notes, LOCATE(?, rn.notes)) AS returnreason, RIGHT(rn.notes, LENGTH(rn.notes) - LOCATE(?, rn.notes)) AS returnnote, u.firstname, po.name AS orgname, digitaljourney FROM prod_homecare_actransactional_homecare.referralnote AS rn LEFT JOIN prod_homecare_actransactional_auth.users AS u ON u.userid = rn.createdby LEFT JOIN (SELECT referralid, digitaljourney, providerid FROM prod_homecare_actransactional_homecare.referral WHERE referralstatustypeid = ? AND billingtypeid = ? AND ...","select `ReferralNoteID`, `ReferralProcessStageID`, `CreatedOn`, `ReferralID`, `ProviderID`, `ProviderName`, `ReturnReason`, `ReturnNote`, `FirstName`, `OrgName`, `digitaljourney` from ( SELECT ReferralNoteID ,ReferralProcessStageID ,rn.CreatedOn ,rn.ReferralID ,ref.ProviderID ,p.name ProviderName ,L ..."
535,"WITH cte AS (SELECT DISTINCT hmcr.hmcrequestid, hmcr.hmcprospectid, hmcr.affiliateinquiryid, hmcr.postalcode AS postalcode, apfm.lt_form_submit_channel, CASE WHEN hmcr.customflow = ? THEN ? ELSE ? END AS flow, CASE WHEN hmcr.affiliateid = ? THEN ? WHEN hmcr.affiliateid IN (?) THEN ? WHEN hmcr.affiliateid = ? THEN ? WHEN hmcr.affiliateid = ? THEN ? WHEN hmcr.affiliateid IN (?) THEN ? WHEN hmcr.affiliateid IN (?) THEN ? WHEN hmcr.url LIKE ? OR hmcr.url LIKE ? OR hmcr.url LIKE ? THEN ? WHEN hmcr.url LIKE ? OR hmcr.affiliateid = ? THEN ? WHEN hmcr.affiliateid IN (?) OR hmcr.url LIKE ? OR hmcr.url  ...","select `HMCRequestID`, `HMCProspectID`, `Flow`, `lastoutcomeid`, `affiliateID`, `Channel`, `IsDJ`, `DJStep`, `PostalCode`, `djstepid`, `DJType`, `Source`, `formname`, `TimeID`, `SiteSection`, `SEMForm`, `EmailType`, `RequestDateTime`, `RequestStatusID`, `Lead`, `LSTF`, `RL`, `CampaignID`, `CampaignN ..."
532,"SELECT DISTINCT r.referralid, r.leadid, l.hmcprospectid, hmcr.hmcrequestid, l.externalidentifier AS ygl_lead_id, r.providerid, r.billingtypeid, referralstatustypeid, referredon, CASE WHEN NOT r.activatedon IS NULL THEN ? ELSE ? END AS activations, CASE WHEN NOT hmcl.hottransferred IS NULL THEN ? ELSE ? END AS ht, CASE WHEN r.istopoff = ? THEN ? ELSE ? END AS topoffqueue, CASE WHEN r.addontypeid = ? THEN ? WHEN r.addontypeid = ? THEN ? WHEN r.addontypeid = ? THEN ? ELSE NULL END AS addontype, CASE WHEN r.addontypeid IN (?) THEN ? ELSE ? END AS addon, r.createdon, CAST(returnapproved AS INT), r. ...","select * from ( SELECT DISTINCT r.ReferralID ,r.LeadID ,l.HMCProspectID ,hmcr.HMCRequestID ,l.ExternalIdentifier as YGL_Lead_ID ,r.ProviderID ,r.BillingTypeID ,ReferralStatusTypeID ,ReferredOn ,case when r.activatedon is not null then 1 else 0 end Activations ,CASE WHEN hmcl.HotTransferred IS NOT NU ..."
531,"WITH cte AS (SELECT cph.date, DATE_FORMAT(cph.date, ?) AS monthyearid, CASE WHEN p.providerorganizationid IS NULL THEN ? ELSE ? END AS org, CONCAT(cph.providerid, ?, cph.orderid) AS providerorders, COUNT(DISTINCT cph.date) AS days FROM main.prod_homecare_acreporting_reporting.cartproviderhistory AS cph LEFT JOIN main.prod_homecare_actransactional_organization.provider AS p ON p.providerid = cph.providerid WHERE date >= ? AND cph.contracttype = ? AND cph.orderstatusreason = ? GROUP BY ?, ?, ?, ?), cte1 AS (SELECT DISTINCT providerorders, SUM(days) OVER (PARTITION BY monthyearid, providerorders, ...","select * from ( WITH CTE1 AS( WITH CTE AS ( Select cph.date ,date_format(cph.date, 'yyyyMM') MonthYearID ,CASE WHEN p.providerorganizationid is null then ""Independent"" else ""Franchise"" END Org , concat(cph.providerid, '-',cph.orderid) ProviderOrders ,count(distinct cph.date) Days FROM main.prod_home ..."
530,"SELECT DISTINCT c.firstname, c.lastname, c.email, po.name AS organization, po.providerorganizationid FROM prod_homecare_actransactional_organization.providercontact AS pc LEFT JOIN prod_homecare_actransactional_organization.contact AS c ON c.contactid = pc.contactid LEFT JOIN prod_homecare_actransactional_organization.provider AS p ON p.providerid = pc.providerid LEFT JOIN prod_homecare_actransactional_organization.providerorganization AS po ON p.providerorganizationid = po.providerorganizationid LEFT JOIN prod_homecare_actransactional_organization.providercontactcontacttype AS pcct ON pcct.pr ...","select `FirstName`, `LastName`, `Email`, `Organization`, `providerorganizationid` from ( SELECT DISTINCT --p.p.Name AS 'Provider p.Name', c.FirstName ,c.LastName ,c.Email -- ,p.ProviderID ,po.name Organization ,po.providerorganizationid FROM prod_homecare_actransactional_organization.providercontact ..."
530,"SELECT p.providerid, p.name AS providername, p.providerorganizationid, c.email, c.firstname, c.lastname, c.phone FROM main.prod_homecare_actransactional_organization.provider AS p LEFT JOIN main.prod_homecare_actransactional_organization.providercontact AS pc ON pc.providerid = p.providerid LEFT JOIN main.prod_homecare_actransactional_organization.contact AS c ON c.contactid = pc.contactid WHERE c.deleted = ? AND pc.deleted = ? AND c.email NOT LIKE ? AND c.email NOT LIKE ?","select `providerid`, `ProviderName`, `providerorganizationid`, `email`, `firstname`, `lastname`, `phone` from ( Select p.providerid ,p.name ProviderName ,p.providerorganizationid ,c.email ,c.firstname ,c.lastname ,c.phone FROM main.prod_homecare_actransactional_organization.provider p LEFT JOIN main ..."
528,"SELECT p.providerid, o.orderid, CASE WHEN ost.name = ? AND orst.name = ? THEN ? ELSE ost.name END AS orderstatus, orst.name AS orderstatusreason, po.name AS organization, p.providerorganizationid, p.name AS providername FROM main.prod_homecare_actransactional_organization.provider AS p LEFT JOIN main.prod_homecare_actransactional_ordermanagement.orderprovider AS op ON op.providerid = p.providerid LEFT JOIN main.prod_homecare_actransactional_ordermanagement.order AS o ON o.orderid = op.orderid LEFT JOIN main.prod_homecare_actransactional_ordermanagement.orderstatustype AS ost ON ost.orderstatus ...","select `providerid`, `orderid`, `OrderStatus`, `OrderStatusReason`, `Organization`, `providerorganizationid`, `ProviderName` from ( Select p.providerid ,o.orderid ,case when ost.name = ""Suspended"" and orst.name = 'Monthly Cap Reached' then ""Monthly Cap Reached"" else ost.name end OrderStatus ,orst.na ..."
528,"SELECT providerid, profilefranchisename, addon, modifiedon, address, carecoordinatoruserid, agingcareprofilepage, warmtransferphonenumber, warmtransferafterhoursendtime, profilemissionstatement, profiletrademarkagencydetails, modifiedby, name, providerlogo, sysstarttime, sfrecordid, warmtransferexternalcallcenter, profileextracaregivertraining, datefounded, profilefranchiselocation, freetrialexpirationdate, createdby, warmtransferendtime, primaryphone, warmtransferafterhoursphonenumber, rate, zipaddon, profilelocalserviceareanickname, warmtransferafterhourstimezoneoffset, profileownersname, we ...","select `providerid`, `profilefranchisename`, `addon`, `modifiedon`, `address`, `carecoordinatoruserid`, `agingcareprofilepage`, `warmtransferphonenumber`, `warmtransferafterhoursendtime`, `profilemissionstatement`, `profiletrademarkagencydetails`, `modifiedby`, `name`, `providerlogo`, `sysstarttime` ..."
524,"WITH cte AS (SELECT DISTINCT hmcr.hmcrequestid, hmcr.hmcprospectid, hmcr.postalcode, hmcr.affiliateid, hmcr.affiliateinquiryid, apfm.lt_form_submit_channel, CASE WHEN hmcr.customflow = ? THEN ? ELSE ? END AS flow, CASE WHEN hmcr.affiliateid = ? THEN ? WHEN hmcr.affiliateid = ? THEN ? WHEN hmcr.affiliateid IN (?) THEN ? WHEN hmcr.affiliateid = ? THEN ? WHEN hmcr.affiliateid = ? THEN ? WHEN hmcr.affiliateid IN (?) THEN ? WHEN hmcr.affiliateid IN (?) THEN ? WHEN hmcr.url LIKE ? OR hmcr.url LIKE ? OR hmcr.url LIKE ? THEN ? WHEN hmcr.url LIKE ? OR hmcr.affiliateid = ? THEN ? WHEN hmcr.affiliateid I ...","select * from ( WITH CTE3 AS (WITH CTE2 AS (WITH CTE AS (SELECT distinct hmcr.HMCRequestID ,hmcr.HMCProspectID ,hmcr.postalcode ,hmcr.affiliateid ,hmcr.affiliateinquiryid ,apfm.lt_form_submit_channel ,CASE WHEN hmcr.customflow =1 then 'NFE' ELSE 'OFE' END as Flow ,CASE WHEN hmcr.affiliateid =140 the ..."
522,"WITH cte AS (SELECT DISTINCT date, DATE_FORMAT(cph.date, ?) AS monthyear, monthlysent, monthlycap FROM main.prod_homecare_acreporting_reporting.cartproviderhistory AS cph WHERE cph.orderid = ? AND date >= ? AND (date = LAST_DAY(date) OR date = CAST(CURRENT_TIMESTAMP() AS DATE))), cte1 AS (SELECT DISTINCT cph.date, DATE_FORMAT(cph.date, ?) AS monthyear, CASE WHEN cte.date = LAST_DAY(cte.date) THEN cte.monthlysent ELSE cte.monthlycap END AS hicap FROM cte LEFT JOIN main.prod_homecare_acreporting_reporting.cartproviderhistory AS cph ON YEAR(cte.date) = YEAR(cph.date) AND IF(DAY(cte.date) >= ?, (D ...","select `Date`, `MonthYear`, `Org`, `Adjust_MonthlyCap`, `Orders` from ( WITH CTE2 AS( WITH CTE1 AS( WITH CTE AS ( Select Distinct date ,date_format( cph.date, 'MMyyyy') MonthYear ,monthlysent ,monthlycap FROM main.prod_homecare_acreporting_reporting.cartproviderhistory cph WHERE cph.orderid = 2774 a ..."
518,"WITH cte AS (SELECT COUNT(DISTINCT referralid) AS referrals, CAST(referredon AS DATE) AS referredon, DATE_FORMAT(referredon, ?) AS monthyearid, CASE WHEN p.providerorganizationid IS NULL THEN ? ELSE ? END AS org FROM prod_homecare_actransactional_homecare.referral AS ref LEFT JOIN main.prod_homecare_actransactional_organization.provider AS p ON p.providerid = ref.providerid WHERE NOT hmcleadid IS NULL AND ref.referredon >= ? AND ref.billingtypeid = ? AND (ref.returnapproved <> TRUE OR ref.returnapproved IS NULL) GROUP BY ?, ?, ?), ctea AS (SELECT referredon, monthyearid, org, SUM(referrals) OV ...","select `Referrals`, `ReferredOn`, `MonthYearID`, `Org`, `RunningReferrals` from ( with cte as ( Select count(distinct referralid) Referrals ,date(Referredon) ReferredOn ,date_format(Referredon, 'yyyyMM') MonthYearID ,CASE WHEN p.providerorganizationid is null then ""Independent"" else ""Franchise"" END  ..."
503,"SELECT l.id, CAST(l.created_date AS DATE) AS createddate, l.converted_opportunity_id, l.owner_id FROM main.community_salesforce.lead AS l WHERE l.created_date >= ?","select `id`, `CreatedDate`, `converted_opportunity_id`, `owner_id` from ( Select l.id ,date(l.created_date) CreatedDate ,l.converted_opportunity_id ,l.owner_id FROM main.community_salesforce.lead l WHERE l.created_date >= '2025' ) as `_` limit 1000"
503,"SELECT id, username, name FROM main.community_salesforce.user","select `id`, `username`, `Name` from ( Select id ,username ,Name FROM main.community_salesforce.user ) as `_` limit 1000"
503,"SELECT orderid, htmonthlysent, orderstatusreasonnote, minimumfee, costperlead, modifiedon, highpriority, autorenew, pausedon, isprefundedpackage, prepaidtotal, htmonthlycap, modifiedby, dmorderid, costperhtlead, name, monthlysent, postalmatch, sysstarttime, totalsent, billingtypeid, orderstatussubreasontypeid, sfrecordid, createdon, confirmationmailsent, activationdate, monthlycap, proximitymatch, packagecostperlead, packagetotalcap, parentsfaccountrecordid, sysendtime, orderstatusreasontypeid, createdby, monthlyavailable, accountid, rate, matchrulesetid, totalavailable, prepaidautorenew, prox ...","select `orderid`, `htmonthlysent`, `orderstatusreasonnote`, `minimumfee`, `costperlead`, `modifiedon`, `highpriority`, `autorenew`, `pausedon`, `isprefundedpackage`, `prepaidtotal`, `htmonthlycap`, `modifiedby`, `dmorderid`, `costperhtlead`, `name`, `monthlysent`, `postalmatch`, `sysstarttime`, `tot ..."
502,"SELECT id, owner_id, CAST(created_date AS DATE) AS createddate, CAST(close_date AS DATE) AS closedate, stage_name FROM main.community_salesforce.opportunity WHERE created_date >= ?","select `id`, `owner_id`, `CreatedDate`, `CloseDate`, `stage_name` from ( Select id ,owner_id ,date(created_date) CreatedDate ,date(close_date) CloseDate ,stage_name FROM main.community_salesforce.opportunity WHERE created_date >= '2025' ) as `_`"
501,"SELECT id, CAST(created_date AS DATE) AS createddate, is_deleted, lead_id, new_value, old_value, field FROM main.community_salesforce.lead_history WHERE created_date >= ? AND field = ? AND new_value NOT LIKE ? AND new_value NOT LIKE ?","select `id`, `CreatedDate`, `is_deleted`, `lead_id`, `new_value`, `old_value`, `field` from ( Select id ,date(created_date) CreatedDate ,is_deleted ,lead_id ,new_value ,old_value ,field FROM main.community_salesforce.lead_history WHERE created_date >= '2025' and field = 'Owner' and new_value not lik ..."
501,"SELECT DISTINCT *, CONCAT(monthname, ?, year) AS monthyear, DATEDIFF(DAY, CURRENT_TIMESTAMP(), date) AS today FROM main.prod_homecare_acreporting_reporting.dimdate WHERE date >= ? AND date < DATE_ADD(YEAR, ?, DATE_TRUNC('YEAR', CURRENT_TIMESTAMP()))","select `dateid`, `quarter`, `dayofweek`, `weekenddate`, `dayofmonth`, `monthyearid`, `date`, `month`, `year`, `weekstartdate`, `dayofyear`, `weekdayname`, `monthname`, `_fivetran_deleted`, `_fivetran_synced`, `MonthYear`, `Today` from ( Select distinct *,concat(Monthname, "" "", year) MonthYear ,dated ..."
500,"SELECT orderid, htmonthlysent, orderstatusreasonnote, minimumfee, costperlead, modifiedon, highpriority, autorenew, pausedon, isprefundedpackage, prepaidtotal, htmonthlycap, modifiedby, dmorderid, costperhtlead, name, monthlysent, postalmatch, sysstarttime, totalsent, billingtypeid, orderstatussubreasontypeid, sfrecordid, createdon, confirmationmailsent, activationdate, monthlycap, proximitymatch, packagecostperlead, packagetotalcap, parentsfaccountrecordid, sysendtime, orderstatusreasontypeid, createdby, monthlyavailable, accountid, rate, matchrulesetid, totalavailable, prepaidautorenew, prox ...","select `orderid`, `htmonthlysent`, `orderstatusreasonnote`, `minimumfee`, `costperlead`, `modifiedon`, `highpriority`, `autorenew`, `pausedon`, `isprefundedpackage`, `prepaidtotal`, `htmonthlycap`, `modifiedby`, `dmorderid`, `costperhtlead`, `name`, `monthlysent`, `postalmatch`, `sysstarttime`, `tot ..."
497,"WITH cte AS (SELECT DISTINCT hmcr.hmcrequestid, hmcr.hmcprospectid, hmcr.postalcode, hmcr.affiliateid, hmcr.affiliateinquiryid, apfm.lt_form_submit_channel, CASE WHEN hmcr.customflow = ? THEN ? ELSE ? END AS flow, CASE WHEN hmcr.affiliateid IN (?) THEN ? WHEN hmcr.affiliateid = ? THEN ? WHEN hmcr.affiliateid IN (?) THEN ? WHEN hmcr.affiliateid = ? THEN ? WHEN hmcr.affiliateid = ? THEN ? WHEN hmcr.affiliateid IN (?) THEN ? WHEN hmcr.affiliateid IN (?) THEN ? WHEN hmcr.url LIKE ? OR hmcr.url LIKE ? OR hmcr.url LIKE ? THEN ? WHEN hmcr.url LIKE ? OR hmcr.affiliateid = ? THEN ? WHEN hmcr.affiliatei ...","select * from ( WITH CTE3 AS (WITH CTE2 AS (WITH CTE AS (SELECT distinct hmcr.HMCRequestID ,hmcr.HMCProspectID ,hmcr.postalcode ,hmcr.affiliateid ,hmcr.affiliateinquiryid ,apfm.lt_form_submit_channel ,CASE WHEN hmcr.customflow =1 then 'NFE' ELSE 'OFE' END as Flow ,CASE WHEN hmcr.affiliateid in (140, ..."
495,"SELECT * FROM (SELECT agentstatedetailid, agent, agentgroup, DATE_FORMAT(time, ?) AS timeid, time, LAG(time) OVER (PARTITION BY agent ORDER BY agentstatedetailid DESC) AS endtime, state, reasoncode, mediaavailability, skillavailability, CASE WHEN state = ? OR (state = ? AND reasoncode = ?) THEN ? ELSE ? END AS wastedtime, CASE WHEN state = ? AND (reasoncode IN (?)) THEN ? ELSE ? END AS agentstategroup, agentstatetime, detaildate, CASE WHEN agent = ? THEN ? WHEN agent = ? THEN ? WHEN agent = ? THEN ? WHEN agent = ? THEN ? ELSE LOWER(CONCAT(LEFT(agent, LOCATE(?, agent) - ?), SUBSTRING(agent, LOC ...","select * from ( SELECT AgentStateDetailId ,Agent ,AgentGroup ,date_format(Time,""HHmm"") Timeid ,Time ,LAG(Time) OVER (PARTITION BY Agent ORDER BY AgentStateDetailId DESC) EndTime ,State ,ReasonCode ,MediaAvailability ,SkillAvailability ,CASE WHEN State = 'After Call Work' OR (State= 'Not Ready' AND R ..."
495,"WITH cte AS (SELECT callid, SUM(CASE WHEN calltype = ? THEN ? ELSE ? END) AS transfers_attempted FROM prod_homecare_acreporting_import.five9dailycalllogs WHERE agentgroup = ? GROUP BY callid ORDER BY callid), cte1 AS (SELECT DISTINCT f9.callid, timestamp, agent, agentname, calltype, disposition, dispositionpath, calltime, talktime, dnis, handletime, consulttime, totalqueuetime, manualtime, dialtime, aftercallworktime, holdtime, ringtime, CASE WHEN calltype IN (?) THEN ? WHEN campaign IN (?) THEN ? ELSE ? END AS call_direction, CASE WHEN disposition IN (?) THEN ? WHEN disposition = ? THEN ? ELS ...","select * from ( WITH CTE AS ( SELECT CallId ,SUM(CASE WHEN CallType = '3rd party conference' THEN 1 ELSE 0 END) AS Transfers_Attempted FROM prod_homecare_acreporting_import.five9dailycalllogs WHERE agentgroup = 'AC Care Advisors' GROUP BY CallId ORDER BY CallId), CTE1 AS ( SELECT distinct f9.CallId  ..."
491,"WITH cte AS (SELECT callid, SUM(CASE WHEN calltype = ? THEN ? ELSE ? END) AS transfers_attempted FROM prod_homecare_acreporting_import.five9dailycalllogs GROUP BY callid ORDER BY callid), cte1 AS (SELECT DISTINCT f9.callid, timestamp, DATE_FORMAT(timestamp, ?) AS hours, DATE_FORMAT(timestamp, ?) AS minute, (hours * ?) + minute, agent, agentname, calltype, disposition, dispositionpath, calltime, talktime, dnis, ROW_NUMBER() OVER (PARTITION BY agent, CAST(timestamp AS DATE), dnis ORDER BY timestamp) AS uniquecall, handletime, consulttime, totalqueuetime, manualtime, dialtime, agentgroup, afterca ...","select * from ( WITH CTE AS ( SELECT CallId,SUM(CASE WHEN CallType = '3rd party conference' THEN 1 ELSE 0 END) AS Transfers_Attempted FROM prod_homecare_acreporting_import.five9dailycalllogs GROUP BY CallId ORDER BY CallId), CTE1 AS ( SELECT DISTINCT f9.CallId ,Timestamp ,date_format(Timestamp, 'HH' ..."
490,"WITH cte AS (SELECT callid, SUM(CASE WHEN calltype = ? THEN ? ELSE ? END) AS transfers_attempted FROM prod_homecare_acreporting_import.five9dailycalllogs WHERE agentgroup = ? GROUP BY callid ORDER BY callid), cte1 AS (SELECT DISTINCT f9.callid, timestamp, agent, agentname, calltype, disposition, dispositionpath, calltime, talktime, dnis, handletime, consulttime, totalqueuetime, manualtime, dialtime, aftercallworktime, holdtime, ringtime, CASE WHEN calltype IN (?) THEN ? WHEN campaign IN (?) THEN ? ELSE ? END AS call_direction, CASE WHEN disposition IN (?) THEN ? WHEN disposition = ? THEN ? ELS ...","select `Time`, `CallId`, `Timestamp`, `Agent`, `AgentName`, `CallType`, `Disposition`, `DispositionPath`, `CallTime`, `TalkTime`, `DNIS`, `HandleTime`, `ConsultTime`, `TotalQueueTime`, `ManualTime`, `DialTime`, `AfterCallWorkTime`, `HoldTime`, `RingTime`, `Call_Direction`, `Business_Process`, `Trans ..."
488,"WITH cte AS (SELECT DISTINCT hmcr.hmcrequestid, hmcr.hmcprospectid, hmcr.postalcode, hmcr.affiliateid, hmcr.affiliateinquiryid, apfm.lt_form_submit_channel, CASE WHEN hmcr.customflow = ? THEN ? ELSE ? END AS flow, CASE WHEN hmcr.affiliateid IN (?) THEN ? WHEN hmcr.affiliateid = ? THEN ? WHEN hmcr.affiliateid IN (?) THEN ? WHEN hmcr.affiliateid = ? THEN ? WHEN hmcr.affiliateid = ? THEN ? WHEN hmcr.affiliateid IN (?) THEN ? WHEN hmcr.affiliateid IN (?) THEN ? WHEN hmcr.url LIKE ? OR hmcr.url LIKE ? OR hmcr.url LIKE ? THEN ? WHEN hmcr.url LIKE ? OR hmcr.affiliateid = ? THEN ? WHEN hmcr.affiliatei ...","select `HMCRequestID`, `HMCProspectID`, `Flow`, `lastoutcomeid`, `affiliateID`, `Channel`, `IsDJ`, `DJStep`, `djstepid`, `DJType`, `Source`, `formname`, `TimeID`, `SiteSection`, `SEMForm`, `EmailType`, `RequestDateTime`, `RequestStatusID`, `Lead`, `LSTF`, `RL`, `CampaignID`, `CampaignName`, case whe ..."
488,"SELECT agentstatedetailid, agent, agentgroup, DATE_FORMAT(time, ?) AS timeid, time, LAG(time) OVER (PARTITION BY agent ORDER BY agentstatedetailid DESC) AS endtime, state, reasoncode, mediaavailability, skillavailability, CASE WHEN state = ? OR (state = ? AND reasoncode = ?) THEN ? ELSE ? END AS wastedtime, CASE WHEN state = ? AND (reasoncode IN (?)) THEN ? ELSE ? END AS agentstategroup, agentstatetime, detaildate, CASE WHEN agent = ? THEN ? WHEN agent = ? THEN ? WHEN agent = ? THEN ? WHEN agent = ? THEN ? ELSE LOWER(CONCAT(LEFT(agent, LOCATE(?, agent) - ?), SUBSTRING(agent, LOCATE(?, agent) + ...","select `AgentStateDetailId`, `Agent`, `AgentGroup`, `Timeid`, `time`, `EndTime`, `State`, `ReasonCode`, `MediaAvailability`, `SkillAvailability`, `WastedTime`, `AgentStateGroup`, `AgentStateTime`, `DetailDate`, `name_join` from ( SELECT AgentStateDetailId ,Agent ,AgentGroup ,date_format(Time,""HHmm"") ..."
486,"SELECT p.providerid, p.name AS provider, po.name AS org FROM prod_homecare_actransactional_organization.provider AS p LEFT JOIN prod_homecare_actransactional_organization.providerorganization AS po ON po.providerorganizationid = p.providerorganizationid","select `providerid`, `Provider`, `Org` from ( Select p.providerid ,p.name Provider ,po.name Org FROM prod_homecare_actransactional_organization.provider p LEFT JOIN prod_homecare_actransactional_organization.providerorganization po on po.providerorganizationid = p.providerorganizationid ) as `_`"
486,"SELECT r.referralid, r.referredon, r.returnapproved, CASE WHEN r.addontypeid = ? THEN ? WHEN r.addontypeid = ? THEN ? WHEN r.addontypeid = ? THEN ? END AS addon FROM prod_homecare_actransactional_homecare.referral AS r WHERE NOT r.addontypeid IS NULL","select * from ( Select r.referralid ,r.referredon ,r.returnapproved ,CASE WHEN r.addontypeid = 1 THEN 'Add-On' WHEN r.addontypeid = 2 THEN 'Zip' WHEN r.addontypeid = 3 THEN 'Zip Add-On' END Addon FROM prod_homecare_actransactional_homecare.referral r Where r.addontypeid is not null ) as `_` limit 0"
486,"WITH cte AS (SELECT calllogid, agentname, timestamp, LAG(timestamp) OVER (PARTITION BY agentname, CAST(timestamp AS DATE) ORDER BY timestamp) AS lagtimestamp FROM prod_homecare_acreporting_import.five9dailycalllogs WHERE timestamp >= ? AND agentgroup = ?), cte1 AS (SELECT agentname, CAST(timestamp AS DATE) AS date, timestamp, calllogid, lagtimestamp, TIMESTAMPDIFF(MINUTE, CAST(lagtimestamp AS TIMESTAMP), timestamp), CASE WHEN TIMESTAMPDIFF(MINUTE, CAST(lagtimestamp AS TIMESTAMP), timestamp) < ? THEN ? WHEN TIMESTAMPDIFF(MINUTE, CAST(lagtimestamp AS TIMESTAMP), timestamp) BETWEEN ? AND ? THEN ? ...","select * from ( WITH CTE1 AS ( WITH CTE AS ( Select calllogid ,agentname ,timestamp , lag(timestamp) over(partition by agentname, cast(timestamp as date) order by timestamp) as LagTimeStamp FROM prod_homecare_acreporting_import.five9dailycalllogs where timestamp >='2025-06-01' and agentgroup = 'AC H ..."
486,"WITH cte AS (SELECT calllogid, agentname, timestamp, LAG(timestamp) OVER (PARTITION BY agentname, CAST(timestamp AS DATE) ORDER BY timestamp) AS lagtimestamp FROM prod_homecare_acreporting_import.five9dailycalllogs WHERE timestamp >= ? AND agentgroup = ?), cte1 AS (SELECT agentname, CAST(timestamp AS DATE) AS date, timestamp, calllogid, lagtimestamp, TIMESTAMPDIFF(MINUTE, CAST(lagtimestamp AS TIMESTAMP), timestamp) AS holder, CASE WHEN TIMESTAMPDIFF(MINUTE, CAST(lagtimestamp AS TIMESTAMP), timestamp) < ? THEN ? WHEN TIMESTAMPDIFF(MINUTE, CAST(lagtimestamp AS TIMESTAMP), timestamp) BETWEEN ? AN ...","select * from ( WITH CTE1 AS ( WITH CTE AS ( Select calllogid ,agentname ,timestamp , lag(timestamp) over(partition by agentname, cast(timestamp as date) order by timestamp) as LagTimeStamp FROM prod_homecare_acreporting_import.five9dailycalllogs where timestamp >='2025-06-01' and agentgroup = 'AC H ..."
485,"WITH cte AS (SELECT agentstatedetailid, agent, agentgroup, agentfirstname, agentlastname, time, state, SECOND(agentstatetime) + (MINUTE(agentstatetime) * ?) AS duration, reasoncode, agentstatetime, DATE_FORMAT(time, ?) AS hours, DATE_FORMAT(time, ?) AS minute, (hours * ?) + minute AS starttimeid, DATE_FORMAT(TO_DATE(detaildate, ?), ?) AS dateid, TO_DATE(detaildate, ?) AS date, CASE WHEN agent = ? THEN ? WHEN agent = ? THEN ? ELSE LOWER(CONCAT(LEFT(agent, LOCATE(?, agent) - ?), SUBSTRING(agent, LOCATE(?, agent) + ?, ?))) END AS name_join FROM prod_homecare_acreporting_import.five9dailyagentstat ...","select * from ( WITH CTE2 AS ( WITH CTE1 AS( WITH CTE AS ( SELECT AgentStateDetailId ,Agent ,AgentGroup ,AgentFirstName ,AgentLastName ,Time ,State ,second(agentstatetime) + (minute(agentstatetime)*60) Duration ,ReasonCode ,AgentStateTime ,date_format(Time, 'HH') hours ,date_format(Time, 'mm') minut ..."
484,"WITH cte AS (SELECT callid, SUM(CASE WHEN calltype = ? THEN ? ELSE ? END) AS transfers_attempted FROM prod_homecare_acreporting_import.five9dailycalllogs GROUP BY callid ORDER BY callid), cte1 AS (SELECT DISTINCT f9.callid, timestamp, DATE_FORMAT(timestamp, ?) AS hours, DATE_FORMAT(timestamp, ?) AS minute, (hours * ?) + minute, agent, agentname, calltype, disposition, dispositionpath, calltime, talktime, dnis, ROW_NUMBER() OVER (PARTITION BY agent, CAST(timestamp AS DATE), dnis ORDER BY timestamp) AS uniquecall, handletime, consulttime, totalqueuetime, manualtime, dialtime, agentgroup, afterca ...","select `CallId`, `Timestamp`, `hours`, `minute`, `((lateralAliasReference(hours) * 100) + lateralAliasReference(minute))`, `Agent`, `AgentName`, `CallType`, `Disposition`, `DispositionPath`, `CallTime`, `TalkTime`, `DNIS`, `UniqueCall`, `HandleTime`, `ConsultTime`, `TotalQueueTime`, `ManualTime`, `D ..."
483,"SELECT addonreferralid, providerid, orderid, CASE WHEN pickedupon IS NULL THEN ? ELSE ? END AS acceptedaddon, referralid, createdon, CASE WHEN r.addontypeid = ? THEN ? WHEN r.addontypeid = ? THEN ? WHEN r.addontypeid = ? THEN ? END AS addon FROM prod_homecare_actransactional_homecare.addonreferral AS r","select * from ( SELECT AddOnReferralID ,ProviderID ,OrderID ,CASE WHEN PickedUpOn is null then 0 ELSE 1 END AcceptedAddon ,ReferralID ,CreatedOn ,CASE WHEN r.addontypeid = 1 THEN 'Add-On' WHEN r.addontypeid = 2 THEN 'Zip' WHEN r.addontypeid = 3 THEN 'Zip Add-On' END Addon FROM prod_homecare_actransa ..."
483,"WITH cte AS (SELECT CASE WHEN state IN (?) THEN ? ELSE ? END AS updatedstatus, *, (DATE_FORMAT(CAST(agentstatetime AS TIMESTAMP), ?) * ?) + (DATE_FORMAT(CAST(agentstatetime AS TIMESTAMP), ?)) AS duration, CASE WHEN CONCAT(agentfirstname, ?, agentlastname) = ? THEN ? WHEN CONCAT(agentfirstname, ?, agentlastname) = ? THEN ? WHEN CONCAT(agentfirstname, ?, agentlastname) = ? THEN ? WHEN CONCAT(agentfirstname, ?, agentlastname) = ? THEN ? ELSE LOWER(CONCAT(LEFT(agent, LOCATE(?, agent) - ?), SUBSTRING(agent, LOCATE(?, agent) + ?, ?))) END AS name_join FROM main.prod_homecare_acreporting_import.five9 ...","select * from ( WITH CTE2 AS( WITH CTE1 AS( WITH CTE AS( Select case when state in ('Ringing', 'On Call') then 'On Call' else 'Ready' end UpdatedStatus, *, (date_format(cast(agentstatetime as timestamp), 'mm') * 60)+ (date_format(cast(agentstatetime as timestamp), 'ss')) Duration ,CASE WHEN Concat(a ..."
481,"SELECT * FROM (SELECT sr.hmcscreeningresultid, sr.createdate, sr.outcomeid, sr.userid, req.createdate AS requestdate, sr.attemptcount, sr.secondsinprospect, sr.hmcrequestid, req.requeststatusid FROM prod_homecare_insite_directory.hmcscreeningresult AS sr JOIN prod_homecare_insite_directory.hmcrequest AS req ON req.hmcrequestid = sr.hmcrequestid WHERE NOT sr.outcomeid IN (?) AND req.createdate >= ?) AS _ WHERE ? = ?","select * from ( SELECT sr.HMCScreeningResultID -- ,sr.HMCProspectID ,sr.createdate ,sr.outcomeid ,sr.userid ,req.createdate as RequestDate ,sr.AttemptCount -- ,sr.FollowUpDate -- ,sr.HotTransferred ,sr.SecondsInProspect ,sr.HMCRequestID ,req.requeststatusid -- ,req.affiliateid FROM prod_homecare_ins ..."
479,"WITH cte AS (SELECT CASE WHEN state IN (?) THEN ? ELSE ? END AS updatedstatus, *, (DATE_FORMAT(CAST(agentstatetime AS TIMESTAMP), ?) * ?) + (DATE_FORMAT(CAST(agentstatetime AS TIMESTAMP), ?)) AS duration, CASE WHEN CONCAT(agentfirstname, ?, agentlastname) = ? THEN ? WHEN CONCAT(agentfirstname, ?, agentlastname) = ? THEN ? WHEN CONCAT(agentfirstname, ?, agentlastname) = ? THEN ? WHEN CONCAT(agentfirstname, ?, agentlastname) = ? THEN ? ELSE LOWER(CONCAT(LEFT(agent, LOCATE(?, agent) - ?), SUBSTRING(agent, LOCATE(?, agent) + ?, ?))) END AS name_join FROM main.prod_homecare_acreporting_import.five9 ...","select `Agent`, `Date`, `name_join`, `Group_id`, `updatedstatus`, `FirstTime`, `TotalTime` from ( WITH CTE2 AS( WITH CTE1 AS( WITH CTE AS( Select case when state in ('Ringing', 'On Call') then 'On Call' else 'Ready' end UpdatedStatus, *, (date_format(cast(agentstatetime as timestamp), 'mm') * 60)+ ( ..."
471,"WITH cte AS (SELECT cph.providerid, cph.providername, cph.orderid, o.createdon AS ordercreatedate, MIN(date) AS firstactivedate, MAX(date) AS lastactivedate, ost.name AS currentorderstatus, osrt.name AS currentorderstatusreasontype, u2.firstname AS hcam, u.firstname AS csm FROM prod_homecare_acreporting_reporting.cartproviderhistory AS cph LEFT JOIN prod_homecare_actransactional_ordermanagement.order AS o ON o.orderid = cph.orderid LEFT JOIN prod_homecare_actransactional_ordermanagement.orderstatustype AS ost ON ost.orderstatustypeid = o.orderstatustypeid LEFT JOIN prod_homecare_actransactiona ...","select * from ( WITH CTE AS ( SELECT cph.ProviderID ,cph.ProviderName ,cph.OrderID ,o.createdon AS OrderCreateDate ,MIN(Date) AS FirstActiveDate ,Max(date) AS LastActiveDate ,ost.name As CurrentOrderStatus ,osrt.name As CurrentOrderStatusReasonType ,u2.FirstName AS HCAM ,u.FirstName AS CSM FROM prod ..."
468,"SELECT hcrs.requestid, hmcr.hmcprospectid, hmcr.postalcode, dhcr.customeracquisitionkey, dca.source AS osource, CASE WHEN hmcr.affiliateid IN (?) THEN ? WHEN hmcr.affiliateid = ? THEN ? WHEN hmcr.affiliateid = ? THEN ? WHEN hmcr.affiliateid = ? THEN ? WHEN hmcr.affiliateid IN (?) THEN ? WHEN hmcr.url LIKE ? OR hmcr.url LIKE ? OR hmcr.url LIKE ? THEN ? WHEN hmcr.url LIKE ? THEN ? WHEN dca.source IN (?) OR hmcr.url LIKE ? OR hmcr.url LIKE ? THEN ? WHEN dca.source = ? THEN ? WHEN hmcr.affiliateid = ? THEN ? WHEN hmcr.url IS NULL AND dca.source = ? THEN ? ELSE ? END AS adjchannel, hmcr.url, hmcr.a ...","select * from ( SELECT hcrs.RequestID ,hmcr.HMCProspectID ,hmcr.postalcode ,dhcr.CustomerAcquisitionKey ,dca.Source as oSource ,CASE WHEN hmcr.affiliateID IN (98,100,101,102,103,104,105,109,110) THEN 'SEM' WHEN hmcr.affiliateID = 87 THEN 'SEO' WHEN hmcr.affiliateID = 92 THEN 'SEO' WHEN hmcr.affiliat ..."
468,"SELECT dateid, date, dayofyear, dayofmonth, dayofweek, weekdayname, month, monthname, year, quarter, monthyearid, weekstartdate, weekenddate FROM prod_homecare_acreporting_reporting.dimdate WHERE date >= DATE_ADD(MONTH, -?, CURRENT_TIMESTAMP())","select * from ( SELECT DateID ,Date ,DayOfYear ,DayOfMonth ,DayOfWeek ,WeekDayName ,Month ,MonthName ,Year ,Quarter ,MonthYearID ,WeekStartDate ,WeekEndDate FROM prod_homecare_acreporting_reporting.dimdate Where date >= DATEADD(Month,-3,GETDATE()) ) as `_` limit 0"
467,"WITH cte AS (SELECT DISTINCT ci.name, COUNT(DISTINCT (code)) AS zip_count FROM prod_homecare_actransactional_geo.postalcode_01072025 AS pcv JOIN prod_homecare_actransactional_organization.providerservicecoverage AS psc ON psc.postalcodeid = pcv.postalcodeid JOIN prod_homecare_actransactional_geo.city AS ci ON ci.cityid = pcv.cityid WHERE pcv.countryid = ? AND psc.deleted = ? GROUP BY ci.name ORDER BY ci.name) SELECT DISTINCT pro.name, psc.providerid, ci.name AS city, sp.name AS state, COUNT(code) AS zip_count_provider, zip_count AS zip_count_total FROM prod_homecare_actransactional_geo.postalc ...","select `name`, `ProviderID`, `City`, `State`, `Zip_Count_Provider`, `Zip_Count_Total` from ( WITH CTE AS( SELECT DISTINCT ci.Name ,COUNT(DISTINCT(Code)) as Zip_Count FROM prod_homecare_actransactional_geo.postalcode_01072025 pcv JOIN prod_homecare_actransactional_organization.providerservicecoverage ..."
467,"SELECT DISTINCT r.hmcrequestid, r.hmcprospectid, l.hmcleadid, ref.providerid, r.postalcode FROM prod_homecare_insite_directory.hmcrequest AS r JOIN prod_homecare_insite_directory.hmclead AS l ON l.hmcrequestid = r.hmcrequestid LEFT JOIN prod_homecare_actransactional_homecare.referral AS ref ON ref.hmcleadid = l.hmcleadid WHERE r.createdate > ADD_MONTHS(CURRENT_TIMESTAMP(), -?)","select `HMCRequestID`, `HMCProspectID`, `hmcLeadID`, `providerid`, `postalcode` from ( SELECT DISTINCT r.HMCRequestID ,r.HMCProspectID ,l.hmcLeadID ,ref.providerid ,r.postalcode FROM prod_homecare_insite_directory.hmcrequest r JOIN prod_homecare_insite_directory.hmclead l on l.hmcrequestid = r.hmcre ..."
467,"SELECT r.referralid, r.leadid, l.hmcprospectid, hmcr.hmcrequestid, l.externalidentifier AS ygl_lead_id, r.providerid, r.billingtypeid, referralstatustypeid, referredon, CASE WHEN NOT hmcl.hottransferred IS NULL THEN ? ELSE ? END AS ht, CASE WHEN r.istopoff = ? THEN ? ELSE ? END AS topoffqueue, CAST(r.createdon AS DATE) AS createdon, returnapproved, r.hmcleadid, orderid, CASE WHEN p.ispace = ? THEN ? ELSE ? END AS pacereferral, hcc.ishottransfer, hcc.amount, CASE WHEN r.billingtypeid = ? THEN ? WHEN hcc.accountid = ? AND log.deliverystatustypeid IN (?) AND hcc.createdon >= ? AND hcc.ishottransf ...","select * from ( SELECT r.ReferralID ,r.LeadID ,l.HMCProspectID ,hmcr.HMCRequestID ,l.ExternalIdentifier as YGL_Lead_ID ,r.ProviderID ,r.BillingTypeID ,ReferralStatusTypeID ,ReferredOn ,CASE WHEN hmcl.HotTransferred IS NOT NULL THEN 1 ELSE 0 END as HT ,CASE WHEN r.IsTopOff = 1 THEN 1 ELSE 0 END AS To ..."
466,"SELECT pcv.code, ci.name AS city, sp.name AS state, CONCAT(ci.name, ?, sp.name) AS location, ROUND(AVG(latitude), ?) AS latitude, ROUND(AVG(longitude), ?) AS longitude FROM prod_homecare_actransactional_geo.postalcode_01072025 AS pcv JOIN prod_homecare_actransactional_geo.city AS ci ON ci.cityid = pcv.cityid JOIN prod_homecare_actransactional_geo.stateprovince AS sp ON sp.stateprovinceid = ci.stateprovinceid GROUP BY pcv.code, ci.name, sp.name, ci.name + ? + sp.name","select * from ( select pcv.code , ci.name City , sp.name State , concat(ci.name,', ',sp.name) Location , ROUND(AVG(Latitude),2) AS Latitude , ROUND(AVG(Longitude),2) AS Longitude from prod_homecare_actransactional_geo.postalcode_01072025 pcv JOIN prod_homecare_actransactional_geo.city ci on ci.CityI ..."
466,"WITH cte AS (SELECT COUNT(DISTINCT (hmcr.hmcrequestid)) AS leads, hmcr.postalcode, CAST(hmcr.createdate AS DATE) AS createdate, SUM(DISTINCT (ppc.providercount)) AS provider_count, sp.name AS state FROM prod_homecare_acreporting_reporting.facthomecarerequestsummary AS hcrs LEFT JOIN prod_homecare_acreporting_reporting.dimhomecarerequest AS dhcr ON hcrs.requestid = dhcr.requestid LEFT JOIN prod_homecare_insite_directory.hmcrequest AS hmcr ON hmcr.hmcrequestid = hcrs.requestid LEFT JOIN prod_homecare_acreporting_reporting.dimcustomeracquisition AS dca ON dca.customeracquisitionkey = dhcr.custome ...","select `Leads`, `postalcode`, `createdate`, `Provider_Count`, `State`, `Provider_Value`, `Base_Value` from ( WITH CTE AS ( SELECT count(distinct(hmcr.hmcrequestid)) Leads ,hmcr.postalcode ,CASt(hmcr.createdate as DATE) as createdate ,sum(distinct(ppc.providercount))as Provider_Count ,sp.name State F ..."
466,"WITH cte AS (SELECT providerhistoryid, date, cph.providerid, o.orderid, cph.accountid, a.accountstatusreasontypeid, providername, ordername, accountname, cph.contracttype, orderstatus, orderstatusreason, cph.monthlycap, cph.monthlysent, o.createdon AS ordercreatedate, ccfail, u2.firstname AS hcam, u.firstname AS csm, ROW_NUMBER() OVER (PARTITION BY cph.providerid ORDER BY cph.date) AS rn, ROW_NUMBER() OVER (PARTITION BY cph.providerid ORDER BY cph.date DESC) AS dayssuspended FROM prod_homecare_acreporting_reporting.cartproviderhistory AS cph LEFT JOIN prod_homecare_actransactional_billing.acco ...","select * from ( WITH CTE4 AS ( WITH CTE3 AS ( WITH CTE2 AS( WITH CTE1 AS ( WITH CTE AS ( SELECT ProviderHistoryID ,Date ,cph.ProviderID ,o.OrderID ,cph.AccountID ,a.AccountStatusReasonTypeID ,ProviderName ,OrderName ,AccountName ,cph.ContractType ,OrderStatus ,OrderStatusReason ,cph.MonthlyCap ,cph. ..."
466,"WITH cte AS (SELECT DISTINCT r.referralid, leadid, providerid, billingtypeid, referralstatustypeid, referredon, activatedon, advisoractivatedon, startedcareon, advisorstartedcareon, endedcareon, advisorendedcareon, externalidentifier, r.modifiedon, r.modifiedby, r.createdon, r.createdby, sysstarttime, sysendtime, advisorreferralstatustypeid, previousendedcareon, referralendcarereasontypeid, returnapproved, CONCAT(MONTH(referredon), ?, YEAR(referredon)) AS monthyear, hmcleadid, orderid, hmcleadidupdateby, referraldisplaystatustypeid, referralactivationsourceid, CASE WHEN r.orderid = ? THEN ? WH ...","select * from ( WITH CTE as (SELECT DISTINCT r.ReferralID ,LeadID ,ProviderID ,BillingTypeID ,ReferralStatusTypeID ,ReferredOn ,ActivatedOn ,AdvisorActivatedOn ,StartedCareOn ,AdvisorStartedCareOn ,EndedCareOn ,AdvisorEndedCareOn ,ExternalIdentifier ,r.ModifiedOn ,r.ModifiedBy ,r.CreatedOn ,r.Create ..."
466,"SELECT * FROM (SELECT referralbillingid, referralid, providerid, amount, rate, billingperiodid, reportedon, invoicedon, modifiedon, modifiedby, createdon, createdby, sysstarttime, sysendtime FROM prod_homecare_actransactional_homecare.referralbilling WHERE invoicedon >= ? OR invoicedon IS NULL) AS _ WHERE ? = ?","select * from ( SELECT ReferralBillingID ,ReferralID ,ProviderID ,Amount ,Rate ,BillingPeriodID ,ReportedOn ,InvoicedOn ,ModifiedOn ,ModifiedBy ,CreatedOn ,CreatedBy ,SysStartTime ,SysEndTime FROM prod_homecare_actransactional_homecare.referralbilling WHERE InvoicedOn >= '2023-06-01' OR InvoicedOn I ..."
465,"WITH cte AS (SELECT cph.providerid, cph.providername, cph.orderid, o.createdon AS ordercreatedate, MIN(date) AS firstactivedate, MAX(date) AS lastactivedate, ost.name AS currentorderstatus, osrt.name AS currentorderstatusreasontype, u2.firstname AS hcam, u.firstname AS csm FROM prod_homecare_acreporting_reporting.cartproviderhistory AS cph LEFT JOIN prod_homecare_actransactional_ordermanagement.order AS o ON o.orderid = cph.orderid LEFT JOIN prod_homecare_actransactional_ordermanagement.orderstatustype AS ost ON ost.orderstatustypeid = o.orderstatustypeid LEFT JOIN prod_homecare_actransactiona ...","select `ProviderID`, `ProviderName`, `OrderID`, `OrderCreateDate`, `FirstActiveDate`, `LastActiveDate`, `CurrentOrderStatus`, `CurrentOrderStatusReasonType`, `HCAM`, `CSM` from ( WITH CTE AS ( SELECT cph.ProviderID ,cph.ProviderName ,cph.OrderID ,o.createdon AS OrderCreateDate ,MIN(Date) AS FirstAct ..."
465,"SELECT * FROM (SELECT hottransferresultid, htr.providerid, lid.leadid, hottransferresponseid, DATE_ADD(HOUR, -?, hottransferredon) AS hottransferredon, htr.createdon, htr.createdby, htr.modifiedon, htr.modifiedby, deleted, CONCAT(l.contactfirstname, ?, l.contactlastname) AS contactname, CONCAT(l.firstname, ?, l.lastname) AS residentname, l.contactphone, l.contactemail FROM prod_homecare_actransactional_homecare.hottransferresult AS htr LEFT JOIN prod_homecare_actransactional_homecare.lead AS l ON l.leadid = htr.leadid LEFT JOIN prod_homecare_actransactional_homecare.referral AS r ON htr.provid ...","select * from ( SELECT HotTransferResultID ,htr.ProviderID ,lid.LeadID ,HotTransferResponseID ,DATEADD(hour,-5,HotTransferredOn) AS HotTransferredOn ,htr.CreatedOn ,htr.CreatedBy ,htr.ModifiedOn ,htr.ModifiedBy ,Deleted ,CONCAT(l.ContactFirstName, ' ',l.ContactLastName) AS ContactName ,CONCAT(l.Firs ..."
465,"SELECT * FROM (SELECT r.referralid, r.leadid, l.hmcprospectid, hmcr.hmcrequestid, l.externalidentifier AS ygl_lead_id, r.providerid, r.billingtypeid, referralstatustypeid, referredon, r.orderid, log.deliverystatustypeid, dst.name AS deliverystatus FROM prod_homecare_actransactional_homecare.referral AS r LEFT JOIN prod_homecare_actransactional_homecare.lead AS l ON r.leadid = l.leadid LEFT JOIN prod_homecare_actransactional_organization.provider AS p ON p.providerid = r.providerid LEFT JOIN prod_homecare_insite_directory.hmclead AS hmcl ON hmcl.hmcleadid = r.hmcleadid LEFT JOIN prod_homecare_i ...","select * from ( Select r.ReferralID ,r.LeadID ,l.HMCProspectID ,hmcr.HMCRequestID ,l.ExternalIdentifier as YGL_Lead_ID ,r.ProviderID ,r.BillingTypeID ,ReferralStatusTypeID ,ReferredOn ,r.orderid ,log.DeliveryStatusTypeID ,dst.Name DeliveryStatus FROM prod_homecare_actransactional_homecare.referral r ..."
459,"WITH cte AS (SELECT providerhistoryid, date, cph.providerid, o.orderid, cph.accountid, a.accountstatusreasontypeid, providername, ordername, accountname, cph.contracttype, orderstatus, orderstatusreason, cph.monthlycap, cph.monthlysent, o.createdon AS ordercreatedate, ccfail, u2.firstname AS hcam, u.firstname AS csm, ROW_NUMBER() OVER (PARTITION BY cph.providerid ORDER BY cph.date) AS rn, ROW_NUMBER() OVER (PARTITION BY cph.providerid ORDER BY cph.date DESC) AS dayssuspended FROM prod_homecare_acreporting_reporting.cartproviderhistory AS cph LEFT JOIN prod_homecare_actransactional_billing.acco ...","select `ProviderHistoryID`, `Date`, `ProviderID`, `OrderID`, `AccountID`, `AccountStatusReasonTypeID`, `ProviderName`, `OrderName`, `AccountName`, `ContractType`, `OrderStatus`, `OrderStatusReason`, `MonthlyCap`, `MonthlySent`, `OrderCreateDate`, `CCFail`, `HCAM`, `CSM`, `rn`, `DaysSuspended`, `LagD ..."
445,SELECT * FROM prod_homecare_actransactional_billing.account,"select `accountid`, `corporateaccountid`, `accountstatusreasonnote`, `address`, `modifiedon`, `postalcode`, `modifiedby`, `name`, `paymentsourceid`, `iscorporateaccount`, `sysstarttime`, `sfrecordid`, `createdon`, `dmcardconnectsourceid`, `dmaccountid`, `hideinportal`, `sysendtime`, `billingcycle`,  ..."
441,"WITH cte AS (SELECT dateid, date, CASE WHEN dayofweek = ? THEN date WHEN dayofweek > ? THEN DATE_ADD(DAY, ? - dayofweek, date) ELSE DATE_ADD(DAY, -?, date) END AS weekstart, dayofyear, dayofmonth, dayofweek, weekdayname, month, monthname, year, YEAR(CURRENT_TIMESTAMP()) AS modyear, CONCAT(monthname, ?, YEAR(CURRENT_TIMESTAMP())) AS modmonthyear, CONCAT(monthname, ?, year) AS monthyear, monthyearid FROM prod_homecare_acreporting_reporting.dimdate WHERE dateid BETWEEN CAST(YEAR(DATE_ADD(YEAR, -?, CURRENT_TIMESTAMP())) * ? AS DECIMAL) AND CAST(YEAR(DATE_ADD(YEAR, ?, CURRENT_TIMESTAMP())) * ? AS D ...","select * from ( WITH CTE AS ( SELECT DateID ,Date ,CASE WHEN DayOfWeek = 2 THEN Date WHEN DayOfWeek > 2 THEN DATEADD(day, 2- DayOfWeek,Date) ELSE DATEADD(day, -6,Date) END as WeekStart ,DayOfYear ,DayOfMonth ,DayOfWeek ,WeekDayName ,Month ,MonthName ,Year ,Year(Getdate()) as ModYear ,CONCAT(MonthNam ..."
441,"WITH cte AS (SELECT date, orderid, AVG(monthlycap) AS ordermonthlymax, AVG(monthlysent) AS leadssent FROM prod_homecare_acreporting_reporting.cartproviderhistory WHERE contracttype = ? AND orderstatus IN (?) AND orderstatusreason <> ? AND (ccfail = ? OR ccfail IS NULL) AND orderid <> ? GROUP BY orderid, date ORDER BY date, orderid) SELECT date, orderid, CASE WHEN orderid = ? THEN ? WHEN ordermonthlymax IS NULL THEN ? ELSE ordermonthlymax END AS ordermonthlymax, leadssent FROM cte ORDER BY date, orderid","select * from ( WITH CTE AS ( SELECT Date,OrderID,AVG(MonthlyCap) AS OrderMonthlyMax,AVG(MonthlySent) AS LeadsSent FROM prod_homecare_acreporting_reporting.cartproviderhistory WHERE ContractType = 'CPL' AND OrderStatus IN ('Suspended') AND OrderStatusReason <> 'Monthly Cap Reached' AND (CCFail = 0 O ..."
441,"SELECT DISTINCT o.accountid, a.name AS accountname FROM prod_homecare_actransactional_ordermanagement.order AS o LEFT JOIN prod_homecare_actransactional_billing.account AS a ON a.accountid = o.accountid LEFT JOIN prod_homecare_actransactional_ordermanagement.orderstatustype AS ost ON ost.orderstatustypeid = o.orderstatustypeid LEFT JOIN prod_homecare_actransactional_ordermanagement.orderstatusreasontype AS osrt ON osrt.orderstatusreasontypeid = o.orderstatusreasontypeid WHERE (NOT osrt.name IN (?) OR osrt.name IS NULL) AND servicetypeid = ? AND billingtypeid = ? AND NOT ost.name IN (?)","select * from ( SELECT DISTINCT o.AccountID,a.Name AS AccountName FROM prod_homecare_actransactional_ordermanagement.order o LEFT JOIN prod_homecare_actransactional_billing.account a ON a.AccountID = o.AccountID LEFT JOIN prod_homecare_actransactional_ordermanagement.orderstatustype ost ON ost.Order ..."
440,SELECT * FROM prod_homecare_insite_dbo.orderstatusreference,select * from ( Select * FROM prod_homecare_insite_dbo.orderstatusreference ) as `_` limit 0
440,"WITH cte AS (SELECT r.referralid, r.leadid, l.hmcprospectid, l.externalidentifier AS ygl_lead_id, billingtypeid, referralstatustypeid, referredon, CASE WHEN NOT hmcl.hottransferred IS NULL THEN ? ELSE ? END AS ht, r.createdon, returnapproved, r.hmcleadid, orderid, hcc.amount, CASE WHEN r.orderid = ? THEN ? WHEN r.billingtypeid = ? THEN ? ELSE hcc.amount END AS referralrevenue, CASE WHEN (r.hmcleadid IS NULL AND billingtypeid = ?) THEN ? WHEN dca.source = ? THEN ? ELSE ? END AS apfm FROM prod_homecare_actransactional_homecare.referral AS r LEFT JOIN prod_homecare_actransactional_homecare.lead A ...","select `ReferralID`, `LeadID`, `HMCProspectID`, `YGL_Lead_ID`, `BillingTypeID`, `ReferralStatusTypeID`, `ReferredOn`, `HT`, `CreatedOn`, `ReturnApproved`, `HMCLeadID`, `OrderID`, `Amount`, `ReferralRevenue`, `APFM`, `BusinessUnit`, `C1`, `C2`, `C1` as `C3` from ( select `ReferralID`, `LeadID`, `HMCP ..."
440,SELECT * FROM prod_homecare_actransactional_billing.accountstatusreasontype,"select `accountstatusreasontypeid`, `createdby`, `createdon`, `name`, `_fivetran_deleted`, `_fivetran_synced` from ( Select * FROM prod_homecare_actransactional_billing.accountstatusreasontype ) as `_`"
440,"SELECT applicantid, createdon FROM prod_homecare_actransactional_recruitment.applicant","select `ApplicantID`, `CreatedOn`, cast({ fn round(`C1`, 0) } as BIGINT) as `C2` from ( select `ApplicantID`, `CreatedOn`, (cast({ fn year(`CreatedOn`) } as DOUBLE) * 1.000000000000000E+004 + cast({ fn month(`CreatedOn`) } as DOUBLE) * 1.000000000000000E+002) + cast({ fn dayofmonth(`CreatedOn`) } as ..."
440,"SELECT referralbillingid, referralid, providerid, amount, rate, amount * rate / ? AS revshare, rb.billingperiodid, reportedon, CASE WHEN DAY(reportedon) >= ? THEN DATE_ADD(LAST_DAY(ADD_MONTHS(reportedon, ?)), ?) ELSE reportedon END AS reportedonmod, rb.invoicedon, rb.createdon, rb.createdby, bp.billingperiodid AS actbillingperiodid FROM prod_homecare_actransactional_homecare.referralbilling AS rb LEFT JOIN prod_homecare_actransactional_homecare.billingperiod AS bp ON (rb.invoicedon IS NULL AND bp.billingperiodstatustypeid = ?) OR (rb.invoicedon = bp.invoicedon) ORDER BY reportedon ASC","select `ReferralBillingID`, `ReferralID`, `ProviderID`, `Amount`, `Rate`, `RevShare`, `BillingPeriodID`, `ReportedOn`, `ReportedOnMod`, `InvoicedOn`, `CreatedOn`, `CreatedBy`, `ActBillingPeriodID`, (cast({ fn year(`ReportedOnMod`) } as DOUBLE) * 1.000000000000000E+004 + cast({ fn month(`ReportedOnMo ..."
440,"WITH cte AS (SELECT date, accountid, AVG(accountmonthlymax) AS accountmonthlymax, AVG(leadssent) AS leadssent FROM prod_homecare_acreporting_reporting.factproviderhistory WHERE contracttype = ? AND NOT orderstatus IN (?) GROUP BY accountid, date ORDER BY date, accountid) SELECT date, accountid, CASE WHEN accountmonthlymax IS NULL THEN ? ELSE accountmonthlymax END AS accountmonthlymax, leadssent FROM cte ORDER BY accountid, date","select * from ( WITH CTE AS ( SELECT Date,AccountID,AVG(AccountMonthlyMax) AS AccountMonthlyMax,AVG(LeadsSent) AS LeadsSent FROM prod_homecare_acreporting_reporting.factproviderhistory WHERE ContractType = 'CPL' AND OrderStatus not in ('Suspended' ,'Onboarding') GROUP BY AccountID,Date ORDER BY Date ..."
439,"SELECT r.referralid, r.leadid, l.hmcprospectid, hmcr.hmcrequestid, l.externalidentifier AS ygl_lead_id, providerid, billingtypeid, referralstatustypeid, referredon, YEAR(referredon) * ? + MONTH(referredon) * ? + DAY(referredon) AS referredondateid, activatedon, startedcareon, endedcareon, r.createdon, returnapproved, r.hmcleadid, orderid, hcc.entryid, hcc.amount AS cpr_revenue, CASE WHEN r.orderid = ? THEN ? ELSE hcc.amount END AS cpl_revenue, COUNT(*) OVER (PARTITION BY r.referralid ORDER BY r.hmcleadid DESC) AS ct FROM prod_homecare_actransactional_homecare.referral AS r LEFT JOIN prod_homec ...","select `ReferralID`, `LeadID`, `HMCProspectID`, `HMCRequestID`, `YGL_Lead_ID`, `ProviderID`, `BillingTypeID`, `ReferralStatusTypeID`, `ReferredOn`, `ReferredOnDateID`, `ActivatedOn`, `StartedCareOn`, `EndedCareOn`, `CreatedOn`, `ReturnApproved`, `HMCLeadID`, `OrderID`, `EntryID`, `CPR_Revenue`, `CPL ..."
439,"WITH cte AS (SELECT date, orderid, AVG(monthlycap) AS ordermonthlymax, AVG(monthlysent) AS leadssent FROM prod_homecare_acreporting_reporting.cartproviderhistory WHERE contracttype = ? AND (ccfail = ? OR ccfail IS NULL) AND orderid <> ? AND orderstatus <> ? GROUP BY orderid, date ORDER BY date, orderid) SELECT date, orderid, CASE WHEN orderid = ? THEN ? WHEN ordermonthlymax IS NULL THEN ? ELSE ordermonthlymax END AS ordermonthlymax, leadssent FROM cte ORDER BY date, orderid","select * from ( WITH CTE AS ( SELECT Date,OrderID,AVG(MonthlyCap) AS OrderMonthlyMax,AVG(MonthlySent) AS LeadsSent FROM prod_homecare_acreporting_reporting.cartproviderhistory WHERE ContractType = 'CPL' AND (CCFail = 0 OR CCFail IS NULL) AND OrderID <> 12705 and orderstatus <> 'Onboarding' GROUP BY  ..."
439,"WITH cte AS (SELECT date, orderid, AVG(monthlycap) AS ordermonthlymax, AVG(monthlysent) AS leadssent FROM prod_homecare_acreporting_reporting.cartproviderhistory WHERE contracttype = ? AND (NOT orderstatus IN (?) OR orderstatusreason = ?) GROUP BY orderid, date ORDER BY date, orderid) SELECT date, orderid, CASE WHEN orderid = ? THEN ? WHEN ordermonthlymax IS NULL THEN ? ELSE ordermonthlymax END AS ordermonthlymax, leadssent FROM cte ORDER BY date, orderid","select `Date`, `OrderID`, `OrderMonthlyMax`, `LeadsSent` from ( WITH CTE AS ( SELECT Date,OrderID,AVG(MonthlyCap) AS OrderMonthlyMax,AVG(MonthlySent) AS LeadsSent FROM prod_homecare_acreporting_reporting.cartproviderhistory WHERE ContractType = 'CPL' AND (OrderStatus NOT IN ('Suspended','Paused', 'O ..."
439,"WITH cart AS (SELECT referralid, r.leadid, l.advisor, l.contactemail, l.contactphone, providerid, billingtypeid, referredon FROM prod_homecare_actransactional_homecare.referral AS r LEFT JOIN prod_homecare_actransactional_homecare.lead AS l ON r.leadid = l.leadid WHERE referredon > ?), ac AS (SELECT hmcleadid, hcrt.requestid, dhcl.contactemail, dhcl.contactphone, leadsentdateid, TO_DATE(CAST(leadsentdateid AS STRING), ?) AS leadsentdate, hcrt.accountid, hottransferred, screeningresultid, dp.companyid, ci.providerid FROM prod_homecare_acreporting_reporting.facthomecarereferraltransaction AS hcr ...","select * from ( WITH CART AS ( SELECT ReferralID ,r.LeadID ,l.Advisor ,l.ContactEmail ,l.ContactPhone ,ProviderID ,BillingTypeID ,ReferredOn FROM prod_homecare_actransactional_homecare.referral r LEFT JOIN prod_homecare_actransactional_homecare.lead l on r.LeadID = l.LeadID WHERE ReferredOn > '2019' ..."
438,SELECT * FROM prod_homecare_actransactional_ordermanagement.order,"select `orderid`, `htmonthlysent`, `orderstatusreasonnote`, `minimumfee`, `costperlead`, `modifiedon`, `highpriority`, `autorenew`, `pausedon`, `isprefundedpackage`, `prepaidtotal`, `htmonthlycap`, `modifiedby`, `dmorderid`, `costperhtlead`, `name`, `monthlysent`, `postalmatch`, `sysstarttime`, `tot ..."
438,SELECT * FROM prod_homecare_actransactional_billing.homecarecharge,select * from ( Select * FROM prod_homecare_actransactional_billing.homecarecharge ) as `_` limit 0
438,"SELECT DISTINCT hcrs.requestid, dhcr.requestdateid, hcrs.requestdatetime, dhcr.customeracquisitionkey, lastcareadvisorinternaluserkey, lastoutcometypeid, screeningcompletedateid, screeningcompletedatetime, screeningattemptcount, providersinareastart, providersinareaend, dhcr.requeststatusid, hmcl.hottransferred FROM prod_homecare_acreporting_reporting.facthomecarerequestsummary AS hcrs JOIN prod_homecare_acreporting_reporting.dimhomecarerequest AS dhcr ON hcrs.requestid = dhcr.requestid LEFT JOIN (SELECT hmcrequestid, hottransferred, ROW_NUMBER() OVER (PARTITION BY hmcrequestid ORDER BY hottra ...","select * from ( SELECT DISTINCT hcrs.RequestID ,dhcr.RequestDateID ,hcrs.RequestDateTime ,dhcr.CustomerAcquisitionKey ,LastCareAdvisorInternalUserKey ,LastOutcomeTypeID ,ScreeningCompleteDateID ,ScreeningCompleteDateTime ,ScreeningAttemptCount ,ProvidersInAreaStart ,ProvidersInAreaEnd ,dhcr.RequestS ..."
438,"WITH cte AS (SELECT date, accountid, AVG(accountmonthlymax) AS accountmonthlymax, AVG(leadssent) AS leadssent FROM prod_homecare_acreporting_reporting.factproviderhistory WHERE contracttype = ? GROUP BY accountid, date ORDER BY date, accountid) SELECT date, accountid, CASE WHEN accountmonthlymax IS NULL THEN ? ELSE accountmonthlymax END AS accountmonthlymax, leadssent FROM cte ORDER BY accountid, date","select * from ( WITH CTE AS ( SELECT Date,AccountID,AVG(AccountMonthlyMax) AS AccountMonthlyMax,AVG(LeadsSent) AS LeadsSent FROM prod_homecare_acreporting_reporting.factproviderhistory WHERE ContractType = 'CPL' GROUP BY AccountID,Date ORDER BY Date,AccountID ) SELECT Date, AccountID, CASE WHEN Acco ..."
438,"WITH cte AS (SELECT DISTINCT hcc.*, log.deliverystatustypeid, CASE WHEN accountid = ? AND log.deliverystatustypeid IN (?) AND hcc.createdon >= ? AND ishottransfer = ? THEN -? WHEN accountid = ? AND amount < ? AND hcc.createdon >= ? AND ishottransfer = ? THEN -? WHEN accountid = ? AND amount > ? AND hcc.createdon >= ? AND ishottransfer = ? THEN ? WHEN accountid = ? AND amount < ? AND ishottransfer = ? THEN -? WHEN accountid = ? AND amount > ? AND ishottransfer = ? THEN ? WHEN accountid = ? AND ishottransfer = ? THEN ? ELSE amount END AS amountadj FROM prod_homecare_actransactional_billing.homec ...","select * from ( WITH CTE AS ( SELECT DISTINCT hcc.*,log.DeliveryStatusTypeID ,CASE WHEN AccountID = 2426 AND log.DeliveryStatusTypeID IN (2,3) AND hcc.CreatedOn >= '2024-01-01' AND IsHotTransfer = 0 THEN -42 WHEN AccountID = 2426 AND Amount <0 AND hcc.CreatedOn >= '2024-01-01' AND IsHotTransfer = 0  ..."
438,SELECT * FROM prod_homecare_acreporting_reporting.factproviderhistory WHERE date <= ?,"select `providerhistoryid`, `providerid`, `companyname`, `orderstatus`, `accountid`, `companyid`, `accountmonthlymax`, `recruitmentorder`, `contracttype`, `leadssent`, `orderstatusid`, `date`, `_fivetran_deleted`, `_fivetran_synced` from ( SELECT * FROM prod_homecare_acreporting_reporting.factprovid ..."
437,"WITH cte AS (SELECT r.referralid, r.leadid, l.hmcprospectid, hmcr.hmcrequestid, l.externalidentifier AS ygl_lead_id, billingtypeid, referralstatustypeid, referredon, CASE WHEN NOT hmcl.hottransferred IS NULL THEN ? ELSE ? END AS ht, r.createdon, returnapproved, r.hmcleadid, orderid, hcc.amount, CASE WHEN r.orderid = ? THEN ? WHEN r.billingtypeid = ? THEN ? ELSE hcc.amount END AS referralrevenue, ROW_NUMBER() OVER (PARTITION BY r.referralid ORDER BY r.createdon) AS rn FROM prod_homecare_actransactional_homecare.referral AS r LEFT JOIN prod_homecare_actransactional_homecare.lead AS l ON r.leadid ...","select `ReferralID`, `LeadID`, `HMCProspectID`, `HMCRequestID`, `YGL_Lead_ID`, `BillingTypeID`, `ReferralStatusTypeID`, `ReferredOn`, `HT`, `CreatedOn`, `ReturnApproved`, `HMCLeadID`, `OrderID`, `Amount`, `ReferralRevenue`, `rn` from ( WITH CTE AS ( SELECT r.ReferralID ,r.LeadID ,l.HMCProspectID ,hm ..."
436,"WITH cte AS (SELECT DISTINCT ci.providerid, ci.companyid, ci.companyname, ci.accountid, a.accountname, CASE WHEN a.accountid = ? THEN ? ELSE ? END AS contracttype, lo.leadorderid, lo.monthlymax AS accountmonthlymax, osr.orderstatus, a.orderstatus AS ordercode, osr.orderstatuscause, osr.orderstatusid FROM prod_homecare_insite_directory.companyinfo AS ci LEFT JOIN prod_homecare_insite_directory.account AS a ON ci.accountid = a.accountid LEFT JOIN prod_homecare_insite_dbo.orderstatusreference AS osr ON a.orderstatusid = osr.orderstatusid LEFT JOIN prod_homecare_insite_directory.leadorder AS lo ON ...","select * from ( WITH CTE AS ( SELECT DISTINCT ci.ProviderID ,ci.companyid ,ci.companyname ,ci.accountid ,a.accountname ,CASE WHEN a.accountid =10435 THEN 'CPA' ELSE 'CPL' END as ContractType ,lo.leadorderid ,lo.monthlymax as AccountMonthlyMax ,osr.OrderStatus ,a.OrderStatus as OrderCode ,osr.OrderSt ..."
390,"WITH cte AS (SELECT hmcr.hmcrequestid, hmcr.hmcprospectid, postalcode, CASE WHEN hmcr.customflow = ? THEN ? ELSE ? END AS funnel, hmcr.createdate, hmcr.requeststatusid, hmcr.requeststatuscode, CASE WHEN hmcr.affiliateid = ? THEN ? WHEN hmcr.affiliateid = ? THEN ? WHEN hmcr.affiliateid IN (?) THEN ? WHEN hmcr.affiliateid = ? THEN ? WHEN hmcr.affiliateid = ? THEN ? WHEN hmcr.affiliateid IN (?) THEN ? WHEN hmcr.affiliateid IN (?) THEN ? WHEN hmcr.url LIKE ? OR hmcr.url LIKE ? OR hmcr.url LIKE ? THEN ? WHEN hmcr.url LIKE ? OR hmcr.affiliateid = ? THEN ? WHEN hmcr.affiliateid IN (?) OR hmcr.url LIK ...","select * from ( WITH CTE2 AS ( WITH CTE1 AS ( WITH CTE AS ( SELECT hmcr.hmcrequestid ,hmcr.hmcprospectid ,postalcode ,CASE WHEN hmcr.customflow = 1 THEN 'NFE' ELSE 'OFE' END as Funnel ,hmcr.createdate ,HMCR.RequestStatusId ,hmcr.requeststatuscode ,CASE WHEN hmcr.affiliateid =140 then ""Grace"" WHEN hm ..."
387,"WITH cte AS (SELECT hmcr.hmcrequestid, hmcr.hmcprospectid, postalcode, CASE WHEN hmcr.customflow = ? THEN ? ELSE ? END AS funnel, hmcr.createdate, hmcr.requeststatusid, hmcr.requeststatuscode, CASE WHEN hmcr.affiliateid = ? THEN ? WHEN hmcr.affiliateid = ? THEN ? WHEN hmcr.affiliateid IN (?) THEN ? WHEN hmcr.affiliateid = ? THEN ? WHEN hmcr.affiliateid = ? THEN ? WHEN hmcr.affiliateid IN (?) THEN ? WHEN hmcr.affiliateid IN (?) THEN ? WHEN hmcr.url LIKE ? OR hmcr.url LIKE ? OR hmcr.url LIKE ? THEN ? WHEN hmcr.url LIKE ? OR hmcr.affiliateid = ? THEN ? WHEN hmcr.affiliateid IN (?) OR hmcr.url LIK ...","select `Time`, `SLRl`, `hmcrequestid`, `Funnel`, `createdate`, `RequestStatusId`, `AdjChannel`, `ScreeningDate`, `userid`, `outcomeid`, `ISDJ`, `DJStep`, `DJType`, `SourceP` from ( WITH CTE2 AS ( WITH CTE1 AS ( WITH CTE AS ( SELECT hmcr.hmcrequestid ,hmcr.hmcprospectid ,postalcode ,CASE WHEN hmcr.cu ..."
385,"SELECT orderid, htmonthlysent, orderstatusreasonnote, minimumfee, costperlead, modifiedon, highpriority, autorenew, pausedon, isprefundedpackage, prepaidtotal, htmonthlycap, modifiedby, dmorderid, costperhtlead, name, monthlysent, postalmatch, sysstarttime, totalsent, billingtypeid, orderstatussubreasontypeid, sfrecordid, createdon, confirmationmailsent, activationdate, monthlycap, proximitymatch, packagecostperlead, packagetotalcap, parentsfaccountrecordid, sysendtime, orderstatusreasontypeid, createdby, monthlyavailable, accountid, rate, matchrulesetid, totalavailable, prepaidautorenew, prox ...","select `orderid`, `htmonthlysent`, `orderstatusreasonnote`, `minimumfee`, `costperlead`, `modifiedon`, `highpriority`, `autorenew`, `pausedon`, `isprefundedpackage`, `prepaidtotal`, `htmonthlycap`, `modifiedby`, `dmorderid`, `costperhtlead`, `name`, `monthlysent`, `postalmatch`, `sysstarttime`, `tot ..."
376,"WITH cte AS (SELECT hmcr.hmcrequestid, hmcr.hmcprospectid, postalcode, CASE WHEN hmcr.customflow = ? THEN ? ELSE ? END AS funnel, hmcr.createdate, hmcr.requeststatusid, hmcr.requeststatuscode, CASE WHEN hmcr.affiliateid = ? THEN ? WHEN hmcr.affiliateid = ? THEN ? WHEN hmcr.affiliateid IN (?) THEN ? WHEN hmcr.affiliateid = ? THEN ? WHEN hmcr.affiliateid = ? THEN ? WHEN hmcr.affiliateid IN (?) THEN ? WHEN hmcr.affiliateid IN (?) THEN ? WHEN hmcr.url LIKE ? OR hmcr.url LIKE ? OR hmcr.url LIKE ? THEN ? WHEN hmcr.url LIKE ? OR hmcr.affiliateid = ? THEN ? WHEN hmcr.affiliateid IN (?) OR hmcr.url LIK ...","select * from ( WITH CTE2 AS ( WITH CTE1 AS ( WITH CTE AS ( SELECT hmcr.hmcrequestid ,hmcr.hmcprospectid ,postalcode ,CASE WHEN hmcr.customflow = 1 THEN 'NFE' ELSE 'OFE' END as Funnel ,hmcr.createdate ,HMCR.RequestStatusId ,hmcr.requeststatuscode ,CASE WHEN hmcr.affiliateid =140 then ""Grace"" WHEN hm ..."
336,"WITH cte AS (SELECT hmcr.hmcrequestid, hmcr.hmcprospectid, postalcode, CASE WHEN hmcr.customflow = ? THEN ? ELSE ? END AS funnel, hmcr.createdate, hmcr.requeststatusid, hmcr.requeststatuscode, CASE WHEN hmcr.affiliateid = ? THEN ? WHEN hmcr.affiliateid = ? THEN ? WHEN hmcr.affiliateid IN (?) THEN ? WHEN hmcr.affiliateid = ? THEN ? WHEN hmcr.affiliateid = ? THEN ? WHEN hmcr.affiliateid IN (?) THEN ? WHEN hmcr.affiliateid IN (?) THEN ? WHEN hmcr.url LIKE ? OR hmcr.url LIKE ? OR hmcr.url LIKE ? THEN ? WHEN hmcr.url LIKE ? OR hmcr.affiliateid = ? THEN ? WHEN hmcr.affiliateid IN (?) OR hmcr.url LIK ...","select `SLRl`, `hmcrequestid`, `Funnel`, `createdate`, `RequestStatusId`, `AdjChannel`, `ScreeningDate`, `userid`, `outcomeid`, `ISDJ`, `DJStep`, `DJType`, `SourceP`, `C1`, `C2`, `C2` - `C1` as `C3` from ( select `SLRl`, `hmcrequestid`, `Funnel`, `createdate`, `RequestStatusId`, `AdjChannel`, `Scree ..."
310,"SELECT * FROM (SELECT cph.providerid, cph.orderid, cph.orderstatus, cph.contracttype, CASE WHEN cph.monthlycap IS NULL THEN ? ELSE cph.monthlycap END AS monthlycap, DATE_FORMAT(cph.date, ?) AS month FROM main.prod_homecare_acreporting_reporting.cartproviderhistory AS cph JOIN main.prod_homecare_actransactional_organization.provider AS p ON p.providerid = cph.providerid WHERE p.providerorganizationid = ? AND (cph.date = LAST_DAY(cph.date) OR cph.date = CAST(CURRENT_TIMESTAMP() AS DATE)) AND cph.date >= ? AND cph.contracttype IN (?)) AS _ WHERE ? = ?","select * from ( Select cph.providerid ,cph.orderid ,cph.orderstatus ,cph.contracttype ,CASE WHEN cph.monthlycap is null then ""Unlimited"" else cph.monthlycap end MonthlyCap ,date_format(cph.date, ""yyyyMM"") Month FROM main.prod_homecare_acreporting_reporting.cartproviderhistory cph JOIN main.prod_home ..."
309,"SELECT * FROM (SELECT p.providerid, p.name AS providername, a.hmc_franchise_number_c AS franchisenumber, a.hmc_alternate_account_phone_1_c AS alternatephone1, a.hmc_alternate_account_phone_2_c AS alternatephone2 FROM main.prod_homecare_actransactional_organization.provider AS p LEFT JOIN main.community_salesforce.account AS a ON a.hmc_cart_provider_id_c = p.providerid WHERE p.providerorganizationid = ?) AS _ WHERE ? = ?","select * from ( Select p.providerid ,p.name ProviderName ,a.hmc_franchise_number_c FranchiseNumber ,a.hmc_alternate_account_phone_1_c AlternatePhone1 ,a.hmc_alternate_account_phone_2_c AlternatePhone2 FROM main.prod_homecare_actransactional_organization.provider p LEFT JOIN main.community_salesforce ..."
306,"SELECT cph.providerid, cph.orderid, cph.orderstatus, cph.contracttype, CASE WHEN cph.monthlycap IS NULL THEN ? ELSE cph.monthlycap END AS monthlycap, DATE_FORMAT(cph.date, ?) AS month FROM main.prod_homecare_acreporting_reporting.cartproviderhistory AS cph JOIN main.prod_homecare_actransactional_organization.provider AS p ON p.providerid = cph.providerid WHERE p.providerorganizationid = ? AND (cph.date = LAST_DAY(cph.date) OR cph.date = CAST(CURRENT_TIMESTAMP() AS DATE)) AND cph.date >= ? AND cph.contracttype IN (?)","select `providerid`, `orderid`, `orderstatus`, `contracttype`, `MonthlyCap`, `Month` from ( Select cph.providerid ,cph.orderid ,cph.orderstatus ,cph.contracttype ,CASE WHEN cph.monthlycap is null then ""Unlimited"" else cph.monthlycap end MonthlyCap ,date_format(cph.date, ""MM-yyyy"") Month FROM main.pr ..."
305,"SELECT p.providerid, p.name AS providername, a.hmc_franchise_number_c AS franchisenumber, a.hmc_alternate_account_phone_1_c AS alternatephone1, a.hmc_alternate_account_phone_2_c AS alternatephone2 FROM main.prod_homecare_actransactional_organization.provider AS p LEFT JOIN main.community_salesforce.account AS a ON a.hmc_cart_provider_id_c = p.providerid WHERE p.providerorganizationid = ?","select `providerid`, `ProviderName`, `FranchiseNumber`, `AlternatePhone1`, `AlternatePhone2` from ( Select p.providerid ,p.name ProviderName ,a.hmc_franchise_number_c FranchiseNumber ,a.hmc_alternate_account_phone_1_c AlternatePhone1 ,a.hmc_alternate_account_phone_2_c AlternatePhone2 FROM main.prod_ ..."
304,"SELECT dateid, date, dayofyear, dayofmonth, dayofweek, weekdayname, month, monthname, year, monthyearid, DATE_FORMAT(date, ?) AS datec FROM prod_homecare_acreporting_reporting.dimdate","select `DateID`, `Date`, `DayOfYear`, `DayOfMonth`, `DayOfWeek`, `WeekDayName`, `Month`, `MonthName`, `Year`, `MonthYearID`, `DateC`, concat(concat(`MonthName`, ' '), cast(`Year` as STRING)) as `C1` from ( SELECT DateID ,Date ,DayOfYear ,DayOfMonth ,DayOfWeek ,WeekDayName ,Month ,MonthName ,Year ,Mo ..."
303,"SELECT * FROM (SELECT dateid, date, dayofyear, dayofmonth, dayofweek, weekdayname, month, monthname, year, monthyearid, DATE_FORMAT(date, ?) AS datec FROM prod_homecare_acreporting_reporting.dimdate) AS _ WHERE ? = ?","select * from ( SELECT DateID ,Date ,DayOfYear ,DayOfMonth ,DayOfWeek ,WeekDayName ,Month ,MonthName ,Year ,MonthYearID ,date_format(date, ""MM-yyyy"") DateC FROM prod_homecare_acreporting_reporting.dimdate ) as `_` where 0 = 1"
297,"WITH cte AS (SELECT hmcr.hmcrequestid, ref.referralid, ref.providerid, CAST(ref.referredon AS DATE) AS referraldate, ref.returnapproved, ref.activatedon, CASE WHEN NOT ref.activatedon IS NULL THEN ? ELSE ? END AS activation FROM main.prod_homecare_insite_directory.hmcrequest AS hmcr JOIN main.prod_homecare_insite_directory.hmclead AS hmcl ON hmcl.hmcrequestid = hmcr.hmcrequestid JOIN main.prod_homecare_actransactional_homecare.referral AS ref ON ref.hmcleadid = hmcl.hmcleadid LEFT JOIN main.prod_homecare_actransactional_organization.provider AS p ON p.providerid = ref.providerid WHERE p.provid ...","select * from ( WITH CTE AS( Select hmcr.hmcrequestid ,ref.referralid ,ref.providerid ,date(ref.referredon) ReferralDate ,ref.returnapproved ,ref.activatedon ,case when ref.activatedon is not null then ""Yes"" else ""No"" end Activation FROM main.prod_homecare_insite_directory.hmcrequest hmcr JOIN main. ..."
295,"WITH cte AS (SELECT hmcr.hmcrequestid, ref.referralid, ref.providerid, CAST(ref.referredon AS DATE) AS referraldate, ref.returnapproved, ref.activatedon, CASE WHEN NOT ref.activatedon IS NULL THEN ? ELSE ? END AS activation FROM main.prod_homecare_insite_directory.hmcrequest AS hmcr JOIN main.prod_homecare_insite_directory.hmclead AS hmcl ON hmcl.hmcrequestid = hmcr.hmcrequestid JOIN main.prod_homecare_actransactional_homecare.referral AS ref ON ref.hmcleadid = hmcl.hmcleadid LEFT JOIN main.prod_homecare_actransactional_organization.provider AS p ON p.providerid = ref.providerid WHERE p.provid ...","select `HMCRequestID`, `Referralid`, `ProviderID`, `ReferralDate`, `ReturnApproved`, `ActivatedOn`, `Activation`, `MissedConversion` from ( WITH CTE AS( Select hmcr.hmcrequestid ,ref.referralid ,ref.providerid ,date(ref.referredon) ReferralDate ,ref.returnapproved ,ref.activatedon ,case when ref.act ..."
295,"SELECT * FROM (SELECT ref.referralid, ref.providerid, htr.hottransferresponseid, hr.name AS hottransferresponse, CAST(hottransferredon AS DATE) AS hottransferredon FROM main.prod_homecare_actransactional_homecare.referral AS ref LEFT JOIN main.prod_homecare_actransactional_organization.provider AS p ON p.providerid = ref.providerid LEFT JOIN main.prod_homecare_actransactional_homecare.hottransferresult AS htr ON htr.referralid = ref.referralid LEFT JOIN main.prod_homecare_actransactional_homecare.hottransferresponse AS hr ON hr.hottransferresponseid = htr.hottransferresponseid WHERE p.provider ...","select * from ( Select ref.referralid ,ref.providerid ,htr.hottransferresponseid ,hr.name HotTransferResponse ,date(hottransferredon) HotTransferredOn FROM main.prod_homecare_actransactional_homecare.referral ref LEFT JOIN main.prod_homecare_actransactional_organization.provider p on p.providerid =  ..."
294,"WITH cte AS (SELECT DISTINCT hmcr.hmcrequestid, hmcr.hmcprospectid, hmcr.postalcode, hmcr.affiliateid, hmcr.affiliateinquiryid, apfm.lt_form_submit_channel, CASE WHEN hmcr.customflow = ? THEN ? ELSE ? END AS flow, CASE WHEN hmcr.affiliateid IN (?) THEN ? WHEN hmcr.affiliateid = ? THEN ? WHEN hmcr.affiliateid IN (?) THEN ? WHEN hmcr.affiliateid = ? THEN ? WHEN hmcr.affiliateid = ? THEN ? WHEN hmcr.affiliateid IN (?) THEN ? WHEN hmcr.affiliateid IN (?) THEN ? WHEN hmcr.url LIKE ? OR hmcr.url LIKE ? OR hmcr.url LIKE ? THEN ? WHEN hmcr.url LIKE ? OR hmcr.affiliateid = ? THEN ? WHEN hmcr.affiliatei ...","select * from ( WITH CTE3 AS (WITH CTE2 AS (WITH CTE AS (SELECT distinct hmcr.HMCRequestID ,hmcr.HMCProspectID ,hmcr.postalcode ,hmcr.affiliateid ,hmcr.affiliateinquiryid ,apfm.lt_form_submit_channel ,CASE WHEN hmcr.customflow =1 then 'NFE' ELSE 'OFE' END as Flow ,CASE WHEN hmcr.affiliateid in (140, ..."
293,"SELECT ref.referralid, ref.providerid, htr.hottransferresponseid, hr.name AS hottransferresponse, CAST(hottransferredon AS DATE) AS hottransferredon FROM main.prod_homecare_actransactional_homecare.referral AS ref LEFT JOIN main.prod_homecare_actransactional_organization.provider AS p ON p.providerid = ref.providerid LEFT JOIN main.prod_homecare_actransactional_homecare.hottransferresult AS htr ON htr.referralid = ref.referralid LEFT JOIN main.prod_homecare_actransactional_homecare.hottransferresponse AS hr ON hr.hottransferresponseid = htr.hottransferresponseid WHERE p.providerorganizationid  ...","select `referralid`, `providerid`, `hottransferresponseid`, `HotTransferResponse`, `HotTransferredOn` from ( Select ref.referralid ,ref.providerid ,htr.hottransferresponseid ,hr.name HotTransferResponse ,date(hottransferredon) HotTransferredOn FROM main.prod_homecare_actransactional_homecare.referra ..."
292,"WITH cte AS (SELECT sl.hmcrequestid, sl.processedon, sl.sub_status, ROW_NUMBER() OVER (PARTITION BY sr.hmcrequestid ORDER BY sr.hmcscreeningresultid DESC) AS rn, sr.outcomeid FROM prod_homecare_actransactional_import.slleadnstf AS sl LEFT JOIN main.prod_homecare_insite_directory.hmcscreeningresult AS sr ON sr.hmcrequestid = sl.hmcrequestid WHERE outcomeid <> ?) SELECT cte.hmcrequestid, cte.processedon, cte.sub_status, cte.outcomeid, hmcr.requeststatusid, CAST(hmcr.createdate AS DATE) AS requestcreatedate FROM cte LEFT JOIN main.prod_homecare_insite_directory.hmcrequest AS hmcr ON hmcr.hmcreque ...","select `hmcrequestid`, `processedon`, `sub_status`, `outcomeid`, `requeststatusid`, `RequestCreateDate` from ( WITH CTE AS ( select sl.hmcrequestid ,sl.processedon ,sl.sub_status ,ROW_NUMBER() OVER (PARTITION BY sr.hmcrequestid ORDER BY sr.hmcscreeningresultid desc) rn ,sr.outcomeid from prod_homeca ..."
292,"WITH cte AS (SELECT DISTINCT hmcr.hmcrequestid, hmcr.hmcprospectid, hmcr.postalcode, hmcr.affiliateid, hmcr.affiliateinquiryid, apfm.lt_form_submit_channel, CASE WHEN hmcr.customflow = ? THEN ? ELSE ? END AS flow, CASE WHEN hmcr.affiliateid IN (?) THEN ? WHEN hmcr.affiliateid = ? THEN ? WHEN hmcr.affiliateid IN (?) THEN ? WHEN hmcr.affiliateid = ? THEN ? WHEN hmcr.affiliateid = ? THEN ? WHEN hmcr.affiliateid IN (?) THEN ? WHEN hmcr.affiliateid IN (?) THEN ? WHEN hmcr.url LIKE ? OR hmcr.url LIKE ? OR hmcr.url LIKE ? THEN ? WHEN hmcr.url LIKE ? OR hmcr.affiliateid = ? THEN ? WHEN hmcr.affiliatei ...","select `HMCRequestID`, `HMCProspectID`, `Flow`, `lastoutcomeid`, `affiliateID`, `Channel`, `IsDJ`, `DJStep`, `djstepid`, `DJType`, `Source`, `formname`, `TimeID`, `SiteSection`, `SEMForm`, `EmailType`, `RequestDateTime`, `RequestStatusID`, `Lead`, `LSTF`, `RL`, `CampaignID`, `CampaignName` from ( WI ..."
291,"WITH cte AS (SELECT DISTINCT hmcr.hmcrequestid, hmcr.hmcprospectid, hmcr.affiliateinquiryid, apfm.lt_form_submit_channel, CASE WHEN hmcr.customflow = ? THEN ? ELSE ? END AS flow, CASE WHEN hmcr.affiliateid = ? THEN ? WHEN hmcr.affiliateid IN (?) THEN ? WHEN hmcr.affiliateid = ? THEN ? WHEN hmcr.affiliateid = ? THEN ? WHEN hmcr.affiliateid IN (?) THEN ? WHEN hmcr.affiliateid IN (?) THEN ? WHEN hmcr.url LIKE ? OR hmcr.url LIKE ? OR hmcr.url LIKE ? THEN ? WHEN hmcr.url LIKE ? OR hmcr.affiliateid = ? THEN ? WHEN hmcr.affiliateid IN (?) OR hmcr.url LIKE ? OR hmcr.url LIKE ? THEN ? WHEN hmcr.affilia ...","select `HMCRequestID`, `Channel`, `Source`, `Lead`, `LSTF`, `RL` from ( WITH CTE AS (SELECT distinct hmcr.HMCRequestID ,hmcr.HMCProspectID ,hmcr.affiliateinquiryid ,apfm.lt_form_submit_channel ,CASE WHEN hmcr.customflow =1 then 'NFE' ELSE 'OFE' END as Flow ,CASE WHEN hmcr.affiliateid = 72 THEN 'APFM ..."
288,"SELECT orderid, htmonthlysent, orderstatusreasonnote, minimumfee, costperlead, modifiedon, highpriority, autorenew, pausedon, isprefundedpackage, prepaidtotal, htmonthlycap, modifiedby, dmorderid, costperhtlead, name, monthlysent, postalmatch, sysstarttime, totalsent, billingtypeid, orderstatussubreasontypeid, sfrecordid, createdon, confirmationmailsent, activationdate, monthlycap, proximitymatch, packagecostperlead, packagetotalcap, parentsfaccountrecordid, sysendtime, orderstatusreasontypeid, createdby, monthlyavailable, accountid, rate, matchrulesetid, totalavailable, prepaidautorenew, prox ...","select `orderid`, `htmonthlysent`, `orderstatusreasonnote`, `minimumfee`, `costperlead`, `modifiedon`, `highpriority`, `autorenew`, `pausedon`, `isprefundedpackage`, `prepaidtotal`, `htmonthlycap`, `modifiedby`, `dmorderid`, `costperhtlead`, `name`, `monthlysent`, `postalmatch`, `sysstarttime`, `tot ..."
283,"SELECT * FROM (SELECT p.providerid, p.name AS providername, a.hmc_franchise_number_c AS franchisenumber, a.hmc_alternate_account_phone_1_c AS alternativephone1, a.hmc_alternate_account_phone_2_c AS alternativephone2 FROM main.prod_homecare_actransactional_organization.provider AS p LEFT JOIN main.community_salesforce.account AS a ON a.hmc_cart_provider_id_c = p.providerid WHERE p.providerorganizationid = ?) AS _ WHERE ? = ?","select * from ( Select p.providerid ,p.name ProviderName ,a.hmc_franchise_number_c FranchiseNumber ,a.hmc_alternate_account_phone_1_c AlternativePhone1 ,a.hmc_alternate_account_phone_2_c AlternativePhone2 FROM main.prod_homecare_actransactional_organization.provider p LEFT JOIN main.community_salesf ..."
273,"SELECT DISTINCT code AS postalcode, c.name AS city, sp.name AS state FROM prod_homecare_acreporting_reporting.dimpostalcode AS pc LEFT JOIN prod_homecare_acreporting_reporting.dimstateprovince AS sp ON pc.stateprovinceid = sp.stateprovinceid LEFT JOIN prod_homecare_actransactional_geo.city AS c ON c.cityid = pc.cityid WHERE pc.countryid = ?","select `postalcode`, `City`, `State` from ( Select distinct code postalcode ,c.name City ,sp.name State FROM prod_homecare_acreporting_reporting.dimpostalcode pc LEFT JOIN prod_homecare_acreporting_reporting.dimstateprovince sp ON pc.stateprovinceid = sp.stateprovinceid LEFT JOIN prod_homecare_actra ..."
273,"SELECT DISTINCT p.providerid, p.name AS provider, po.name AS organization, cph.date, cph.orderid, cph.ordername, cph.orderstatus, cph.orderstatusreason FROM prod_homecare_actransactional_organization.provider AS p LEFT JOIN prod_homecare_actransactional_organization.providerorganization AS po ON po.providerorganizationid = p.providerorganizationid LEFT JOIN prod_homecare_actransactional_ordermanagement.orderprovider AS op ON op.providerid = p.providerid LEFT JOIN prod_homecare_acreporting_reporting.cartproviderhistory AS cph ON cph.providerid = p.providerid AND cph.orderid = op.orderid WHERE ( ...","select `providerid`, `Provider`, `Organization`, `Date`, `Orderid`, `OrderName`, `orderstatus`, `orderstatusreason` from ( Select distinct p.providerid ,p.name Provider ,po.Name Organization ,cph.Date ,cph.Orderid ,cph.OrderName ,cph.orderstatus ,cph.orderstatusreason FROM prod_homecare_actransactio ..."
273,"SELECT DISTINCT p.providerid, p.name, po.name AS org, TRIM(psc.postalcode) AS postalcode FROM prod_homecare_actransactional_organization.provider AS p LEFT JOIN prod_homecare_actransactional_organization.providerorganization AS po ON po.providerorganizationid = p.providerorganizationid LEFT JOIN prod_homecare_actransactional_organization.providerservicecoverage AS psc ON psc.providerid = p.providerid WHERE psc.deleted = ?","select `providerid`, `name`, `Org`, `postalcode` from ( Select distinct p.providerid ,p.name ,po.Name Org ,trim(psc.postalcode) postalcode FROM prod_homecare_actransactional_organization.provider p LEFT JOIN prod_homecare_actransactional_organization.providerorganization po on po.providerorganizatio ..."
273,"WITH cte AS (SELECT DISTINCT ref.providerid, ref.orderid, CAST(ref.referredon AS DATE) AS referraldate, ref.referralid, hmcl.hmcrequestid, CASE WHEN NOT ref.activatedon IS NULL THEN ref.referralid ELSE NULL END AS activation FROM main.prod_homecare_actransactional_homecare.referral AS ref LEFT JOIN main.prod_homecare_actransactional_organization.provider AS p ON p.providerid = ref.providerid LEFT JOIN main.prod_homecare_insite_directory.hmclead AS hmcl ON hmcl.hmcleadid = ref.hmcleadid WHERE ref.referredon >= ? AND p.providerorganizationid = ? AND ref.billingtypeid = ? AND NOT ref.hmcleadid IS ...","select * from ( WITH CTE AS( Select DISTINCT ref.providerid ,ref.orderid ,date(ref.referredon) ReferralDate ,ref.referralid ,hmcl.hmcrequestid ,case when ref.activatedon is not null then ref.referralid else null end Activation FROM main.prod_homecare_actransactional_homecare.referral ref LEFT JOIN m ..."
271,"SELECT DISTINCT hmcr.hmcrequestid, hmcr.createdate AS requestcreatedate, hmcr.requeststatusid, TRIM(hmcr.postalcode) AS postalcode, hmcl.hmcleadid FROM prod_homecare_insite_directory.hmcrequest AS hmcr LEFT JOIN prod_homecare_insite_directory.hmclead AS hmcl ON hmcl.hmcrequestid = hmcr.hmcrequestid WHERE hmcr.createdate >= DATE_ADD(YEAR, -?, CURRENT_TIMESTAMP())","select `hmcrequestid`, `RequestCreateDate`, `requeststatusid`, `postalcode`, `hmcleadid`, cast(`RequestCreateDate` as DATE) as `C1` from ( Select distinct hmcr.hmcrequestid ,hmcr.createdate RequestCreateDate ,hmcr.requeststatusid ,trim(hmcr.postalcode) postalcode ,hmcl.hmcleadid FROM prod_homecare_i ..."
271,"SELECT *, CASE WHEN date < ? THEN ? ELSE ? END AS test FROM prod_homecare_acreporting_reporting.dimdate WHERE date >= DATE_ADD(YEAR, -?, DATE_TRUNC('YEAR', CURRENT_TIMESTAMP())) AND date <= DATE_ADD(YEAR, ?, DATE_TRUNC('YEAR', CURRENT_TIMESTAMP()))","select `dateid`, `quarter`, `dayofweek`, `weekenddate`, `dayofmonth`, `monthyearid`, `date`, `month`, `year`, `weekstartdate`, `dayofyear`, `weekdayname`, `monthname`, `_fivetran_deleted`, `_fivetran_synced`, `Test` from ( Select *, CASE WHEN date <'2025-12-01' then 'Pre Test' else 'Post Test' end a ..."
270,"SELECT DISTINCT ref.referralid, ref.providerid, ref.hmcleadid, ref.billingtypeid, ref.returnapproved, ref.referredon, hmcr.createdate, hmcr.postalcode FROM prod_homecare_actransactional_homecare.referral AS ref LEFT JOIN prod_homecare_insite_directory.hmclead AS hmcl ON hmcl.hmcleadid = ref.hmcleadid LEFT JOIN prod_homecare_insite_directory.hmcrequest AS hmcr ON hmcr.hmcrequestid = hmcl.hmcrequestid WHERE NOT ref.hmcleadid IS NULL AND ref.billingtypeid = ? AND hmcr.createdate >= ?","select * from ( Select distinct ref.referralid ,ref.providerid ,ref.hmcleadid ,ref.billingtypeid ,ref.returnapproved ,ref.referredon ,hmcr.createdate ,hmcr.postalcode FROM prod_homecare_actransactional_homecare.referral ref LEFT JOIN prod_homecare_insite_directory.hmclead hmcl on hmcl.hmcleadid = re ..."
269,"SELECT p.providerid, p.name AS providername, a.hmc_franchise_number_c AS franchisenumber, a.hmc_alternate_account_phone_1_c AS alternativephone1, a.hmc_alternate_account_phone_2_c AS alternativephone2 FROM main.prod_homecare_actransactional_organization.provider AS p LEFT JOIN main.community_salesforce.account AS a ON a.hmc_cart_provider_id_c = p.providerid WHERE p.providerorganizationid = ?","select `providerid`, `ProviderName`, `FranchiseNumber`, `AlternativePhone1`, `AlternativePhone2` from ( Select p.providerid ,p.name ProviderName ,a.hmc_franchise_number_c FranchiseNumber ,a.hmc_alternate_account_phone_1_c AlternativePhone1 ,a.hmc_alternate_account_phone_2_c AlternativePhone2 FROM ma ..."
267,"SELECT DISTINCT cph.date, CASE WHEN p.providerorganizationid IS NULL THEN ? ELSE ? END AS org, COUNT(DISTINCT CONCAT(cph.providerid, ?, cph.orderid)) AS providerorders, COUNT(DISTINCT CASE WHEN cph.orderstatusreason = ? THEN CONCAT(cph.providerid, ?, cph.orderid) ELSE NULL END) AS cappedproviderorders, COUNT(cph.providerid) AS providers, COUNT(cph.orderid) AS orders FROM main.prod_homecare_acreporting_reporting.cartproviderhistory AS cph LEFT JOIN main.prod_homecare_actransactional_organization.provider AS p ON p.providerid = cph.providerid WHERE date >= ? AND contracttype = ? AND (cph.orderst ...","select * from ( Select distinct cph.date ,CASE WHEN p.providerorganizationid is null then ""Independent"" else ""Franchise"" END Org ,count(distinct concat(cph.providerid, '-',cph.orderid)) ProviderOrders ,Count(distinct case when cph.orderstatusreason = 'Monthly Cap Reached' then concat(cph.providerid, ..."
267,"SELECT * FROM (SELECT DISTINCT ref.providerid, ref.orderid, CAST(ref.referredon AS DATE) AS referraldate, ref.referralid, CASE WHEN NOT htr.hottransferresponseid IS NULL THEN ref.referralid ELSE NULL END AS hottransferattempt, CASE WHEN htr.hottransferresponseid = ? THEN ref.referralid ELSE NULL END AS hottransfersuccess, htrr.name AS hottransferresponse, htr.hottransferresponseid FROM main.prod_homecare_actransactional_homecare.referral AS ref LEFT JOIN main.prod_homecare_actransactional_organization.provider AS p ON p.providerid = ref.providerid LEFT JOIN main.prod_homecare_insite_directory. ...","select * from ( Select DISTINCT ref.providerid ,ref.orderid ,date(ref.referredon) ReferralDate ,ref.referralid ,case when htr.hottransferresponseid is not null then ref.referralid else null end HotTransferAttempt ,case when htr.hottransferresponseid = 1 then ref.referralid else null end HotTransferS ..."
264,"SELECT date, org, providerorders, cappedproviderorders, providers, orders FROM (SELECT DISTINCT cph.date, CASE WHEN p.providerorganizationid IS NULL THEN ? ELSE ? END AS org, COUNT(DISTINCT CONCAT(cph.providerid, ?, cph.orderid)) AS providerorders, COUNT(DISTINCT CASE WHEN cph.orderstatusreason = ? THEN CONCAT(cph.providerid, ?, cph.orderid) ELSE NULL END) AS cappedproviderorders, COUNT(cph.providerid) AS providers, COUNT(cph.orderid) AS orders FROM main.prod_homecare_acreporting_reporting.cartproviderhistory AS cph LEFT JOIN main.prod_homecare_actransactional_organization.provider AS p ON p.p ...","select `date`, `Org`, `ProviderOrders`, `CappedProviderOrders`, `Providers`, `Orders` from ( Select distinct cph.date ,CASE WHEN p.providerorganizationid is null then ""Independent"" else ""Franchise"" END Org ,count(distinct concat(cph.providerid, '-',cph.orderid)) ProviderOrders ,Count(distinct case w ..."
263,"SELECT dateid, quarter, dayofweek, weekenddate, dayofmonth, monthyearid, date, month, year, weekstartdate, dayofyear, weekdayname, monthname, _fivetran_deleted, _fivetran_synced, test FROM (SELECT *, CASE WHEN date < ? THEN ? ELSE ? END AS test FROM prod_homecare_acreporting_reporting.dimdate WHERE date >= DATE_ADD(YEAR, -?, DATE_TRUNC('YEAR', CURRENT_TIMESTAMP())) AND date <= DATE_ADD(YEAR, ?, DATE_TRUNC('YEAR', CURRENT_TIMESTAMP()))) AS _ ORDER BY date","select `dateid`, `quarter`, `dayofweek`, `weekenddate`, `dayofmonth`, `monthyearid`, `date`, `month`, `year`, `weekstartdate`, `dayofyear`, `weekdayname`, `monthname`, `_fivetran_deleted`, `_fivetran_synced`, `Test` from ( Select *, CASE WHEN date <'2025-12-01' then 'Pre Test' else 'Post Test' end a ..."
261,"WITH cte AS (SELECT DISTINCT ref.providerid, ref.orderid, CAST(ref.referredon AS DATE) AS referraldate, ref.referralid, hmcl.hmcrequestid, CASE WHEN NOT ref.activatedon IS NULL THEN ref.referralid ELSE NULL END AS activation FROM main.prod_homecare_actransactional_homecare.referral AS ref LEFT JOIN main.prod_homecare_actransactional_organization.provider AS p ON p.providerid = ref.providerid LEFT JOIN main.prod_homecare_insite_directory.hmclead AS hmcl ON hmcl.hmcleadid = ref.hmcleadid WHERE ref.referredon >= ? AND p.providerorganizationid = ? AND ref.billingtypeid = ? AND NOT ref.hmcleadid IS ...","select `ProviderID`, `OrderID`, `ReferralDate`, `ReferralID`, `Activation`, `Missed_Activation` from ( WITH CTE AS( Select DISTINCT ref.providerid ,ref.orderid ,date(ref.referredon) ReferralDate ,ref.referralid ,hmcl.hmcrequestid ,case when ref.activatedon is not null then ref.referralid else null e ..."
258,"SELECT * FROM (SELECT hottransferresultid, htr.providerid, lid.leadid, htr.hottransferresponseid, hs.name AS hottransferresponse, CAST(r.referredon AS DATE) AS referraldate, DATE_ADD(HOUR, -?, hottransferredon) AS hottransferredon, p.warmtransferphonenumber, CONCAT(l.contactfirstname, ?, l.contactlastname) AS contactname, CONCAT(l.firstname, ?, l.lastname) AS residentname, l.contactphone, l.contactemail FROM prod_homecare_actransactional_homecare.hottransferresult AS htr LEFT JOIN prod_homecare_actransactional_homecare.lead AS l ON l.leadid = htr.leadid LEFT JOIN prod_homecare_actransactional_ ...","select * from ( SELECT HotTransferResultID ,htr.ProviderID ,lid.LeadID ,htr.HotTransferResponseID ,hs.name HotTransferResponse ,date(r.referredon) ReferralDate ,DATEADD(hour,-5,HotTransferredOn) AS HotTransferredOn ,p.warmtransferphonenumber ,CONCAT(l.ContactFirstName, ' ',l.ContactLastName) AS Cont ..."
253,"SELECT DISTINCT ref.providerid, ref.orderid, CAST(ref.referredon AS DATE) AS referraldate, ref.referralid, CASE WHEN NOT htr.hottransferresponseid IS NULL THEN ref.referralid ELSE NULL END AS hottransferattempt, CASE WHEN htr.hottransferresponseid = ? THEN ref.referralid ELSE NULL END AS hottransfersuccess, htrr.name AS hottransferresponse, htr.hottransferresponseid FROM main.prod_homecare_actransactional_homecare.referral AS ref LEFT JOIN main.prod_homecare_actransactional_organization.provider AS p ON p.providerid = ref.providerid LEFT JOIN main.prod_homecare_insite_directory.hmclead AS hmcl ...","select `providerid`, `orderid`, `ReferralDate`, `referralid`, `HotTransferAttempt`, `HotTransferSuccess`, `HotTransferResponse`, `hottransferresponseid` from ( Select DISTINCT ref.providerid ,ref.orderid ,date(ref.referredon) ReferralDate ,ref.referralid ,case when htr.hottransferresponseid is not n ..."
252,"SELECT * FROM (SELECT *, DATE_FORMAT(date, ?) AS monthyearcharge, DATE_FORMAT(DATE_ADD(MONTH, -?, DATE_TRUNC('MONTH', date)), ?) AS 3monthago, CAST(DATE_ADD(MONTH, -?, date) AS DATE) AS 3monthagodate FROM prod_homecare_acreporting_reporting.dimdate WHERE date >= DATE_ADD(YEAR, -?, DATE_TRUNC('YEAR', CURRENT_TIMESTAMP())) AND date < DATE_ADD(YEAR, ?, DATE_TRUNC('YEAR', CURRENT_TIMESTAMP()))) AS _ WHERE ? = ?","select * from ( Select * ,date_format(date,'MM-yyyy') MonthYearCharge ,date_format(date_add(Month, -3, date_trunc('Month', date)),'MMMM') 3Monthago ,date(date_add(Month, -3, date)) 3MonthagoDate from prod_homecare_acreporting_reporting.dimdate where date >= dateadd(Year,-1, date_trunc('Year', getdat ..."
250,"SELECT *, DATE_FORMAT(date, ?) AS monthyearcharge, DATE_FORMAT(DATE_ADD(MONTH, -?, DATE_TRUNC('MONTH', date)), ?) AS 3monthago, CAST(DATE_ADD(MONTH, -?, date) AS DATE) AS 3monthagodate FROM prod_homecare_acreporting_reporting.dimdate WHERE date >= DATE_ADD(YEAR, -?, DATE_TRUNC('YEAR', CURRENT_TIMESTAMP())) AND date < DATE_ADD(YEAR, ?, DATE_TRUNC('YEAR', CURRENT_TIMESTAMP()))","select `dateid`, `quarter`, `dayofweek`, `weekenddate`, `dayofmonth`, `monthyearid`, `date`, `month`, `year`, `weekstartdate`, `dayofyear`, `weekdayname`, `monthname`, `_fivetran_deleted`, `_fivetran_synced`, `MonthYearCharge`, `3Monthago`, `3MonthagoDate` from ( Select * ,date_format(date,'MM-yyyy' ..."
249,"SELECT * FROM (SELECT o.id AS sf_opportunityid, CAST(o.created_date AS DATE) AS createddate, CAST(o.close_date AS DATE) AS closeddate, o.is_closed, o.is_won, o.owner_id, o.name AS opportunityname, a.hmc_cart_provider_id_c AS providerid, a.name AS accountname, o.stage_name, a.id AS sfaccountid, a.hmc_lead_volume_sold_c AS leadvolumesold FROM main.community_salesforce.opportunity AS o LEFT JOIN main.community_salesforce.account AS a ON a.id = o.account_id WHERE close_date >= ?) AS _ WHERE ? = ?","select * from ( Select o.id SF_OpportunityId ,date(o.created_date) CreatedDate ,date(o.close_date) ClosedDate ,o.is_closed ,o.is_won ,o.owner_id ,o.name OpportunityName ,a.hmc_cart_provider_id_c ProviderID ,a.name AccountName ,o.stage_name ,a.id SFAccountID ,a.hmc_lead_volume_sold_c LeadVolumeSold F ..."
248,"WITH cte AS (SELECT p.providerid, psc.postalcode FROM main.prod_homecare_actransactional_organization.provider AS p LEFT JOIN main.prod_homecare_actransactional_organization.providerservicecoverage AS psc ON psc.providerid = p.providerid WHERE p.providerorganizationid = ? AND psc.deleted = ?), ctea AS (SELECT cte.providerid, COUNT(DISTINCT cte.postalcode) AS postalcodes FROM cte GROUP BY ?), cteb AS (SELECT cte.postalcode, COUNT(DISTINCT cte.providerid) AS providers FROM cte GROUP BY ?) SELECT * FROM (SELECT DISTINCT cte.providerid, cte.postalcode, ctea.postalcodes AS provider_postalcodes, cte ...","select * from ( WITH CTE AS( Select p.providerid ,psc.postalcode FROM main.prod_homecare_actransactional_organization.provider p LEFT JOIN main.prod_homecare_actransactional_organization.providerservicecoverage psc on psc.providerid = p.providerid where p.providerorganizationid = 123 and psc.deleted ..."
247,"SELECT o.id AS sf_opportunityid, CAST(o.created_date AS DATE) AS createddate, CAST(o.close_date AS DATE) AS closeddate, o.is_closed, o.is_won, o.owner_id, o.name AS opportunityname, a.hmc_cart_provider_id_c AS providerid, a.name AS accountname, o.stage_name, a.id AS sfaccountid, a.hmc_lead_volume_sold_c AS leadvolumesold FROM main.community_salesforce.opportunity AS o LEFT JOIN main.community_salesforce.account AS a ON a.id = o.account_id WHERE close_date >= ?","select `SF_OpportunityId`, `CreatedDate`, `ClosedDate`, `is_closed`, `is_won`, `owner_id`, `OpportunityName`, `ProviderID`, `AccountName`, `stage_name`, `SFAccountID`, `LeadVolumeSold` from ( Select o.id SF_OpportunityId ,date(o.created_date) CreatedDate ,date(o.close_date) ClosedDate ,o.is_closed , ..."
246,"SELECT DISTINCT * FROM main.prod_homecare_acreporting_reporting.dimdate WHERE date >= ? AND date < DATE_ADD(YEAR, ?, DATE_TRUNC('YEAR', CURRENT_TIMESTAMP()))","select * from ( Select distinct * from main.prod_homecare_acreporting_reporting.dimdate where date>= '2025' and date < date_add(Year, 2,date_trunc('year',getdate())) ) as `_` limit 0"
245,"WITH cte AS (SELECT DISTINCT ref.providerid, ref.orderid, CAST(ref.activatedon AS DATE) AS activationdate, ref.referralid, hmcl.hmcrequestid, CASE WHEN NOT ref.activatedon IS NULL THEN ref.referralid ELSE NULL END AS activation FROM main.prod_homecare_actransactional_homecare.referral AS ref LEFT JOIN main.prod_homecare_actransactional_organization.provider AS p ON p.providerid = ref.providerid LEFT JOIN main.prod_homecare_insite_directory.hmclead AS hmcl ON hmcl.hmcleadid = ref.hmcleadid WHERE ref.activatedon >= ? AND p.providerorganizationid = ? AND ref.billingtypeid = ? AND NOT ref.hmcleadi ...","select * from ( WITH CTE AS( Select DISTINCT ref.providerid ,ref.orderid ,date(ref.activatedon) ActivationDate ,ref.referralid ,hmcl.hmcrequestid ,case when ref.activatedon is not null then ref.referralid else null end Activation FROM main.prod_homecare_actransactional_homecare.referral ref LEFT JOI ..."
245,"SELECT hottransferresultid, htr.providerid, lid.leadid, htr.hottransferresponseid, hs.name AS hottransferresponse, CAST(r.referredon AS DATE) AS referraldate, DATE_ADD(HOUR, -?, hottransferredon) AS hottransferredon, p.warmtransferphonenumber, CONCAT(l.contactfirstname, ?, l.contactlastname) AS contactname, CONCAT(l.firstname, ?, l.lastname) AS residentname, l.contactphone, l.contactemail FROM prod_homecare_actransactional_homecare.hottransferresult AS htr LEFT JOIN prod_homecare_actransactional_homecare.lead AS l ON l.leadid = htr.leadid LEFT JOIN prod_homecare_actransactional_homecare.referr ...","select `HotTransferResultID`, `ProviderID`, `LeadID`, `HotTransferResponseID`, `HotTransferResponse`, `ReferralDate`, `HotTransferredOn`, `warmtransferphonenumber`, `ContactName`, `ResidentName`, `ContactPhone`, `ContactEmail` from ( SELECT HotTransferResultID ,htr.ProviderID ,lid.LeadID ,htr.HotTra ..."
244,"WITH cte AS (SELECT hmcr.hmcrequestid, ref.referralid, CAST(ref.referredon AS DATE) AS referraldate, CASE WHEN NOT ref.activatedon IS NULL THEN ? ELSE ? END AS cornerstone_activation, CONCAT(hmcr.firstname, ?, hmcr.lastname) AS name, hmcr.emailaddress, hpn.phonenumber, ref.providerid, hmcr.postalcode, CASE WHEN hmcr.djtypeid = ? THEN ? WHEN hmcr.djtypeid = ? THEN ? WHEN hmcr.djtypeid = ? THEN ? WHEN hmcr.djtypeid = ? THEN ? WHEN hmcr.djtypeid = ? THEN ? WHEN hmcr.djtypeid = ? THEN ? END AS djtype, CASE WHEN NOT ref.digitaljourney IS NULL THEN ? ELSE ? END AS djreferral FROM main.prod_homecare_ ...","select * from ( WITH CTE AS( Select hmcr.hmcrequestid ,ref.referralid ,date(ref.referredon) ReferralDate ,CASE When ref.activatedon is not null then ""Yes"" else ""No"" end Cornerstone_Activation ,concat(hmcr.firstname, "" "", hmcr.lastname) Name ,hmcr.emailaddress ,hpn.phonenumber ,ref.providerid ,hmcr.p ..."
242,"WITH cte AS (SELECT p.providerid, psc.postalcode FROM main.prod_homecare_actransactional_organization.provider AS p LEFT JOIN main.prod_homecare_actransactional_organization.providerservicecoverage AS psc ON psc.providerid = p.providerid WHERE p.providerorganizationid = ? AND psc.deleted = ?), ctea AS (SELECT cte.providerid, COUNT(DISTINCT cte.postalcode) AS postalcodes FROM cte GROUP BY ?), cteb AS (SELECT cte.postalcode, COUNT(DISTINCT cte.providerid) AS providers FROM cte GROUP BY ?) SELECT DISTINCT cte.providerid, cte.postalcode, ctea.postalcodes AS provider_postalcodes, cteb.providers AS  ...","select `Providerid`, `Postalcode`, `Provider_PostalCodes`, `ProvidersinPostalcode`, `AccountStatus`, `AccountReason` from ( WITH CTE AS( Select p.providerid ,psc.postalcode FROM main.prod_homecare_actransactional_organization.provider p LEFT JOIN main.prod_homecare_actransactional_organization.provi ..."
241,"WITH cte AS (SELECT DISTINCT ref.providerid, ref.orderid, CAST(ref.activatedon AS DATE) AS activationdate, ref.referralid, hmcl.hmcrequestid, CASE WHEN NOT ref.activatedon IS NULL THEN ref.referralid ELSE NULL END AS activation FROM main.prod_homecare_actransactional_homecare.referral AS ref LEFT JOIN main.prod_homecare_actransactional_organization.provider AS p ON p.providerid = ref.providerid LEFT JOIN main.prod_homecare_insite_directory.hmclead AS hmcl ON hmcl.hmcleadid = ref.hmcleadid WHERE ref.activatedon >= ? AND p.providerorganizationid = ? AND ref.billingtypeid = ? AND NOT ref.hmcleadi ...","select `ProviderID`, `OrderID`, `activationdate`, `ReferralID`, `Activation`, `Missed_Activation` from ( WITH CTE AS( Select DISTINCT ref.providerid ,ref.orderid ,date(ref.activatedon) ActivationDate ,ref.referralid ,hmcl.hmcrequestid ,case when ref.activatedon is not null then ref.referralid else n ..."
233,"WITH cte AS (SELECT hmcr.hmcrequestid, ref.referralid, CAST(ref.referredon AS DATE) AS referraldate, CASE WHEN NOT ref.activatedon IS NULL THEN ? ELSE ? END AS cornerstone_activation, CONCAT(hmcr.firstname, ?, hmcr.lastname) AS name, hmcr.emailaddress, hpn.phonenumber, ref.providerid, hmcr.postalcode, CASE WHEN hmcr.djtypeid = ? THEN ? WHEN hmcr.djtypeid = ? THEN ? WHEN hmcr.djtypeid = ? THEN ? WHEN hmcr.djtypeid = ? THEN ? WHEN hmcr.djtypeid = ? THEN ? WHEN hmcr.djtypeid = ? THEN ? END AS djtype, CASE WHEN NOT ref.digitaljourney IS NULL THEN ? ELSE ? END AS djreferral FROM main.prod_homecare_ ...","select `Name`, `emailaddress`, `phonenumber`, `postalcode`, `djtype`, `djreferral`, `referralid`, `providerid`, `referraldate`, `hmcrequestid`, `Providers_Referred`, `ActivatedOn`, `Cornerstone_Activation`, `AnyActivation`, `Cornerstone_HotTransfer`, `Any_HotTransfer` from ( WITH CTE AS( Select hmcr ..."
229,"SELECT * FROM (SELECT o.owner_id, a.hmc_cart_provider_id_c AS providerid, is_closed, is_won, o.id, o.created_date, o.hmc_lead_source_c AS lead_source FROM main.community_salesforce.opportunity AS o LEFT JOIN main.community_salesforce.account AS a ON a.id = o.account_id WHERE o.created_date >= ?) AS _ WHERE ? = ?","select * from ( Select o.owner_id ,a.hmc_cart_provider_id_c ProviderID ,is_closed ,is_won ,O.id ,o.created_date ,o.hmc_lead_source_c Lead_Source FROM main.community_salesforce.opportunity o LEFT JOIN main.community_salesforce.account a on a.id = o.account_id WHERE o.created_date >= '2025-07-01' ) as ..."
227,"SELECT o.owner_id, a.hmc_cart_provider_id_c AS providerid, is_closed, is_won, o.id, o.created_date, o.hmc_lead_source_c AS lead_source FROM main.community_salesforce.opportunity AS o LEFT JOIN main.community_salesforce.account AS a ON a.id = o.account_id WHERE o.created_date >= ?","select `owner_id`, `ProviderID`, `is_closed`, `is_won`, `id`, cast(`created_date` as DATE) as `C1`, `Lead_Source` from ( Select o.owner_id ,a.hmc_cart_provider_id_c ProviderID ,is_closed ,is_won ,O.id ,o.created_date ,o.hmc_lead_source_c Lead_Source FROM main.community_salesforce.opportunity o LEFT  ..."
222,"SELECT * FROM (SELECT ref.providerid, p.name AS providername, ref.orderid, ref.referralid, CAST(referredon AS DATE) AS referraldate, CAST(ref.activatedon AS DATE) AS activatedondate, hcc.amount, CASE WHEN htr.hottransferresponseid = ? THEN ? ELSE ? END AS hottransferred, CASE WHEN ref.returnapproved = TRUE THEN ? ELSE ? END AS returns, hcc.iscredit FROM main.prod_homecare_actransactional_homecare.referral AS ref LEFT JOIN main.prod_homecare_actransactional_billing.homecarecharge AS hcc ON hcc.referralid = ref.referralid LEFT JOIN main.prod_homecare_actransactional_homecare.hottransferresult AS ...","select * from ( Select ref.providerid ,p.name ProviderName ,ref.orderid ,ref.referralid ,date(referredon) ReferralDate ,date(ref.activatedon) ActivatedOnDate ,hcc.amount ,CASE WHEN htr.hottransferresponseid = 1 then ""Hot Transferred"" else ""Not Hot Transferred"" end HotTransferred ,case when ref.retur ..."
220,"SELECT leadid, providerid, accountid, costperlead, createdby, modifiedon, matchrulesetid, isexactmatch, modifiedby, orderid, leadproviderdeliverytypeid, isproximitymatch, sfrecordid, applicantid, createdon, _fivetran_deleted, _fivetran_synced, (CAST(YEAR(createdon) AS DOUBLE) * ? + CAST(MONTH(createdon) AS DOUBLE) * ?) + CAST(DAYOFMONTH(createdon) AS DOUBLE) AS c1 FROM main.prod_homecare_actransactional_recruitment.lead","select `leadid`, `providerid`, `accountid`, `costperlead`, `createdby`, `modifiedon`, `matchrulesetid`, `isexactmatch`, `modifiedby`, `orderid`, `leadproviderdeliverytypeid`, `isproximitymatch`, `sfrecordid`, `applicantid`, `createdon`, `_fivetran_deleted`, `_fivetran_synced`, cast({ fn round(`C1`,  ..."
212,"WITH cte AS (SELECT cph.providerid, cph.orderid, MIN(cph.date) AS firstactivedate, MAX(cph.date) AS lastactivedate FROM main.prod_homecare_acreporting_reporting.cartproviderhistory AS cph WHERE (cph.orderstatusreason = ? OR cph.orderstatus IN (?)) GROUP BY ?, ?), cte2 AS (SELECT cte.providerid, cte.orderid, cph.orderstatus, cph.orderstatusreason, firstactivedate, lastactivedate FROM cte LEFT JOIN main.prod_homecare_acreporting_reporting.cartproviderhistory AS cph ON cph.providerid = cte.providerid AND cph.orderid = cte.orderid WHERE cph.date = CAST(CURRENT_TIMESTAMP() AS DATE)), cte1 AS (SELEC ...","select * from ( WITH CTE1 AS( WITH CTE AS ( Select cph.providerid ,cph.orderid ,min(cph.date) FirstActiveDate ,max(cph.date) LastActiveDate FROM main.prod_homecare_acreporting_reporting.cartproviderhistory cph WHERE (cph.orderstatusreason = 'Monthly Cap Reached' or cph.orderstatus in ('Active', 'Pau ..."
210,"WITH cte AS (SELECT cph.providerid, cph.orderid, MIN(cph.date) AS firstactivedate, MAX(cph.date) AS lastactivedate FROM main.prod_homecare_acreporting_reporting.cartproviderhistory AS cph WHERE (cph.orderstatusreason = ? OR cph.orderstatus IN (?)) GROUP BY ?, ?), cte2 AS (SELECT cte.providerid, cte.orderid, cph.orderstatus, cph.orderstatusreason, firstactivedate, lastactivedate FROM cte LEFT JOIN main.prod_homecare_acreporting_reporting.cartproviderhistory AS cph ON cph.providerid = cte.providerid AND cph.orderid = cte.orderid WHERE cph.date = CAST(CURRENT_TIMESTAMP() AS DATE)), cte1 AS (SELEC ...","select `ProviderID`, `ProviderName`, `OrderID`, `FirstActiveDate`, `LastActiveDate`, `OrderCreateDate`, `CurrentOrderStatus`, `CurrentOrderStatusReasonType`, `HCAM`, `ProviderOrders`, `Status` from ( WITH CTE1 AS( WITH CTE AS ( Select cph.providerid ,cph.orderid ,min(cph.date) FirstActiveDate ,max(c ..."
208,"SELECT ref.providerid, p.name AS providername, ref.orderid, ref.referralid, CAST(referredon AS DATE) AS referraldate, CAST(ref.activatedon AS DATE) AS activatedondate, hcc.amount, CASE WHEN htr.hottransferresponseid = ? THEN ? ELSE ? END AS hottransferred, CASE WHEN ref.returnapproved = TRUE THEN ? ELSE ? END AS returns, hcc.iscredit FROM main.prod_homecare_actransactional_homecare.referral AS ref LEFT JOIN main.prod_homecare_actransactional_billing.homecarecharge AS hcc ON hcc.referralid = ref.referralid LEFT JOIN main.prod_homecare_actransactional_homecare.hottransferresult AS htr ON htr.ref ...","select `providerid`, `ProviderName`, `orderid`, `referralid`, `ReferralDate`, `ActivatedOnDate`, `amount`, `HotTransferred`, `Returns`, `iscredit` from ( Select ref.providerid ,p.name ProviderName ,ref.orderid ,ref.referralid ,date(referredon) ReferralDate ,date(ref.activatedon) ActivatedOnDate ,hcc ..."
203,"SELECT * FROM prod_homecare_acreporting_reporting.dimdate WHERE date >= DATE_ADD(YEAR, -?, DATE_TRUNC('YEAR', CURRENT_TIMESTAMP())) AND date < DATE_ADD(YEAR, ?, DATE_TRUNC('YEAR', CURRENT_TIMESTAMP()))","select * from ( Select * from prod_homecare_acreporting_reporting.dimdate where date >= dateadd(Year,-2, date_trunc('Year', getdate())) and date < dateadd(year, 1, date_trunc('Year', getdate())) ) as `_` limit 0"
190,"SELECT orderid, htmonthlysent, orderstatusreasonnote, minimumfee, costperlead, modifiedon, highpriority, autorenew, pausedon, isprefundedpackage, prepaidtotal, htmonthlycap, modifiedby, dmorderid, costperhtlead, name, monthlysent, postalmatch, sysstarttime, totalsent, billingtypeid, orderstatussubreasontypeid, sfrecordid, createdon, confirmationmailsent, activationdate, monthlycap, proximitymatch, packagecostperlead, packagetotalcap, parentsfaccountrecordid, sysendtime, orderstatusreasontypeid, createdby, monthlyavailable, accountid, rate, matchrulesetid, totalavailable, prepaidautorenew, prox ...","select `orderid`, `htmonthlysent`, `orderstatusreasonnote`, `minimumfee`, `costperlead`, `modifiedon`, `highpriority`, `autorenew`, `pausedon`, `isprefundedpackage`, `prepaidtotal`, `htmonthlycap`, `modifiedby`, `dmorderid`, `costperhtlead`, `name`, `monthlysent`, `postalmatch`, `sysstarttime`, `tot ..."
167,"WITH cte AS (SELECT DISTINCT hmcr.hmcrequestid, hmcr.hmcprospectid, TRIM(hmcr.postalcode) AS postalcode, hmcr.affiliateid, hmcr.affiliateinquiryid, apfm.lt_form_submit_channel, CASE WHEN hmcr.customflow = ? THEN ? ELSE ? END AS flow, CASE WHEN hmcr.affiliateid IN (?) THEN ? WHEN hmcr.affiliateid = ? THEN ? WHEN hmcr.affiliateid IN (?) THEN ? WHEN hmcr.affiliateid = ? THEN ? WHEN hmcr.affiliateid = ? THEN ? WHEN hmcr.affiliateid IN (?) THEN ? WHEN hmcr.affiliateid IN (?) THEN ? WHEN hmcr.url LIKE ? OR hmcr.url LIKE ? OR hmcr.url LIKE ? THEN ? WHEN hmcr.url LIKE ? OR hmcr.affiliateid = ? THEN ?  ...","select * from ( WITH CTE3 AS (WITH CTE2 AS (WITH CTE AS (SELECT distinct hmcr.HMCRequestID ,hmcr.HMCProspectID ,trim(hmcr.postalcode) postalcode ,hmcr.affiliateid ,hmcr.affiliateinquiryid ,apfm.lt_form_submit_channel ,CASE WHEN hmcr.customflow =1 then 'NFE' ELSE 'OFE' END as Flow ,CASE WHEN hmcr.aff ..."
161,"WITH cte AS (SELECT DISTINCT hmcr.hmcrequestid, hmcr.hmcprospectid, TRIM(hmcr.postalcode) AS postalcode, hmcr.affiliateid, hmcr.affiliateinquiryid, apfm.lt_form_submit_channel, CASE WHEN hmcr.customflow = ? THEN ? ELSE ? END AS flow, CASE WHEN hmcr.affiliateid IN (?) THEN ? WHEN hmcr.affiliateid = ? THEN ? WHEN hmcr.affiliateid IN (?) THEN ? WHEN hmcr.affiliateid = ? THEN ? WHEN hmcr.affiliateid = ? THEN ? WHEN hmcr.affiliateid IN (?) THEN ? WHEN hmcr.affiliateid IN (?) THEN ? WHEN hmcr.url LIKE ? OR hmcr.url LIKE ? OR hmcr.url LIKE ? THEN ? WHEN hmcr.url LIKE ? OR hmcr.affiliateid = ? THEN ?  ...","select `HMCRequestID`, `HMCProspectID`, `Flow`, `lastoutcomeid`, `affiliateID`, `Channel`, `IsDJ`, `DJStep`, `djstepid`, `DJType`, `Source`, `postalcode`, `formname`, `TimeID`, `SiteSection`, `SEMForm`, `EmailType`, `RequestDateTime`, `RequestStatusID`, `Lead`, `LSTF`, `RL`, `CampaignID`, `CampaignN ..."
158,"WITH cte AS (SELECT DISTINCT hmcr.hmcrequestid, hmcr.hmcprospectid, hmcr.affiliateinquiryid, apfm.lt_form_submit_channel, CASE WHEN hmcr.customflow = ? THEN ? ELSE ? END AS flow, CASE WHEN hmcr.affiliateid = ? THEN ? WHEN hmcr.affiliateid = ? THEN ? WHEN hmcr.affiliateid IN (?) THEN ? WHEN hmcr.affiliateid = ? THEN ? WHEN hmcr.affiliateid = ? THEN ? WHEN hmcr.affiliateid IN (?) THEN ? WHEN hmcr.affiliateid IN (?) THEN ? WHEN hmcr.url LIKE ? OR hmcr.url LIKE ? OR hmcr.url LIKE ? THEN ? WHEN hmcr.url LIKE ? OR hmcr.affiliateid = ? THEN ? WHEN hmcr.affiliateid IN (?) OR hmcr.url LIKE ? OR hmcr.ur ...","select `HMCRequestID`, `HMCProspectID`, `Flow`, `lastoutcomeid`, `affiliateID`, `dma`, `Channel`, `IsDJ`, `DJStep`, `djstepid`, `DJType`, `Source`, `formname`, `TimeID`, `SiteSection`, `SEMForm`, `EmailType`, `RequestDateTime`, `RequestStatusID`, `Lead`, `LSTF`, `RL`, `CampaignID`, `CampaignName` fr ..."
150,"SELECT DISTINCT l.hmcleadid, r.firstname, r.lastname, hmcr.postalcode, r.emailaddress, rp.phonenumber, CASE WHEN hmcr.affiliateid = ? THEN ? WHEN hmcr.affiliateid IN (?) THEN ? WHEN hmcr.affiliateid = ? THEN ? WHEN hmcr.affiliateid = ? THEN ? WHEN hmcr.affiliateid IN (?) THEN ? WHEN hmcr.affiliateid IN (?) THEN ? WHEN hmcr.url LIKE ? OR hmcr.url LIKE ? OR hmcr.url LIKE ? THEN ? WHEN hmcr.url LIKE ? OR hmcr.affiliateid = ? THEN ? WHEN hmcr.affiliateid IN (?) OR hmcr.url LIKE ? OR hmcr.url LIKE ? THEN ? WHEN hmcr.affiliateid = ? THEN ? WHEN hmcr.url IS NULL AND hmcr.affiliateid IN (?) THEN ? ELS ...","select * from ( select distinct l.hmcleadid ,r.firstname ,r.lastname ,hmcr.postalcode ,r.emailaddress ,rp.phonenumber ,CASE WHEN hmcr.affiliateid = 72 THEN 'APFM' WHEN hmcr.affiliateID IN (98,100,101,102,103,104,105,109,110,123,124,125,126,127,128,129,130,131,132) THEN 'SEM' WHEN hmcr.affiliateID =  ..."
146,"WITH cte AS (SELECT DISTINCT hmcl.hmcrequestid, hottransferresultid, (CASE WHEN htrs.name LIKE ? THEN ? WHEN htrs.name LIKE ? THEN ? ELSE ? END) AS failed, (CASE WHEN htrs.name LIKE ? THEN ? ELSE ? END) AS accepted FROM prod_homecare_actransactional_homecare.hottransferresult AS htr LEFT JOIN prod_homecare_actransactional_homecare.referral AS r ON r.leadid = htr.leadid LEFT JOIN prod_homecare_insite_directory.hmclead AS hmcl ON hmcl.hmcleadid = r.hmcleadid LEFT JOIN prod_homecare_actransactional_homecare.hottransferresponse AS htrs ON htrs.hottransferresponseid = htr.hottransferresponseid WHER ...","select * from ( WITH CTE AS ( SELECT distinct hmcl.HMCRequestID ,HotTransferResultID ,(CASE WHEN htrs.name like '%Failed%' then 1 when htrs.name like '%Denied%' then 1 else 0 End) Failed ,(CASE WHEN htrs.name like '%Accept%' then 1 else 0 END) Accepted FROM prod_homecare_actransactional_homecare.hot ..."
146,"SELECT DISTINCT p.providerid, p.name, po.name AS organization, p.orgid, cph.orderid, CASE WHEN NOT cph.orderid IS NULL AND cph.monthlycap IS NULL THEN ? ELSE cph.monthlycap END AS monthlycap FROM prod_homecare_actransactional_organization.provider AS p LEFT JOIN prod_homecare_actransactional_organization.providerorganization AS po ON po.providerorganizationid = p.providerorganizationid LEFT JOIN prod_homecare_actransactional_homecare.referral AS r ON p.providerid = r.providerid LEFT JOIN main.prod_homecare_acreporting_reporting.cartproviderhistory AS cph ON cph.providerid = p.providerid WHERE  ...","select * from ( select distinct p.providerid ,p.name ,po.name as Organization ,p.orgid ,cph.orderid ,case when cph.orderid is not null and cph.monthlycap is null then 'Unlimited' else cph.monthlycap end as MonthlyCap from prod_homecare_actransactional_organization.provider p LEFT JOIN prod_homecare_ ..."
146,"SELECT * FROM (SELECT dateid, date, dayofyear, dayofmonth, dayofweek, weekdayname, month, monthname, year, monthyearid, CONCAT(?, quarter, ?, year) AS quarter FROM prod_homecare_acreporting_reporting.dimdate WHERE date >= ? AND date <= CURRENT_TIMESTAMP()) AS _ WHERE ? = ?","select * from ( SELECT DateID ,Date ,DayOfYear ,DayOfMonth ,DayOfWeek ,WeekDayName ,Month ,MonthName ,Year ,MonthYearID ,concat(""Q"",quarter,"" "", year) Quarter FROM prod_homecare_acreporting_reporting.dimdate where date >= '2025' and date <= getdate() ) as `_` where 0 = 1"
144,"SELECT * FROM (SELECT agentstatedetailid, agent, agentgroup, DATE_FORMAT(time, ?) AS timeid, time, LAG(time) OVER (PARTITION BY agent ORDER BY agentstatedetailid DESC) AS endtime, state, reasoncode, mediaavailability, skillavailability, CASE WHEN state = ? OR (state = ? AND reasoncode = ?) THEN ? ELSE ? END AS wastedtime, CASE WHEN state = ? AND (reasoncode IN (?)) THEN ? ELSE ? END AS agentstategroup, agentstatetime, detaildate, CASE WHEN agent = ? THEN ? WHEN agent = ? THEN ? WHEN agent = ? THEN ? WHEN agent = ? THEN ? ELSE LOWER(CONCAT(LEFT(agent, LOCATE(?, agent) - ?), SUBSTRING(agent, LOC ...","select * from ( SELECT AgentStateDetailId ,Agent ,AgentGroup ,date_format(Time,""HHmm"") Timeid ,Time ,LAG(Time) OVER (PARTITION BY Agent ORDER BY AgentStateDetailId DESC) EndTime ,State ,ReasonCode ,MediaAvailability ,SkillAvailability ,CASE WHEN State = 'After Call Work' OR (State= 'Not Ready' AND R ..."
143,"WITH cte AS (SELECT DISTINCT hmcl.hmcrequestid, hottransferresultid, (CASE WHEN htrs.name LIKE ? THEN ? WHEN htrs.name LIKE ? THEN ? ELSE ? END) AS failed, (CASE WHEN htrs.name LIKE ? THEN ? ELSE ? END) AS accepted FROM prod_homecare_actransactional_homecare.hottransferresult AS htr LEFT JOIN prod_homecare_actransactional_homecare.referral AS r ON r.leadid = htr.leadid LEFT JOIN prod_homecare_insite_directory.hmclead AS hmcl ON hmcl.hmcleadid = r.hmcleadid LEFT JOIN prod_homecare_actransactional_homecare.hottransferresponse AS htrs ON htrs.hottransferresponseid = htr.hottransferresponseid WHER ...","select `hmcrequestid`, `HtAttempt`, `HtAcceptance` from ( WITH CTE AS ( SELECT distinct hmcl.HMCRequestID ,HotTransferResultID ,(CASE WHEN htrs.name like '%Failed%' then 1 when htrs.name like '%Denied%' then 1 else 0 End) Failed ,(CASE WHEN htrs.name like '%Accept%' then 1 else 0 END) Accepted FROM  ..."
143,"WITH cte AS (SELECT callid, SUM(CASE WHEN calltype = ? THEN ? ELSE ? END) AS transfers_attempted FROM prod_homecare_acreporting_import.five9dailycalllogs WHERE agentgroup = ? GROUP BY callid ORDER BY callid), cte1 AS (SELECT DISTINCT f9.callid, timestamp, agent, agentname, calltype, disposition, dispositionpath, calltime, talktime, dnis, handletime, consulttime, totalqueuetime, manualtime, dialtime, aftercallworktime, holdtime, ringtime, CASE WHEN calltype IN (?) THEN ? WHEN campaign IN (?) THEN ? ELSE ? END AS call_direction, CASE WHEN disposition IN (?) THEN ? WHEN disposition = ? THEN ? ELS ...","select * from ( WITH CTE AS ( SELECT CallId ,SUM(CASE WHEN CallType = '3rd party conference' THEN 1 ELSE 0 END) AS Transfers_Attempted FROM prod_homecare_acreporting_import.five9dailycalllogs WHERE agentgroup = 'AC Care Advisors' GROUP BY CallId ORDER BY CallId), CTE1 AS ( SELECT distinct f9.CallId  ..."
143,"WITH cte AS (SELECT CASE WHEN state IN (?) THEN ? ELSE ? END AS updatedstatus, *, (DATE_FORMAT(CAST(agentstatetime AS TIMESTAMP), ?) * ?) + (DATE_FORMAT(CAST(agentstatetime AS TIMESTAMP), ?)) AS duration, CASE WHEN CONCAT(agentfirstname, ?, agentlastname) = ? THEN ? WHEN CONCAT(agentfirstname, ?, agentlastname) = ? THEN ? WHEN CONCAT(agentfirstname, ?, agentlastname) = ? THEN ? WHEN CONCAT(agentfirstname, ?, agentlastname) = ? THEN ? ELSE LOWER(CONCAT(LEFT(agent, LOCATE(?, agent) - ?), SUBSTRING(agent, LOCATE(?, agent) + ?, ?))) END AS name_join FROM main.prod_homecare_acreporting_import.five9 ...","select * from ( WITH CTE2 AS( WITH CTE1 AS( WITH CTE AS( Select case when state in ('Ringing', 'On Call') then 'On Call' else 'Ready' end UpdatedStatus, *, (date_format(cast(agentstatetime as timestamp), 'mm') * 60)+ (date_format(cast(agentstatetime as timestamp), 'ss')) Duration ,CASE WHEN Concat(a ..."
142,"SELECT * FROM (SELECT DISTINCT referralid, req.hmcrequestid, CAST(activatedon AS DATE) AS activatedon, CAST(req.createdate AS DATE) AS createdate, CAST(ref.referredon AS DATE) AS referredon FROM prod_homecare_actransactional_homecare.referral AS ref JOIN prod_homecare_insite_directory.hmclead AS l ON l.hmcleadid = ref.hmcleadid JOIN prod_homecare_insite_directory.hmcrequest AS req ON l.hmcrequestid = req.hmcrequestid WHERE NOT activatedon IS NULL AND ref.createdon >= DATE_ADD(YEAR, -?, DATE_TRUNC('MONTH', CURRENT_TIMESTAMP()))) AS _ WHERE ? = ?","select * from ( SELECT DISTINCT ReferralID ,req.HMCRequestID ,cast(ActivatedOn as date) ActivatedOn ,cast(req.createdate as date) createdate ,CAST(ref.ReferredOn as date) ReferredOn FROM prod_homecare_actransactional_homecare.referral ref Join prod_homecare_insite_directory.hmclead l on l.HMCLeadID  ..."
142,"SELECT agentstatedetailid, agent, agentgroup, DATE_FORMAT(time, ?) AS timeid, time, LAG(time) OVER (PARTITION BY agent ORDER BY agentstatedetailid DESC) AS endtime, state, reasoncode, mediaavailability, skillavailability, CASE WHEN state = ? OR (state = ? AND reasoncode = ?) THEN ? ELSE ? END AS wastedtime, CASE WHEN state = ? AND (reasoncode IN (?)) THEN ? ELSE ? END AS agentstategroup, agentstatetime, detaildate, CASE WHEN agent = ? THEN ? WHEN agent = ? THEN ? WHEN agent = ? THEN ? WHEN agent = ? THEN ? ELSE LOWER(CONCAT(LEFT(agent, LOCATE(?, agent) - ?), SUBSTRING(agent, LOCATE(?, agent) + ...","select `AgentStateDetailId`, `Agent`, `AgentGroup`, `Timeid`, `Time`, `EndTime`, `State`, `ReasonCode`, `MediaAvailability`, `SkillAvailability`, `WastedTime`, `AgentStateGroup`, `AgentStateTime`, `DetailDate`, `name_join` from ( SELECT AgentStateDetailId ,Agent ,AgentGroup ,date_format(Time,""HHmm"") ..."
142,"SELECT * FROM (SELECT DISTINCT req.hmcrequestid, referralid, CASE WHEN returnapproved = TRUE THEN ? ELSE ? END AS return, CAST(modifiedon AS DATE) AS modifiedon, CAST(req.createdate AS DATE) AS createdate, ref.createdon FROM prod_homecare_actransactional_homecare.referral AS ref LEFT JOIN prod_homecare_insite_directory.hmclead AS l ON l.hmcleadid = ref.hmcleadid LEFT JOIN prod_homecare_insite_directory.hmcrequest AS req ON l.hmcrequestid = req.hmcrequestid WHERE (billingtypeid = ? AND NOT ref.hmcleadid IS NULL) AND ref.createdon >= DATE_ADD(YEAR, -?, DATE_TRUNC('MONTH', CURRENT_TIMESTAMP())))  ...","select * from ( SELECT DISTINCT req.HMCRequestID ,ReferralID --,ReferralStatusTypeID --,Returnapproved ,case when returnapproved = true then 1 else 0 end return ,CAST(ModifiedOn as date) ModifiedOn ,cast(req.createdate as date) createdate ,ref.CreatedOn -- ,ref.HMCLeadID -- ,OrderID FROM prod_homeca ..."
141,"WITH cte AS (SELECT CASE WHEN state IN (?) THEN ? ELSE ? END AS updatedstatus, *, (DATE_FORMAT(CAST(agentstatetime AS TIMESTAMP), ?) * ?) + (DATE_FORMAT(CAST(agentstatetime AS TIMESTAMP), ?)) AS duration, CASE WHEN CONCAT(agentfirstname, ?, agentlastname) = ? THEN ? WHEN CONCAT(agentfirstname, ?, agentlastname) = ? THEN ? WHEN CONCAT(agentfirstname, ?, agentlastname) = ? THEN ? WHEN CONCAT(agentfirstname, ?, agentlastname) = ? THEN ? ELSE LOWER(CONCAT(LEFT(agent, LOCATE(?, agent) - ?), SUBSTRING(agent, LOCATE(?, agent) + ?, ?))) END AS name_join FROM main.prod_homecare_acreporting_import.five9 ...","select `Agent`, `Date`, `name_join`, `Group_id`, `updatedstatus`, `FirstTime`, `TotalTime` from ( WITH CTE2 AS( WITH CTE1 AS( WITH CTE AS( Select case when state in ('Ringing', 'On Call') then 'On Call' else 'Ready' end UpdatedStatus, *, (date_format(cast(agentstatetime as timestamp), 'mm') * 60)+ ( ..."
141,"WITH cte AS (SELECT callid, SUM(CASE WHEN calltype = ? THEN ? ELSE ? END) AS transfers_attempted FROM prod_homecare_acreporting_import.five9dailycalllogs WHERE agentgroup = ? GROUP BY callid ORDER BY callid), cte1 AS (SELECT DISTINCT f9.callid, timestamp, agent, agentname, calltype, disposition, dispositionpath, calltime, talktime, dnis, handletime, consulttime, totalqueuetime, manualtime, dialtime, aftercallworktime, holdtime, ringtime, CASE WHEN calltype IN (?) THEN ? WHEN campaign IN (?) THEN ? ELSE ? END AS call_direction, CASE WHEN disposition IN (?) THEN ? WHEN disposition = ? THEN ? ELS ...","select `Time`, `CallId`, `Timestamp`, `Agent`, `AgentName`, `CallType`, `Disposition`, `DispositionPath`, `CallTime`, `TalkTime`, `DNIS`, `HandleTime`, `ConsultTime`, `TotalQueueTime`, `ManualTime`, `DialTime`, `AfterCallWorkTime`, `HoldTime`, `RingTime`, `Call_Direction`, `Business_Process`, `Trans ..."
141,"SELECT dateid, date, dayofyear, dayofmonth, dayofweek, weekdayname, month, monthname, year, monthyearid, CONCAT(?, quarter, ?, year) AS quarter FROM prod_homecare_acreporting_reporting.dimdate WHERE date >= ? AND date <= CURRENT_TIMESTAMP()","select `DateID`, `Date`, `DayOfYear`, `DayOfMonth`, `DayOfWeek`, `WeekDayName`, `Month`, `MonthName`, `Year`, `MonthYearID`, `Quarter` from ( SELECT DateID ,Date ,DayOfYear ,DayOfMonth ,DayOfWeek ,WeekDayName ,Month ,MonthName ,Year ,MonthYearID ,concat(""Q"",quarter,"" "", year) Quarter FROM prod_homec ..."
140,"SELECT DISTINCT referralid, req.hmcrequestid, CAST(activatedon AS DATE) AS activatedon, CAST(req.createdate AS DATE) AS createdate, CAST(ref.referredon AS DATE) AS referredon FROM prod_homecare_actransactional_homecare.referral AS ref JOIN prod_homecare_insite_directory.hmclead AS l ON l.hmcleadid = ref.hmcleadid JOIN prod_homecare_insite_directory.hmcrequest AS req ON l.hmcrequestid = req.hmcrequestid WHERE NOT activatedon IS NULL AND ref.createdon >= DATE_ADD(YEAR, -?, DATE_TRUNC('MONTH', CURRENT_TIMESTAMP()))","select `ReferralID`, `HMCRequestID`, `ActivatedOn`, `createdate`, `ReferredOn` from ( SELECT DISTINCT ReferralID ,req.HMCRequestID ,cast(ActivatedOn as date) ActivatedOn ,cast(req.createdate as date) createdate ,CAST(ref.ReferredOn as date) ReferredOn FROM prod_homecare_actransactional_homecare.refe ..."
140,"SELECT DISTINCT req.hmcrequestid, referralid, CASE WHEN returnapproved = TRUE THEN ? ELSE ? END AS return, CAST(modifiedon AS DATE) AS modifiedon, CAST(req.createdate AS DATE) AS createdate, ref.createdon FROM prod_homecare_actransactional_homecare.referral AS ref LEFT JOIN prod_homecare_insite_directory.hmclead AS l ON l.hmcleadid = ref.hmcleadid LEFT JOIN prod_homecare_insite_directory.hmcrequest AS req ON l.hmcrequestid = req.hmcrequestid WHERE (billingtypeid = ? AND NOT ref.hmcleadid IS NULL) AND ref.createdon >= DATE_ADD(YEAR, -?, DATE_TRUNC('MONTH', CURRENT_TIMESTAMP()))","select `HMCRequestID`, `ReferralID`, `return`, `ModifiedOn`, `createdate`, `CreatedOn` from ( SELECT DISTINCT req.HMCRequestID ,ReferralID --,ReferralStatusTypeID --,Returnapproved ,case when returnapproved = true then 1 else 0 end return ,CAST(ModifiedOn as date) ModifiedOn ,cast(req.createdate as  ..."
136,"WITH cte AS (SELECT DISTINCT hmcr.hmcrequestid, hmcr.hmcprospectid, hmcr.postalcode, hmcr.affiliateid, hmcr.affiliateinquiryid, apfm.lt_form_submit_channel, CASE WHEN hmcr.customflow = ? THEN ? ELSE ? END AS flow, CASE WHEN hmcr.affiliateid = ? THEN ? WHEN hmcr.affiliateid = ? THEN ? WHEN hmcr.affiliateid IN (?) THEN ? WHEN hmcr.affiliateid = ? THEN ? WHEN hmcr.affiliateid = ? THEN ? WHEN hmcr.affiliateid IN (?) THEN ? WHEN hmcr.affiliateid IN (?) THEN ? WHEN hmcr.url LIKE ? OR hmcr.url LIKE ? OR hmcr.url LIKE ? THEN ? WHEN hmcr.url LIKE ? OR hmcr.affiliateid = ? THEN ? WHEN hmcr.affiliateid I ...","select `HMCRequestID`, `HMCProspectID`, `Flow`, `lastoutcomeid`, `affiliateID`, `Channel`, `IsDJ`, `DJStep`, `djstepid`, `DJType`, `Source`, `formname`, `TimeID`, `SiteSection`, `SEMForm`, `EmailType`, `RequestDateTime`, `RequestStatusID`, `Lead`, `LSTF`, `RL`, `CampaignID`, `CampaignName` from ( WI ..."
129,"WITH cte AS (SELECT DISTINCT r.hmcrequestid, r.affiliateid, CASE WHEN r.affiliateid IN (?) THEN ? WHEN r.affiliateid = ? THEN ? WHEN r.affiliateid = ? THEN ? WHEN r.affiliateid IN (?) THEN ? WHEN r.affiliateid IN (?) THEN ? WHEN r.url LIKE ? OR r.url LIKE ? OR r.url LIKE ? THEN ? WHEN r.url LIKE ? OR r.affiliateid = ? THEN ? WHEN r.affiliateid IN (?) OR r.url LIKE ? OR r.url LIKE ? THEN ? WHEN r.affiliateid = ? THEN ? WHEN r.affiliateid = ? THEN ? WHEN r.url IS NULL AND r.affiliateid IN (?) THEN ? ELSE ? END AS adjchannel, p.createdate AS prospect_date, p.firstname, p.lastname, a.affiliatename ...","select `HMCRequestID`, `affiliateid`, `AdjChannel`, `Prospect_Date`, `firstname`, `lastname`, `affiliatename`, `phonenumber`, `rn`, `Disqualifier`, `Disqualifer_Text`, `DisqualiferReason`, `https://admin.agingcare.com/HMCLeadQueue/Home/Prospect/`, `C1`, `userid`, `Screen_Date`, `Note`, `ScreeningOut ..."
124,"SELECT u.userid, u.userkey, CASE WHEN u.usercode = ? THEN ? ELSE u.usercode END AS usercode FROM prod_homecare_insite_dbo.users AS u","select * from ( SELECT u.userid ,u.userkey ,CASE WHEN u.usercode = 'tonyamarrillo' then 'tonya' else u.usercode end as usercode FROM prod_homecare_insite_dbo.users u ) as `_` limit 0"
122,SELECT * FROM prod_homecare_acreporting_reporting.dimdate WHERE YEAR(CURRENT_TIMESTAMP()) = YEAR(CURRENT_TIMESTAMP()),select * from ( Select * FROM prod_homecare_acreporting_reporting.dimdate where year(getdate()) = year(getdate()) ) as `_` limit 0
120,"SELECT hcrt.hmcleadid, hcrt.requestid, screeningresultid, leadsentdateid, hcrt.accountid, hmcl.companyid, CASE WHEN NOT hmcl.hottransferred IS NULL THEN ? ELSE ? END AS hottransferred, leadsent, leadreturned, CASE WHEN hcrt.accountid = ? THEN ? WHEN NOT cplo.cpl IS NULL THEN cplo.cpl ELSE lld.transactionamount END AS referralrevenue, YEAR(modifiedon) * ? + MONTH(modifiedon) * ? + DAY(modifiedon) AS modifieddateid FROM prod_homecare_acreporting_reporting.facthomecarereferraltransaction AS hcrt LEFT JOIN prod_homecare_insite_directory.hmclead AS hmcl ON hcrt.hmcleadid = hmcl.hmcleadid LEFT JOIN  ...","select * from ( SELECT hcrt.HMCLeadID ,hcrt.RequestID ,ScreeningResultID ,LeadSentDateID ,hcrt.AccountID ,hmcl.CompanyID ,CASE WHEN hmcl.HotTransferred IS NOT NULL THEN 1 ELSE 0 END as HotTransferred ,LeadSent ,LeadReturned ,CASE WHEN hcrt.AccountID = 10435 then 18 WHEN cplo.CPL IS NOT NULL THEN cpl ..."
120,"WITH cte AS (SELECT hcrs.requestid, hmcr.hmcprospectid, dhcr.customeracquisitionkey, dca.source AS osource, CASE WHEN hmcr.url LIKE ? OR hmcr.url LIKE ? THEN ? WHEN hmcr.url LIKE ? THEN ? WHEN dca.source IN (?) THEN ? WHEN dca.source = ? THEN ? ELSE ? END AS adjchannel, dhcr.requestpostalcodeid, hmcr.url, hcrs.requestdatetime, dhcr.requestdateid, lastoutcomedateid, lastoutcometypeid, sot.screeningoutcomename, screeningcompletedateid, providersinareastart, providersinareaend, dhcr.requeststatusid, sq.hmcscreenqueueid, ? AS lead, CASE WHEN lastoutcometypeid IS NULL AND sq.hmcscreenqueueid IS NUL ...","select `RequestID`, `HMCProspectID`, `CustomerAcquisitionKey`, `Flow`, `CampaignKey`, `Channel`, `Source`, `SiteSection`, `CampaignName`, `RequestPostalCodeID`, `EmailType`, `RequestDateTime`, `RequestDateID`, `LastOutcomeDateID`, `LastOutcomeTypeID`, `ScreeningCompleteDateID`, `RequestStatusID`, `L ..."
120,"SELECT postalcodeid, code, countryid, stateprovinceid, countyid, cityid, latitude, longitude, modifiedon, modifiedby, createdon, createdby FROM prod_homecare_actransactional_geo.postalcode_01072025 WHERE countryid = ?","select `PostalCodeID`, `Code`, `CountryID`, `StateProvinceID`, `CountyID`, `CityID`, `Latitude`, `Longitude`, `ModifiedOn`, `ModifiedBy`, `CreatedOn`, `CreatedBy` from ( SELECT PostalCodeID ,Code ,CountryID ,StateProvinceID ,CountyID ,CityID ,Latitude ,Longitude ,ModifiedOn ,ModifiedBy ,CreatedOn ,C ..."
119,"SELECT zip_code, state, msa_no, county_no, msa_name FROM prod_homecare_acreporting_dbo.zip_to_msa","select * from ( SELECT ZIP_CODE ,STATE ,MSA_No ,County_No ,MSA_Name FROM prod_homecare_acreporting_dbo.zip_to_msa ) as `_` limit 0"
119,"SELECT countyid, CONCAT(cty.name, ?, sp.iso2code) AS county, sp.iso2code FROM prod_homecare_actransactional_geo.county AS cty LEFT JOIN prod_homecare_actransactional_geo.stateprovince AS sp ON cty.stateprovinceid = sp.stateprovinceid","select * from ( SELECT CountyID ,CONCAT(cty.Name, ', ', sp.Iso2Code) as County ,sp.Iso2Code FROM prod_homecare_actransactional_geo.county cty LEFT JOIN prod_homecare_actransactional_geo.stateprovince sp on cty.StateProvinceID = sp.StateProvinceID ) as `_` limit 0"
118,"WITH cte AS (SELECT hmcr.hmcrequestid, hmcr.hmcprospectid, postalcode, CASE WHEN hmcr.customflow = ? THEN ? ELSE ? END AS funnel, hmcr.createdate, hmcr.requeststatusid, hmcr.requeststatuscode, CASE WHEN hmcr.affiliateid = ? THEN ? WHEN hmcr.affiliateid = ? THEN ? WHEN hmcr.affiliateid IN (?) THEN ? WHEN hmcr.affiliateid = ? THEN ? WHEN hmcr.affiliateid = ? THEN ? WHEN hmcr.affiliateid IN (?) THEN ? WHEN hmcr.affiliateid IN (?) THEN ? WHEN hmcr.url LIKE ? OR hmcr.url LIKE ? OR hmcr.url LIKE ? THEN ? WHEN hmcr.url LIKE ? OR hmcr.affiliateid = ? THEN ? WHEN hmcr.affiliateid IN (?) OR hmcr.url LIK ...","select * from ( WITH CTE2 AS ( WITH CTE1 AS ( WITH CTE AS ( SELECT hmcr.hmcrequestid ,hmcr.hmcprospectid ,postalcode ,CASE WHEN hmcr.customflow = 1 THEN 'NFE' ELSE 'OFE' END as Funnel ,hmcr.createdate ,HMCR.RequestStatusId ,hmcr.requeststatuscode ,CASE WHEN hmcr.affiliateid =140 then ""Grace"" WHEN hm ..."
118,"SELECT campaignkey, campaignsource, campaignid, campaignname FROM prod_homecare_acreporting_reporting.dimcampaign WHERE NOT campaignname IS NULL","select `CampaignKey`, `CampaignSource`, `CampaignID`, `CampaignName` from ( SELECT CampaignKey ,CampaignSource ,CampaignID ,CampaignName FROM prod_homecare_acreporting_reporting.dimcampaign WHERE CampaignName is not null ) as `_`"
117,"WITH cte AS (SELECT o.orderid, ost.name AS orderstatus, orst.name AS orderstatusreason, op.providerid, o.createdon FROM prod_homecare_actransactional_ordermanagement.order AS o LEFT JOIN prod_homecare_actransactional_ordermanagement.orderstatusreasontype AS orst ON orst.orderstatusreasontypeid = o.orderstatusreasontypeid LEFT JOIN prod_homecare_actransactional_ordermanagement.orderstatustype AS ost ON ost.orderstatustypeid = o.orderstatustypeid LEFT JOIN prod_homecare_actransactional_ordermanagement.orderprovider AS op ON op.orderid = o.orderid WHERE DATEDIFF(DAY, o.createdon, CURRENT_TIMESTAM ...","select * from ( WITH CTE AS ( Select o.orderid ,ost.name OrderStatus ,orst.name OrderStatusReason ,op.providerid ,o.createdon FROM prod_homecare_actransactional_ordermanagement.order o LEFT JOIN prod_homecare_actransactional_ordermanagement.orderstatusreasontype orst on orst.orderstatusreasontypeid  ..."
116,"SELECT stateprovinceid, name AS stateprovince, iso2code, countryid FROM prod_homecare_acreporting_reporting.dimstateprovince","select `StateProvinceID`, `StateProvince`, `Iso2Code`, `CountryID` from ( SELECT StateProvinceID ,Name as StateProvince ,Iso2Code ,CountryID FROM prod_homecare_acreporting_reporting.dimstateprovince ) as `_`"
115,"SELECT cityid, name, stateprovinceid, modifiedon, modifiedby, createdon, createdby FROM prod_homecare_actransactional_geo.city","select `CityID`, `Name`, `StateProvinceID`, `ModifiedOn`, `ModifiedBy`, `CreatedOn`, `CreatedBy` from ( SELECT CityID ,Name ,StateProvinceID ,ModifiedOn ,ModifiedBy ,CreatedOn ,CreatedBy FROM prod_homecare_actransactional_geo.city ) as `_`"
114,"WITH cte AS (SELECT hmcr.hmcrequestid, hmcr.hmcprospectid, postalcode, CASE WHEN hmcr.customflow = ? THEN ? ELSE ? END AS funnel, hmcr.createdate, hmcr.requeststatusid, hmcr.requeststatuscode, CASE WHEN hmcr.affiliateid = ? THEN ? WHEN hmcr.affiliateid = ? THEN ? WHEN hmcr.affiliateid IN (?) THEN ? WHEN hmcr.affiliateid = ? THEN ? WHEN hmcr.affiliateid = ? THEN ? WHEN hmcr.affiliateid IN (?) THEN ? WHEN hmcr.affiliateid IN (?) THEN ? WHEN hmcr.url LIKE ? OR hmcr.url LIKE ? OR hmcr.url LIKE ? THEN ? WHEN hmcr.url LIKE ? OR hmcr.affiliateid = ? THEN ? WHEN hmcr.affiliateid IN (?) OR hmcr.url LIK ...","select `Time`, `SLRl`, `hmcrequestid`, `Funnel`, `createdate`, `RequestStatusId`, `AdjChannel`, `ScreeningDate`, `userid`, `outcomeid`, `ISDJ`, `DJStep`, `DJType`, `SourceP` from ( WITH CTE2 AS ( WITH CTE1 AS ( WITH CTE AS ( SELECT hmcr.hmcrequestid ,hmcr.hmcprospectid ,postalcode ,CASE WHEN hmcr.cu ..."
113,"WITH cte AS (SELECT hmcr.hmcrequestid, hmcr.hmcprospectid, postalcode, CASE WHEN hmcr.customflow = ? THEN ? ELSE ? END AS funnel, hmcr.createdate, hmcr.requeststatusid, hmcr.requeststatuscode, CASE WHEN hmcr.affiliateid IN (?) THEN ? WHEN hmcr.affiliateid = ? THEN ? WHEN hmcr.affiliateid IN (?) THEN ? WHEN hmcr.affiliateid = ? THEN ? WHEN hmcr.affiliateid = ? THEN ? WHEN hmcr.affiliateid IN (?) THEN ? WHEN hmcr.affiliateid IN (?) THEN ? WHEN hmcr.url LIKE ? OR hmcr.url LIKE ? OR hmcr.url LIKE ? THEN ? WHEN hmcr.url LIKE ? OR hmcr.affiliateid = ? THEN ? WHEN hmcr.affiliateid IN (?) OR hmcr.url  ...","select * from ( WITH CTE2 AS ( WITH CTE1 AS ( WITH CTE AS ( SELECT hmcr.hmcrequestid ,hmcr.hmcprospectid ,postalcode ,CASE WHEN hmcr.customflow = 1 THEN 'NFE' ELSE 'OFE' END as Funnel ,hmcr.createdate ,HMCR.RequestStatusId ,hmcr.requeststatuscode ,CASE WHEN hmcr.affiliateid in (140,141) then ""Grace"" ..."
113,"SELECT * FROM (SELECT dateid, date, dayofyear, dayofmonth, dayofweek, weekdayname, month, monthname, year, monthyearid, DATE_TRUNC('YEAR', CURRENT_TIMESTAMP()), DATE_FORMAT(date, ?) AS datec FROM prod_homecare_acreporting_reporting.dimdate WHERE date >= CAST(DATE_ADD(YEAR, -?, DATE_TRUNC('YEAR', CURRENT_TIMESTAMP())) AS DATE) AND date <= CURRENT_TIMESTAMP()) AS _ WHERE ? = ?","select * from ( SELECT DateID ,Date ,DayOfYear ,DayOfMonth ,DayOfWeek ,WeekDayName ,Month ,MonthName ,Year ,MonthYearID ,date_trunc(""year"", getdate()) ,date_format(date, ""MM-yyyy"") DateC FROM prod_homecare_acreporting_reporting.dimdate where date >= date(dateadd(year, -1,date_trunc(""year"", getdate() ..."
111,"SELECT DISTINCT l.hmcleadid, r.firstname, r.lastname, hmcr.postalcode, r.emailaddress, rp.phonenumber, CASE WHEN hmcr.affiliateid = ? THEN ? WHEN hmcr.affiliateid IN (?) THEN ? WHEN hmcr.affiliateid = ? THEN ? WHEN hmcr.affiliateid = ? THEN ? WHEN hmcr.affiliateid IN (?) THEN ? WHEN hmcr.affiliateid IN (?) THEN ? WHEN hmcr.url LIKE ? OR hmcr.url LIKE ? OR hmcr.url LIKE ? THEN ? WHEN hmcr.url LIKE ? OR hmcr.affiliateid = ? THEN ? WHEN hmcr.affiliateid IN (?) OR hmcr.url LIKE ? OR hmcr.url LIKE ? THEN ? WHEN hmcr.affiliateid = ? THEN ? WHEN hmcr.url IS NULL AND hmcr.affiliateid IN (?) THEN ? ELS ...","select `hmcleadid`, `firstname`, `lastname`, `postalcode`, `emailaddress`, `phonenumber`, `Channel`, `DJType` from ( select distinct l.hmcleadid ,r.firstname ,r.lastname ,hmcr.postalcode ,r.emailaddress ,rp.phonenumber ,CASE WHEN hmcr.affiliateid = 72 THEN 'APFM' WHEN hmcr.affiliateID IN (98,100,101 ..."
110,"WITH cte AS (SELECT hmcr.hmcrequestid, hmcr.hmcprospectid, postalcode, CASE WHEN hmcr.customflow = ? THEN ? ELSE ? END AS funnel, hmcr.createdate, hmcr.requeststatusid, hmcr.requeststatuscode, CASE WHEN hmcr.affiliateid IN (?) THEN ? WHEN hmcr.affiliateid = ? THEN ? WHEN hmcr.affiliateid IN (?) THEN ? WHEN hmcr.affiliateid = ? THEN ? WHEN hmcr.affiliateid = ? THEN ? WHEN hmcr.affiliateid IN (?) THEN ? WHEN hmcr.affiliateid IN (?) THEN ? WHEN hmcr.url LIKE ? OR hmcr.url LIKE ? OR hmcr.url LIKE ? THEN ? WHEN hmcr.url LIKE ? OR hmcr.affiliateid = ? THEN ? WHEN hmcr.affiliateid IN (?) OR hmcr.url  ...","select `Time`, `SLRl`, `hmcrequestid`, `Funnel`, `createdate`, `RequestStatusId`, `AdjChannel`, `ScreeningDate`, `userid`, `outcomeid`, `ISDJ`, `DJStep`, `DJType`, `SourceP` from ( WITH CTE2 AS ( WITH CTE1 AS ( WITH CTE AS ( SELECT hmcr.hmcrequestid ,hmcr.hmcprospectid ,postalcode ,CASE WHEN hmcr.cu ..."
110,"WITH cte AS (SELECT hmcr.hmcrequestid, hmcr.hmcprospectid, postalcode, CASE WHEN customflow = ? THEN ? ELSE ? END AS funnel, hmcr.createdate, hmcr.requeststatusid, hmcr.requeststatuscode, sr.createdate AS screeningdate, CASE WHEN tz.timezoneid = ? THEN CONVERT_TIMEZONE(?, ?, CAST(hmcr.createdate AS TIMESTAMP)) WHEN tz.timezoneid = ? THEN CONVERT_TIMEZONE(?, ?, CAST(hmcr.createdate AS TIMESTAMP)) WHEN tz.timezoneid = ? THEN CONVERT_TIMEZONE(?, ?, CAST(hmcr.createdate AS TIMESTAMP)) WHEN tz.timezoneid = ? THEN CONVERT_TIMEZONE(?, ?, CAST(hmcr.createdate AS TIMESTAMP)) WHEN tz.timezoneid = ? THEN ...","select * from ( WITH CTE AS ( SELECT hmcr.hmcrequestid ,hmcr.hmcprospectid ,postalcode ,CASE WHEN customflow = 1 THEN 'NFE' ELSE 'OFE' END as Funnel ,hmcr.createdate ,HMCR.RequestStatusId ,hmcr.requeststatuscode ,sr.createdate as ScreeningDate ,CASE WHEN tz.timezoneid = 4 then convert_timezone('Amer ..."
108,"SELECT * FROM (SELECT sr.hmcscreeningresultid, sr.createdate, sr.outcomeid, sr.userid, req.createdate AS requestdate, sr.attemptcount, sr.secondsinprospect, sr.hmcrequestid, req.requeststatusid FROM prod_homecare_insite_directory.hmcscreeningresult AS sr JOIN prod_homecare_insite_directory.hmcrequest AS req ON req.hmcrequestid = sr.hmcrequestid WHERE NOT sr.outcomeid IN (?) AND req.createdate >= DATE_ADD(YEAR, -?, DATE_TRUNC('MONTH', CURRENT_TIMESTAMP()))) AS _ WHERE ? = ?","select * from ( SELECT sr.HMCScreeningResultID -- ,sr.HMCProspectID ,sr.createdate ,sr.outcomeid ,sr.userid ,req.createdate as RequestDate ,sr.AttemptCount -- ,sr.FollowUpDate -- ,sr.HotTransferred ,sr.SecondsInProspect ,sr.HMCRequestID ,req.requeststatusid -- ,req.affiliateid FROM prod_homecare_ins ..."
108,"SELECT dateid, date, dayofyear, dayofmonth, dayofweek, weekdayname, month, monthname, year, monthyearid, DATE_TRUNC('YEAR', CURRENT_TIMESTAMP()), DATE_FORMAT(date, ?) AS datec FROM prod_homecare_acreporting_reporting.dimdate WHERE date >= CAST(DATE_ADD(YEAR, -?, DATE_TRUNC('YEAR', CURRENT_TIMESTAMP())) AS DATE) AND date <= CURRENT_TIMESTAMP()","select `DateID`, `Date`, `DayOfYear`, `DayOfMonth`, `DayOfWeek`, `WeekDayName`, `Month`, `MonthName`, `Year`, `MonthYearID`, `date_trunc(year, getdate())`, `DateC` from ( SELECT DateID ,Date ,DayOfYear ,DayOfMonth ,DayOfWeek ,WeekDayName ,Month ,MonthName ,Year ,MonthYearID ,date_trunc(""year"", getda ..."
107,"SELECT * FROM (SELECT sr.hmcscreeningresultid, sr.hmcprospectid, sr.createdate, sr.outcomeid, sr.userid, req.createdate AS requestdate, sr.attemptcount, sr.followupdate, sr.hottransferred, sr.secondsinprospect, sr.hmcrequestid, req.affiliateid FROM prod_homecare_insite_directory.hmcscreeningresult AS sr JOIN prod_homecare_insite_directory.hmcrequest AS req ON req.hmcrequestid = sr.hmcrequestid WHERE NOT sr.outcomeid IN (?) AND req.createdate >= DATE_ADD(MONTH, -?, CURRENT_TIMESTAMP())) AS _ WHERE ? = ?","select * from ( SELECT sr.HMCScreeningResultID ,sr.HMCProspectID ,sr.createdate ,sr.outcomeid ,sr.userid ,req.createdate as RequestDate ,sr.AttemptCount ,sr.FollowUpDate ,sr.HotTransferred ,sr.SecondsInProspect ,sr.HMCRequestID ,req.affiliateid FROM prod_homecare_insite_directory.hmcscreeningresult  ..."
107,"WITH cte AS (SELECT DISTINCT referralid, providerid, homecarereferralid, r.firstname, r.lastname, r.emailaddress, phone, carerecipientfirstname, carerecipientlastname, r.whyiscareneeded, r.postalcode, u.firstname AS careadvisor, req.requestdatetime, hmcp.hmcprospectid, referraldate, referralstatustypeid, clientapproval, externalidentifier, createdon, createdby, sysstarttime, sysendtime, hmcp.slppsourcetypeid, ROW_NUMBER() OVER (PARTITION BY referralid ORDER BY req.requestdatetime DESC) AS rn FROM prod_homecare_actransactional_seniorliving.referral AS r LEFT JOIN prod_homecare_insite_directory. ...","select * from ( WITH CTE AS ( SELECT DISTINCT ReferralID ,ProviderID ,HomeCareReferralID ,r.FirstName ,r.LastName ,r.EmailAddress ,Phone ,CareRecipientFirstName ,CareRecipientLastName ,r.WhyIsCareNeeded ,r.PostalCode ,u.FirstName AS CareAdvisor ,req.RequestDateTime ,hmcp.HMCProspectID ,ReferralDate  ..."
107,"SELECT * FROM (SELECT DISTINCT req.hmcrequestid, referralid, referralstatustypeid, returnapproved, CASE WHEN returnapproved = TRUE THEN ? ELSE ? END AS return, modifiedon, req.createdate, ref.createdon, ref.hmcleadid, orderid FROM prod_homecare_actransactional_homecare.referral AS ref LEFT JOIN prod_homecare_insite_directory.hmclead AS l ON l.hmcleadid = ref.hmcleadid LEFT JOIN prod_homecare_insite_directory.hmcrequest AS req ON l.hmcrequestid = req.hmcrequestid WHERE (billingtypeid = ? AND NOT ref.hmcleadid IS NULL) AND ref.createdon > DATE_ADD(MONTH, -?, CURRENT_TIMESTAMP()) ORDER BY ref.hmc ...","select * from ( SELECT DISTINCT req.HMCRequestID ,ReferralID ,ReferralStatusTypeID ,Returnapproved ,case when returnapproved = true then 1 else 0 end return ,ModifiedOn ,req.createdate ,ref.CreatedOn ,ref.HMCLeadID ,OrderID FROM prod_homecare_actransactional_homecare.referral ref left Join prod_home ..."
107,"WITH cte AS (SELECT DISTINCT hmcl.hmcrequestid, hottransferresultid, (CASE WHEN htrs.name LIKE ? THEN ? WHEN htrs.name LIKE ? THEN ? ELSE ? END) AS failed, (CASE WHEN htrs.name LIKE ? THEN ? ELSE ? END) AS accepted FROM prod_homecare_actransactional_homecare.hottransferresult AS htr LEFT JOIN prod_homecare_actransactional_homecare.referral AS r ON r.leadid = htr.leadid LEFT JOIN prod_homecare_insite_directory.hmclead AS hmcl ON hmcl.hmcleadid = r.hmcleadid LEFT JOIN prod_homecare_actransactional_homecare.hottransferresponse AS htrs ON htrs.hottransferresponseid = htr.hottransferresponseid WHER ...","select * from ( WITH CTE AS ( SELECT distinct hmcl.HMCRequestID ,HotTransferResultID ,(CASE WHEN htrs.name like '%Failed%' then 1 when htrs.name like '%Denied%' then 1 else 0 End) Failed ,(CASE WHEN htrs.name like '%Accept%' then 1 else 0 END) Accepted FROM prod_homecare_actransactional_homecare.hot ..."
107,"SELECT * FROM (SELECT hmccallbackresultid, hmcprospectid, createdate, outcomeid, userid, attemptcount, followupdate, secondsinprospect, hmcrequestid, hmccallbackreason FROM prod_homecare_insite_directory.hmccallbackresult WHERE createdate >= DATE_ADD(MONTH, -?, CURRENT_TIMESTAMP())) AS _ WHERE ? = ?","select * from ( SELECT HMCCallBackResultID ,HMCProspectID ,createdate ,outcomeid ,userid ,AttemptCount ,FollowUpDate ,SecondsInProspect ,HMCRequestID ,HMCCallBackReason FROM prod_homecare_insite_directory.hmccallbackresult WHERE createdate >= dateadd(month, -6, getdate()) ) as `_` where 0 = 1"
107,"SELECT * FROM (SELECT l.hmcleadid, l.hmcrequestid, l.hmcprospectid, l.createdate, ppn.phonenumber, p.firstname, p.lastname, p.emailaddress FROM prod_homecare_insite_directory.hmclead AS l JOIN prod_homecare_insite_directory.hmcprospectphonenumber AS ppn ON ppn.hmcprospectid = l.hmcprospectid JOIN prod_homecare_insite_directory.hmcprospect AS p ON p.hmcprospectid = l.hmcprospectid WHERE l.createdate >= DATE_ADD(MONTH, -?, CURRENT_TIMESTAMP())) AS _ WHERE ? = ?","select * from ( Select l.hmcleadid ,l.hmcrequestid ,l.hmcprospectid ,l.createdate ,ppn.phonenumber ,p.firstname ,p.lastname ,p.emailaddress FROM prod_homecare_insite_directory.hmclead l JOIN prod_homecare_insite_directory.hmcprospectphonenumber ppn on ppn.hmcprospectid = l.hmcprospectid JOIN prod_ho ..."
107,"SELECT * FROM (SELECT screeningresultid, requestid, screeningdateid, screeningtimeid, screeningdatetime, careadivsorinternaluserkey, userid, screeningoutcometypeid, screeninginfoid, attemptcount, secondsinprospect, hcrt.hottransferred FROM prod_homecare_acreporting_reporting.facthomecarescreeningtransaction AS hcrt LEFT JOIN prod_homecare_insite_directory.hmcscreeningresult AS sr ON hcrt.screeningresultid = sr.hmcscreeningresultid WHERE screeningdateid > ?) AS _ WHERE ? = ?","select * from ( SELECT ScreeningResultID ,RequestID ,ScreeningDateID ,ScreeningTimeID ,ScreeningDateTime ,CareAdivsorInternalUserKey ,userid ,ScreeningOutcomeTypeID ,ScreeningInfoID ,AttemptCount ,SecondsInProspect ,hcrt.HotTransferred FROM prod_homecare_acreporting_reporting.facthomecarescreeningtr ..."
107,"SELECT * FROM (SELECT DISTINCT referralid, req.hmcrequestid, activatedon, req.createdate, ref.referredon FROM prod_homecare_actransactional_homecare.referral AS ref JOIN prod_homecare_insite_directory.hmclead AS l ON l.hmcleadid = ref.hmcleadid JOIN prod_homecare_insite_directory.hmcrequest AS req ON l.hmcrequestid = req.hmcrequestid WHERE NOT activatedon IS NULL AND ref.createdon > ?) AS _ WHERE ? = ?","select * from ( SELECT DISTINCT ReferralID ,req.HMCRequestID ,ActivatedOn ,req.createdate ,ref.ReferredOn FROM prod_homecare_actransactional_homecare.referral ref Join prod_homecare_insite_directory.hmclead l on l.HMCLeadID = ref.HMCLeadID Join prod_homecare_insite_directory.hmcrequest req on l.HMCR ..."
107,"WITH cte AS (SELECT hmcr.hmcrequestid, hmcr.affiliateid, a.affiliatename, url, CASE WHEN hmcr.customflow = ? THEN ? ELSE ? END AS flow, src.hmcprospectid AS srcprospect, CASE WHEN NOT src.hmcprospectid IS NULL THEN ? WHEN hmcr.affiliateid IN (?) THEN ? WHEN hmcr.affiliateid = ? THEN ? WHEN hmcr.affiliateid IN (?) THEN ? WHEN hmcr.affiliateid = ? THEN ? WHEN hmcr.affiliateid = ? THEN ? WHEN hmcr.affiliateid IN (?) THEN ? WHEN hmcr.affiliateid IN (?) THEN ? WHEN hmcr.url LIKE ? OR hmcr.url LIKE ? OR hmcr.url LIKE ? THEN ? WHEN hmcr.url LIKE ? OR hmcr.affiliateid = ? THEN ? WHEN hmcr.affiliateid  ...","select * from ( with CTE AS ( select hmcr.hmcrequestid ,hmcr.affiliateid ,a.affiliatename ,url ,CASE WHEN hmcr.customflow =1 then 'NFE' ELSE 'OFE' END as Flow ,src.HMCProspectID AS SRCProspect ,CASE WHEN src.HMCProspectID IS NOT NULL THEN 'APFM DQ'WHEN hmcr.affiliateid in (140,141) then ""Grace"" WHEN ..."
106,"SELECT sr.hmcscreeningresultid, sr.createdate, sr.outcomeid, sr.userid, req.createdate AS requestdate, sr.attemptcount, sr.secondsinprospect, sr.hmcrequestid, req.requeststatusid FROM prod_homecare_insite_directory.hmcscreeningresult AS sr JOIN prod_homecare_insite_directory.hmcrequest AS req ON req.hmcrequestid = sr.hmcrequestid WHERE NOT sr.outcomeid IN (?) AND req.createdate >= DATE_ADD(YEAR, -?, DATE_TRUNC('MONTH', CURRENT_TIMESTAMP()))","select `HMCScreeningResultID`, cast(`createdate` as DATE) as `C1`, `outcomeid`, `userid`, cast(`RequestDate` as DATE) as `C2`, `AttemptCount`, `SecondsInProspect`, `HMCRequestID`, `requeststatusid` from ( SELECT sr.HMCScreeningResultID -- ,sr.HMCProspectID ,sr.createdate ,sr.outcomeid ,sr.userid ,re ..."
106,"WITH cte AS (SELECT DISTINCT date, DATE_FORMAT(cph.date, ?) AS monthyear, monthlysent, monthlycap FROM main.prod_homecare_acreporting_reporting.cartproviderhistory AS cph WHERE cph.orderid = ? AND date >= ? AND (date = LAST_DAY(date) OR date = CAST(CURRENT_TIMESTAMP() AS DATE))), cte1 AS (SELECT DISTINCT cph.date, DATE_FORMAT(cph.date, ?) AS monthyear, CASE WHEN cte.date = LAST_DAY(cte.date) THEN cte.monthlysent ELSE cte.monthlycap END AS hicap FROM cte LEFT JOIN main.prod_homecare_acreporting_reporting.cartproviderhistory AS cph ON YEAR(cte.date) = YEAR(cph.date) AND IF(DAY(cte.date) >= ?, (D ...","select * from ( WITH CTE3 AS( WITH CTE2 AS( WITH CTE1 AS( WITH CTE AS ( Select Distinct date ,date_format( cph.date, 'MMyyyy') MonthYear ,monthlysent ,monthlycap FROM main.prod_homecare_acreporting_reporting.cartproviderhistory cph WHERE cph.orderid = 2774 and date >= '2025' and (date = last_day(dat ..."
106,"SELECT * FROM (SELECT dateid, date, dayofyear, dayofmonth, dayofweek, weekdayname, month, monthname, year, monthyearid FROM prod_homecare_acreporting_reporting.dimdate WHERE date >= DATE_ADD(YEAR, -?, DATE_TRUNC('YEAR', CURRENT_TIMESTAMP())) AND date <= CURRENT_TIMESTAMP()) AS _ WHERE ? = ?","select * from ( SELECT DateID ,Date ,DayOfYear ,DayOfMonth ,DayOfWeek ,WeekDayName ,Month ,MonthName ,Year ,MonthYearID FROM prod_homecare_acreporting_reporting.dimdate where date >= date_add(year, -1, date_trunc(""year"", getdate())) and date <= getdate() ) as `_` where 0 = 1"
105,"WITH cte AS (SELECT hmcr.hmcrequestid, hmcr.hmcprospectid, postalcode, CASE WHEN customflow = ? THEN ? ELSE ? END AS funnel, hmcr.createdate, hmcr.requeststatusid, hmcr.requeststatuscode, sr.createdate AS screeningdate, CASE WHEN tz.timezoneid = ? THEN CONVERT_TIMEZONE(?, ?, CAST(hmcr.createdate AS TIMESTAMP)) WHEN tz.timezoneid = ? THEN CONVERT_TIMEZONE(?, ?, CAST(hmcr.createdate AS TIMESTAMP)) WHEN tz.timezoneid = ? THEN CONVERT_TIMEZONE(?, ?, CAST(hmcr.createdate AS TIMESTAMP)) WHEN tz.timezoneid = ? THEN CONVERT_TIMEZONE(?, ?, CAST(hmcr.createdate AS TIMESTAMP)) WHEN tz.timezoneid = ? THEN ...","select `hmcrequestid`, `hmcprospectid`, `postalcode`, `Funnel`, `createdate`, `RequestStatusId`, `requeststatuscode`, `ScreeningDate`, `Adjust_CreateDate`, `AttemptCount`, `userid`, `outcomeid`, `Note`, `affiliateID`, `hmcscreenqueueid`, `ISDJ`, `DJStep`, `djstepid`, `DJType`, `hours`, `minute`, `(( ..."
105,"SELECT * FROM (SELECT ref.referralid, ref.orderid, CONCAT(ref.providerid, ?, ref.orderid) AS providerorder, ref.providerid, CASE WHEN ref.orderid = ? THEN ? ELSE ? END AS ordertype, CAST(ref.referredon AS DATE) AS referraldate FROM main.prod_homecare_actransactional_homecare.referral AS ref LEFT JOIN main.prod_homecare_actransactional_organization.provider AS p ON p.providerid = ref.providerid WHERE p.providerorganizationid = ? AND ref.referredon >= ? AND ref.billingtypeid = ? AND NOT ref.hmcleadid IS NULL) AS _ WHERE ? = ?","select * from ( Select ref.referralid ,ref.orderid ,concat(ref.providerid, ""-"", ref.orderid) ProviderOrder ,ref.providerid ,Case when ref.orderid = 3265 then 'Corporate Order' else 'Individual Order' end OrderType ,date(ref.referredon) ReferralDate FROM main.prod_homecare_actransactional_homecare.re ..."
103,"SELECT hmccallbackresultid, hmcprospectid, createdate, outcomeid, userid, attemptcount, followupdate, secondsinprospect, hmcrequestid, hmccallbackreason FROM prod_homecare_insite_directory.hmccallbackresult WHERE createdate >= DATE_ADD(MONTH, -?, CURRENT_TIMESTAMP())","select `HMCCallBackResultID`, `HMCProspectID`, `createdate`, `outcomeid`, `userid`, `AttemptCount`, `FollowUpDate`, `SecondsInProspect`, `HMCRequestID`, `HMCCallBackReason`, (cast(year(`createdate`) as DOUBLE) * cast(10000 as DOUBLE) + cast(month(`createdate`) as DOUBLE) * cast(100 as DOUBLE)) + cas ..."
103,"SELECT DISTINCT req.hmcrequestid, referralid, referralstatustypeid, returnapproved, CASE WHEN returnapproved = TRUE THEN ? ELSE ? END AS return, modifiedon, req.createdate, ref.createdon, ref.hmcleadid, orderid FROM prod_homecare_actransactional_homecare.referral AS ref LEFT JOIN prod_homecare_insite_directory.hmclead AS l ON l.hmcleadid = ref.hmcleadid LEFT JOIN prod_homecare_insite_directory.hmcrequest AS req ON l.hmcrequestid = req.hmcrequestid WHERE (billingtypeid = ? AND NOT ref.hmcleadid IS NULL) AND ref.createdon > DATE_ADD(MONTH, -?, CURRENT_TIMESTAMP()) ORDER BY ref.hmcleadid","select `HMCRequestID`, `ReferralID`, `ReferralStatusTypeID`, `Returnapproved`, `return`, cast(`ModifiedOn` as DATE) as `C1`, cast(`createdate` as DATE) as `C2`, `CreatedOn`, `HMCLeadID`, `OrderID` from ( SELECT DISTINCT req.HMCRequestID ,ReferralID ,ReferralStatusTypeID ,Returnapproved ,case when re ..."
103,"SELECT l.hmcleadid, l.hmcrequestid, l.hmcprospectid, l.createdate, ppn.phonenumber, p.firstname, p.lastname, p.emailaddress FROM prod_homecare_insite_directory.hmclead AS l JOIN prod_homecare_insite_directory.hmcprospectphonenumber AS ppn ON ppn.hmcprospectid = l.hmcprospectid JOIN prod_homecare_insite_directory.hmcprospect AS p ON p.hmcprospectid = l.hmcprospectid WHERE l.createdate >= DATE_ADD(MONTH, -?, CURRENT_TIMESTAMP())","select `hmcleadid`, `hmcrequestid`, `hmcprospectid`, `createdate`, `phonenumber`, `firstname`, `lastname`, `emailaddress` from ( Select l.hmcleadid ,l.hmcrequestid ,l.hmcprospectid ,l.createdate ,ppn.phonenumber ,p.firstname ,p.lastname ,p.emailaddress FROM prod_homecare_insite_directory.hmclead l J ..."
103,"WITH cte AS (SELECT DISTINCT hmcl.hmcrequestid, hottransferresultid, (CASE WHEN htrs.name LIKE ? THEN ? WHEN htrs.name LIKE ? THEN ? ELSE ? END) AS failed, (CASE WHEN htrs.name LIKE ? THEN ? ELSE ? END) AS accepted FROM prod_homecare_actransactional_homecare.hottransferresult AS htr LEFT JOIN prod_homecare_actransactional_homecare.referral AS r ON r.leadid = htr.leadid LEFT JOIN prod_homecare_insite_directory.hmclead AS hmcl ON hmcl.hmcleadid = r.hmcleadid LEFT JOIN prod_homecare_actransactional_homecare.hottransferresponse AS htrs ON htrs.hottransferresponseid = htr.hottransferresponseid WHER ...","select `hmcrequestid`, `HtAttempt`, `HtAcceptance`, cast(`HtAttempt` as DOUBLE) + cast(`HtAcceptance` as DOUBLE) as `C1` from ( WITH CTE AS ( SELECT distinct hmcl.HMCRequestID ,HotTransferResultID ,(CASE WHEN htrs.name like '%Failed%' then 1 when htrs.name like '%Denied%' then 1 else 0 End) Failed , ..."
103,"WITH cte AS (SELECT hmcr.hmcrequestid, hmcr.affiliateid, a.affiliatename, url, CASE WHEN hmcr.customflow = ? THEN ? ELSE ? END AS flow, src.hmcprospectid AS srcprospect, CASE WHEN NOT src.hmcprospectid IS NULL THEN ? WHEN hmcr.affiliateid IN (?) THEN ? WHEN hmcr.affiliateid = ? THEN ? WHEN hmcr.affiliateid IN (?) THEN ? WHEN hmcr.affiliateid = ? THEN ? WHEN hmcr.affiliateid = ? THEN ? WHEN hmcr.affiliateid IN (?) THEN ? WHEN hmcr.affiliateid IN (?) THEN ? WHEN hmcr.url LIKE ? OR hmcr.url LIKE ? OR hmcr.url LIKE ? THEN ? WHEN hmcr.url LIKE ? OR hmcr.affiliateid = ? THEN ? WHEN hmcr.affiliateid  ...","select `hmcrequestid`, `affiliateid`, `AdjChannel`, `Source` from ( with CTE AS ( select hmcr.hmcrequestid ,hmcr.affiliateid ,a.affiliatename ,url ,CASE WHEN hmcr.customflow =1 then 'NFE' ELSE 'OFE' END as Flow ,src.HMCProspectID AS SRCProspect ,CASE WHEN src.HMCProspectID IS NOT NULL THEN 'APFM DQ' ..."
103,"SELECT sr.hmcscreeningresultid, sr.hmcprospectid, sr.createdate, sr.outcomeid, sr.userid, req.createdate AS requestdate, sr.attemptcount, sr.followupdate, sr.hottransferred, sr.secondsinprospect, sr.hmcrequestid, req.affiliateid FROM prod_homecare_insite_directory.hmcscreeningresult AS sr JOIN prod_homecare_insite_directory.hmcrequest AS req ON req.hmcrequestid = sr.hmcrequestid WHERE NOT sr.outcomeid IN (?) AND req.createdate >= DATE_ADD(MONTH, -?, CURRENT_TIMESTAMP())","select `HMCScreeningResultID`, `HMCProspectID`, cast(`createdate` as DATE) as `C1`, `outcomeid`, `userid`, cast(`RequestDate` as DATE) as `C2`, `AttemptCount`, `FollowUpDate`, `HotTransferred`, `SecondsInProspect`, `HMCRequestID`, `affiliateid` from ( SELECT sr.HMCScreeningResultID ,sr.HMCProspectID ..."
103,"SELECT * FROM (SELECT a.hmc_cart_provider_id_c AS providerid, a.id AS sf_accountid, u.name AS csm, p.name AS providername, po.name AS org FROM main.community_salesforce.account AS a LEFT JOIN main.community_salesforce.user AS u ON u.id = a.hmc_csm_assignee_c LEFT JOIN main.prod_homecare_actransactional_organization.provider AS p ON p.providerid = a.hmc_cart_provider_id_c LEFT JOIN main.prod_homecare_actransactional_organization.providerorganization AS po ON po.providerorganizationid = p.providerorganizationid WHERE NOT a.hmc_cart_provider_id_c IS NULL AND NOT u.name IS NULL) AS _ WHERE ? = ?","select * from ( Select a.hmc_cart_provider_id_c ProviderID ,a.id SF_AccountID ,u.name CSM ,p.name ProviderName ,po.name Org FROM main.community_salesforce.account a LEFT JOIN main.community_salesforce.user u on u.id = a.hmc_csm_assignee_c LEFT JOIN main.prod_homecare_actransactional_organization.pro ..."
103,"WITH cte AS (SELECT DISTINCT referralid, providerid, homecarereferralid, r.firstname, r.lastname, r.emailaddress, phone, carerecipientfirstname, carerecipientlastname, r.whyiscareneeded, r.postalcode, u.firstname AS careadvisor, req.requestdatetime, hmcp.hmcprospectid, referraldate, referralstatustypeid, clientapproval, externalidentifier, createdon, createdby, sysstarttime, sysendtime, hmcp.slppsourcetypeid, ROW_NUMBER() OVER (PARTITION BY referralid ORDER BY req.requestdatetime DESC) AS rn FROM prod_homecare_actransactional_seniorliving.referral AS r LEFT JOIN prod_homecare_insite_directory. ...","select `ReferralID`, `ProviderID`, `HomeCareReferralID`, `FirstName`, `LastName`, `EmailAddress`, `Phone`, `CareRecipientFirstName`, `CareRecipientLastName`, `WhyIsCareNeeded`, `PostalCode`, `CareAdvisor`, `RequestDateTime`, `HMCProspectID`, `ReferralDate`, `ReferralStatusTypeID`, `ClientApproval`,  ..."
103,"SELECT * FROM (SELECT p.providerid, p.name AS providername, a.id AS sf_id, a.hmc_franchise_number_c AS franchisenumber, a.hmc_alternate_account_phone_1_c AS alternativephone1, a.hmc_alternate_account_phone_2_c AS alternativephone2 FROM main.prod_homecare_actransactional_organization.provider AS p LEFT JOIN main.community_salesforce.account AS a ON a.hmc_cart_provider_id_c = p.providerid WHERE p.providerorganizationid = ?) AS _ WHERE ? = ?","select * from ( Select p.providerid ,p.name ProviderName ,a.id SF_ID ,a.hmc_franchise_number_c FranchiseNumber ,a.hmc_alternate_account_phone_1_c AlternativePhone1 ,a.hmc_alternate_account_phone_2_c AlternativePhone2 FROM main.prod_homecare_actransactional_organization.provider p LEFT JOIN main.comm ..."
102,"WITH cte AS (SELECT hmcr.hmcrequestid, hmcr.hmcprospectid, postalcode, CASE WHEN hmcr.customflow = ? THEN ? ELSE ? END AS funnel, hmcr.createdate, hmcr.requeststatusid, hmcr.requeststatuscode, CASE WHEN hmcr.affiliateid = ? THEN ? WHEN hmcr.affiliateid IN (?) THEN ? WHEN hmcr.affiliateid = ? THEN ? WHEN hmcr.affiliateid = ? THEN ? WHEN hmcr.affiliateid IN (?) THEN ? WHEN hmcr.affiliateid IN (?) THEN ? WHEN hmcr.url LIKE ? OR hmcr.url LIKE ? OR hmcr.url LIKE ? THEN ? WHEN hmcr.url LIKE ? OR hmcr.affiliateid = ? THEN ? WHEN hmcr.affiliateid IN (?) OR hmcr.url LIKE ? OR hmcr.url LIKE ? THEN ? WHE ...","select `hmcrequestid`, `Funnel`, `createdate`, `RequestStatusId`, `AdjChannel`, `ScreeningDate`, `userid`, `outcomeid`, `ISDJ`, `DJStep`, `DJType`, `SourceP` from ( WITH CTE2 AS ( WITH CTE1 AS ( WITH CTE AS ( SELECT hmcr.hmcrequestid ,hmcr.hmcprospectid ,postalcode ,CASE WHEN hmcr.customflow = 1 THE ..."
102,"WITH cte AS (SELECT DISTINCT date, DATE_FORMAT(cph.date, ?) AS monthyear, monthlysent, monthlycap FROM main.prod_homecare_acreporting_reporting.cartproviderhistory AS cph WHERE cph.orderid = ? AND date >= ? AND (date = LAST_DAY(date) OR date = CAST(CURRENT_TIMESTAMP() AS DATE))), cte1 AS (SELECT DISTINCT cph.date, DATE_FORMAT(cph.date, ?) AS monthyear, CASE WHEN cte.date = LAST_DAY(cte.date) THEN cte.monthlysent ELSE cte.monthlycap END AS hicap FROM cte LEFT JOIN main.prod_homecare_acreporting_reporting.cartproviderhistory AS cph ON YEAR(cte.date) = YEAR(cph.date) AND IF(DAY(cte.date) >= ?, (D ...","select `Date`, `MonthYear`, `Org`, `dma`, `Adjust_MonthlyCap`, `Orders` from ( WITH CTE3 AS( WITH CTE2 AS( WITH CTE1 AS( WITH CTE AS ( Select Distinct date ,date_format( cph.date, 'MMyyyy') MonthYear ,monthlysent ,monthlycap FROM main.prod_homecare_acreporting_reporting.cartproviderhistory cph WHERE ..."
101,"SELECT ref.referralid, ref.orderid, CONCAT(ref.providerid, ?, ref.orderid) AS providerorder, ref.providerid, CASE WHEN ref.orderid = ? THEN ? ELSE ? END AS ordertype, CAST(ref.referredon AS DATE) AS referraldate FROM main.prod_homecare_actransactional_homecare.referral AS ref LEFT JOIN main.prod_homecare_actransactional_organization.provider AS p ON p.providerid = ref.providerid WHERE p.providerorganizationid = ? AND ref.referredon >= ? AND ref.billingtypeid = ? AND NOT ref.hmcleadid IS NULL","select `referralid`, `orderid`, `ProviderOrder`, `providerid`, `OrderType`, `ReferralDate` from ( Select ref.referralid ,ref.orderid ,concat(ref.providerid, ""-"", ref.orderid) ProviderOrder ,ref.providerid ,Case when ref.orderid = 3265 then 'Corporate Order' else 'Individual Order' end OrderType ,dat ..."
100,"SELECT dateid, date, dayofyear, dayofmonth, dayofweek, weekdayname, month, monthname, year, monthyearid FROM prod_homecare_acreporting_reporting.dimdate WHERE date >= DATE_ADD(YEAR, -?, DATE_TRUNC('YEAR', CURRENT_TIMESTAMP())) AND date <= CURRENT_TIMESTAMP()","select `DateID`, `Date`, `DayOfYear`, `DayOfMonth`, `DayOfWeek`, `WeekDayName`, `Month`, `MonthName`, `Year`, `MonthYearID`, concat(concat(`MonthName`, ' '), cast(`Year` as STRING)) as `C1` from ( SELECT DateID ,Date ,DayOfYear ,DayOfMonth ,DayOfWeek ,WeekDayName ,Month ,MonthName ,Year ,MonthYearID ..."
97,"SELECT p.providerid, p.name AS providername, a.id AS sf_id, a.hmc_franchise_number_c AS franchisenumber, a.hmc_alternate_account_phone_1_c AS alternativephone1, a.hmc_alternate_account_phone_2_c AS alternativephone2 FROM main.prod_homecare_actransactional_organization.provider AS p LEFT JOIN main.community_salesforce.account AS a ON a.hmc_cart_provider_id_c = p.providerid WHERE p.providerorganizationid = ?","select `providerid`, `ProviderName`, `SF_ID`, `FranchiseNumber`, `AlternativePhone1`, `AlternativePhone2` from ( Select p.providerid ,p.name ProviderName ,a.id SF_ID ,a.hmc_franchise_number_c FranchiseNumber ,a.hmc_alternate_account_phone_1_c AlternativePhone1 ,a.hmc_alternate_account_phone_2_c Alte ..."
96,"SELECT * FROM (SELECT DISTINCT cph.date, cph.providerid, cph.orderid, CASE WHEN cph.monthlycap IS NULL THEN ? ELSE cph.monthlycap END AS monthlycap FROM main.prod_homecare_acreporting_reporting.cartproviderhistory AS cph JOIN main.prod_homecare_actransactional_organization.provider AS p ON p.providerid = cph.providerid WHERE (cph.date = LAST_DAY(cph.date) OR cph.date = CAST(CURRENT_TIMESTAMP() AS DATE)) AND cph.date >= ? AND cph.orderid <> ? AND p.providerorganizationid = ? AND cph.contracttype = ? AND cph.contracttype <> ?) AS _ WHERE ? = ?","select * from ( Select Distinct cph.date ,cph.providerid ,cph.orderid ,case when cph.monthlycap is null then 'Unlimited' else cph.monthlycap end MonthlyCap FROM main.prod_homecare_acreporting_reporting.cartproviderhistory cph JOIN main.prod_homecare_actransactional_organization.provider p on p.provi ..."
96,"WITH cte1 AS (SELECT r.region_id AS regionid, r.region_name AS regionname, zr.zip5 FROM main.prod_ygl_apfm.zip_region AS zr JOIN main.prod_ygl_apfm.region AS r ON r.region_id = zr.region_id JOIN main.prod_ygl_apfm.region_use AS ru ON ru.region_id = zr.region_id AND ru.region_type_code = zr.region_type_code WHERE ru.region_type_code = ? AND r.region_name = ? AND r.active = ? AND zr._fivetran_deleted = FALSE AND r._fivetran_deleted = FALSE AND ru._fivetran_deleted = FALSE ORDER BY r.region_id, zr.zip5), cte AS (SELECT DISTINCT CASE WHEN zip5 IS NULL THEN ? ELSE ? END AS dma, dma.zip FROM main.re ...","select * from ( WITH CTE AS( WITH CTE1 AS( SELECT r.region_id AS regionId, r.region_name AS regionName, zr.zip5 FROM main.prod_ygl_apfm.zip_region AS zr JOIN main.prod_ygl_apfm.region AS r ON r.region_id = zr.region_id JOIN main.prod_ygl_apfm.region_use ru ON ru.region_id = zr.region_id AND ru.regio ..."
95,"SELECT * FROM (SELECT DISTINCT p.providerid, p.name AS providername, po.name AS org FROM main.prod_homecare_actransactional_organization.provider AS p JOIN main.prod_homecare_actransactional_organization.providerorganization AS po ON po.providerorganizationid = p.providerorganizationid WHERE p.providerorganizationid IN (?)) AS _ WHERE ? = ?","select * from ( Select Distinct p.providerid ,p.name ProviderName ,po.Name Org FROM main.prod_homecare_actransactional_organization.provider p JOIN main.prod_homecare_actransactional_organization.providerorganization po on po.providerorganizationid = p.providerorganizationid WHERE p.providerorganiza ..."
94,"SELECT DISTINCT cph.date, cph.providerid, cph.orderid, CASE WHEN cph.monthlycap IS NULL THEN ? ELSE cph.monthlycap END AS monthlycap FROM main.prod_homecare_acreporting_reporting.cartproviderhistory AS cph JOIN main.prod_homecare_actransactional_organization.provider AS p ON p.providerid = cph.providerid WHERE (cph.date = LAST_DAY(cph.date) OR cph.date = CAST(CURRENT_TIMESTAMP() AS DATE)) AND cph.date >= ? AND cph.orderid <> ? AND p.providerorganizationid = ? AND cph.contracttype = ? AND cph.contracttype <> ?","select `date`, `providerid`, `orderid`, `MonthlyCap` from ( Select Distinct cph.date ,cph.providerid ,cph.orderid ,case when cph.monthlycap is null then 'Unlimited' else cph.monthlycap end MonthlyCap FROM main.prod_homecare_acreporting_reporting.cartproviderhistory cph JOIN main.prod_homecare_actran ..."
92,"WITH cte1 AS (SELECT r.region_id AS regionid, r.region_name AS regionname, zr.zip5 FROM main.prod_ygl_apfm.zip_region AS zr JOIN main.prod_ygl_apfm.region AS r ON r.region_id = zr.region_id JOIN main.prod_ygl_apfm.region_use AS ru ON ru.region_id = zr.region_id AND ru.region_type_code = zr.region_type_code WHERE ru.region_type_code = ? AND r.region_name = ? AND r.active = ? AND zr._fivetran_deleted = FALSE AND r._fivetran_deleted = FALSE AND ru._fivetran_deleted = FALSE ORDER BY r.region_id, zr.zip5), cte AS (SELECT DISTINCT CASE WHEN zip5 IS NULL THEN ? ELSE ? END AS dma, dma.zip FROM main.re ...","select `Date`, `DMA`, `monthyearid`, `postalcode`, `ActivePlus`, `ActiveEOM` from ( WITH CTE AS( WITH CTE1 AS( SELECT r.region_id AS regionId, r.region_name AS regionName, zr.zip5 FROM main.prod_ygl_apfm.zip_region AS zr JOIN main.prod_ygl_apfm.region AS r ON r.region_id = zr.region_id JOIN main.pro ..."
91,"SELECT dateid, date, dayofyear, dayofmonth, dayofweek, weekdayname, month, monthname, year, monthyearid FROM prod_homecare_acreporting_reporting.dimdate WHERE year IN (?)","select `DateID`, `Date`, `DayOfYear`, `DayOfMonth`, `DayOfWeek`, `WeekDayName`, `Month`, `MonthName`, `Year`, `MonthYearID`, concat(concat(`MonthName`, ' '), cast(`Year` as STRING)) as `C1` from ( SELECT DateID ,Date ,DayOfYear ,DayOfMonth ,DayOfWeek ,WeekDayName ,Month ,MonthName ,Year ,MonthYearID ..."
90,"SELECT dateid, dayofweek, dayofmonth, monthyearid, date, month, year, dayofyear, monthname FROM prod_homecare_acreporting_reporting.dimdate WHERE date >= ? AND date < DATE_ADD(YEAR, ?, DATE_TRUNC('YEAR', CURRENT_TIMESTAMP()))","select `DateID`, `DayofWeek`, `DayofMonth`, `MonthYearID`, `Date`, `Month`, `Year`, `DayofYear`, `MonthName` from ( Select DateID ,DayofWeek ,DayofMonth ,MonthYearID ,Date ,Month ,Year ,DayofYear ,MonthName FROM prod_homecare_acreporting_reporting.dimdate where date >= '2024' and date < date_add(Yea ..."
89,"SELECT DISTINCT p.providerid, p.name AS providername, po.name AS org FROM main.prod_homecare_actransactional_organization.provider AS p JOIN main.prod_homecare_actransactional_organization.providerorganization AS po ON po.providerorganizationid = p.providerorganizationid WHERE p.providerorganizationid IN (?)","select `providerid`, `ProviderName`, `Org` from ( Select Distinct p.providerid ,p.name ProviderName ,po.Name Org FROM main.prod_homecare_actransactional_organization.provider p JOIN main.prod_homecare_actransactional_organization.providerorganization po on po.providerorganizationid = p.providerorgan ..."
87,"SELECT rb.*, bp.name FROM prod_homecare_actransactional_homecare.referralbilling AS rb LEFT JOIN prod_homecare_actransactional_homecare.billingperiod AS bp ON bp.billingperiodid = rb.billingperiodid WHERE reportedon >= ? AND amount = ?","select * from ( SELECT rb.* ,bp.Name FROM prod_homecare_actransactional_homecare.referralbilling rb LEFT JOIN prod_homecare_actransactional_homecare.billingperiod bp ON bp.BillingPeriodID = rb.BillingPeriodID WHERE ReportedOn >= '2022-02-01' AND Amount = 0 ) as `_` limit 0"
87,"SELECT a.hmc_cart_provider_id_c AS providerid, a.id AS sf_accountid, u.name AS csm, p.name AS providername, po.name AS org FROM main.community_salesforce.account AS a LEFT JOIN main.community_salesforce.user AS u ON u.id = a.hmc_csm_assignee_c LEFT JOIN main.prod_homecare_actransactional_organization.provider AS p ON p.providerid = a.hmc_cart_provider_id_c LEFT JOIN main.prod_homecare_actransactional_organization.providerorganization AS po ON po.providerorganizationid = p.providerorganizationid WHERE NOT a.hmc_cart_provider_id_c IS NULL AND NOT u.name IS NULL","select `ProviderID`, `SF_AccountID`, `CSM`, `ProviderName`, `Org` from ( Select a.hmc_cart_provider_id_c ProviderID ,a.id SF_AccountID ,u.name CSM ,p.name ProviderName ,po.name Org FROM main.community_salesforce.account a LEFT JOIN main.community_salesforce.user u on u.id = a.hmc_csm_assignee_c LEFT ..."
87,"WITH cte AS (SELECT rh.referralid, rh.leadid, rh.activatedon, rh.startedcareon, rh.endedcareon, rh.sysstarttime, ROW_NUMBER() OVER (PARTITION BY rh.referralid ORDER BY rh.sysstarttime DESC) AS rn, ref.endedcareon AS endedcareonfinal, ref.sysstarttime AS sysstarttimefinal FROM prod_homecare_acreporting_reporting.factreferralhistory AS rh JOIN prod_homecare_actransactional_homecare.referral AS ref ON rh.referralid = ref.referralid), cte1 AS (SELECT referralid, leadid, activatedon, startedcareon, endedcareon, sysstarttime, endedcareonfinal, sysstarttimefinal, ROW_NUMBER() OVER (PARTITION BY refer ...","select * from ( WITH CTE4 AS ( WITH CTE3 AS ( WITH CTE2 AS ( WITH CTE1 AS( WITH CTE AS ( SELECT rh.ReferralID ,rh.LeadID ,rh.ActivatedOn ,rh.StartedCareOn ,rh.EndedCareOn ,rh.SysStartTime ,ROW_NUMBER() OVER (PARTITION BY rh.ReferralID ORDER BY rh.SysStartTime DESC) rn ,ref.EndedCareOn EndedCareOnFin ..."
87,"SELECT * FROM (SELECT DISTINCT ref.referralid, CAST(ref.referredon AS DATE) AS referredon, ref.providerid, rr.returnapproved, CAST(rr.createdon AS DATE) AS returncreatedate, hcc.homecarechargeid, hcc.amount, p.providerorganizationid, CAST(hcc.createdon AS DATE) AS chargecreatedate FROM main.prod_homecare_actransactional_homecare.referral AS ref LEFT JOIN main.prod_homecare_actransactional_homecare.referralreturnrequest AS rr ON rr.referralid = ref.referralid LEFT JOIN main.prod_homecare_actransactional_billing.homecarecharge AS hcc ON hcc.referralid = ref.referralid LEFT JOIN main.prod_homecar ...","select * from ( Select DISTINCT ref.referralid ,date(ref.referredon) Referredon ,ref.providerid ,rr.returnapproved ,date(rr.createdon) ReturnCreateDate ,hcc.homecarechargeid ,hcc.amount ,p.providerorganizationid ,date(hcc.createdon) ChargeCreateDate FROM main.prod_homecare_actransactional_homecare.r ..."
87,"SELECT * FROM (SELECT dateid, date, dayofyear, dayofmonth, dayofweek, weekdayname, month, monthname, year, monthyearid FROM prod_homecare_acreporting_reporting.dimdate WHERE year IN (?)) AS _ WHERE ? = ?","select * from ( SELECT DateID ,Date ,DayOfYear ,DayOfMonth ,DayOfWeek ,WeekDayName ,Month ,MonthName ,Year ,MonthYearID FROM prod_homecare_acreporting_reporting.dimdate where year in ('2026', '2025') ) as `_` where 0 = 1"
86,"WITH cte AS (SELECT DATE_FORMAT(date, ?) AS monthyearid, orderid, cph.providerid, MAX(date) AS lastday, MAX(CASE WHEN monthlycap IS NULL THEN ? ELSE ? END) AS unlimitedcap, MAX(CASE WHEN monthlycap IS NULL AND NOT monthlysent IS NULL THEN monthlysent WHEN monthlycap IS NULL AND monthlysent IS NULL THEN ? ELSE monthlycap END) AS monthlycap FROM prod_homecare_acreporting_reporting.cartproviderhistory AS cph LEFT JOIN prod_homecare_actransactional_organization.provider AS p ON p.providerid = cph.providerid LEFT JOIN prod_homecare_actransactional_organization.providerorganization AS org ON org.pro ...","select * from ( WITH CTE AS ( SELECT date_format(date, 'yyyyMM') MonthYearID ,OrderID, cph.ProviderID, MAX(Date) AS LastDay, MAX(CASE WHEN monthlycap is null then 'Yes' ELSE 'No' END) UnlimitedCap, MAX(CASE WHEN monthlycap IS NULL AND MonthlySent IS NOT NULL THEN MonthlySent WHEN monthlycap is NULL  ..."
82,"WITH cte AS (SELECT DISTINCT hmcr.hmcrequestid, hmcr.hmcprospectid, hmcr.postalcode, hmcr.affiliateid, hmcr.affiliateinquiryid, apfm.lt_form_submit_channel, CASE WHEN hmcr.customflow = ? THEN ? ELSE ? END AS flow, CASE WHEN hmcr.affiliateid IN (?) THEN ? WHEN hmcr.affiliateid = ? THEN ? WHEN hmcr.affiliateid IN (?) THEN ? WHEN hmcr.affiliateid = ? THEN ? WHEN hmcr.affiliateid = ? THEN ? WHEN hmcr.affiliateid IN (?) THEN ? WHEN hmcr.affiliateid IN (?) THEN ? WHEN hmcr.url LIKE ? OR hmcr.url LIKE ? OR hmcr.url LIKE ? THEN ? WHEN hmcr.url LIKE ? OR hmcr.affiliateid = ? THEN ? WHEN hmcr.affiliatei ...","select * from ( WITH CTE3 AS (WITH CTE2 AS (WITH CTE AS (SELECT distinct hmcr.HMCRequestID ,hmcr.HMCProspectID ,hmcr.postalcode ,hmcr.affiliateid ,hmcr.affiliateinquiryid ,apfm.lt_form_submit_channel ,CASE WHEN hmcr.customflow =1 then 'NFE' ELSE 'OFE' END as Flow ,CASE WHEN hmcr.affiliateid in (140, ..."
81,"WITH cte AS (SELECT r.region_id AS regionid, r.region_name AS regionname, zr.zip5 FROM main.prod_ygl_apfm.zip_region AS zr JOIN main.prod_ygl_apfm.region AS r ON r.region_id = zr.region_id JOIN main.prod_ygl_apfm.region_use AS ru ON ru.region_id = zr.region_id AND ru.region_type_code = zr.region_type_code WHERE ru.region_type_code = ? AND r.region_name = ? AND r.active = ? AND zr._fivetran_deleted = FALSE AND r._fivetran_deleted = FALSE AND ru._fivetran_deleted = FALSE ORDER BY r.region_id, zr.zip5), cte1 AS (SELECT CAST(hmcr.createdate AS DATE) AS requestcreatedate, hmcr.hmcrequestid, CASE WH ...","select * from ( with cte1 as( WITH CTE AS( SELECT r.region_id AS regionId, r.region_name AS regionName, zr.zip5 FROM main.prod_ygl_apfm.zip_region AS zr JOIN main.prod_ygl_apfm.region AS r ON r.region_id = zr.region_id JOIN main.prod_ygl_apfm.region_use ru ON ru.region_id = zr.region_id AND ru.regio ..."
81,"WITH cte AS (SELECT DATE_FORMAT(date, ?) AS monthyearid, orderid, cph.providerid, MAX(date) AS lastday, MAX(CASE WHEN monthlycap IS NULL THEN ? ELSE ? END) AS unlimitedcap, MAX(CASE WHEN monthlycap IS NULL AND NOT monthlysent IS NULL THEN monthlysent WHEN monthlycap IS NULL AND monthlysent IS NULL THEN ? ELSE monthlycap END) AS monthlycap FROM prod_homecare_acreporting_reporting.cartproviderhistory AS cph LEFT JOIN prod_homecare_actransactional_organization.provider AS p ON p.providerid = cph.providerid LEFT JOIN prod_homecare_actransactional_organization.providerorganization AS org ON org.pro ...","select `MonthYearID`, `OrderID`, `ProviderID`, `LastDay`, `UnlimitedCap`, `MonthlyCap` from ( WITH CTE AS ( SELECT date_format(date, 'yyyyMM') MonthYearID ,OrderID, cph.ProviderID, MAX(Date) AS LastDay, MAX(CASE WHEN monthlycap is null then 'Yes' ELSE 'No' END) UnlimitedCap, MAX(CASE WHEN monthlycap ..."
80,"WITH cte AS (SELECT DISTINCT hmcr.hmcrequestid, hmcr.hmcprospectid, hmcr.postalcode, hmcr.affiliateid, hmcr.affiliateinquiryid, apfm.lt_form_submit_channel, CASE WHEN hmcr.customflow = ? THEN ? ELSE ? END AS flow, CASE WHEN hmcr.affiliateid IN (?) THEN ? WHEN hmcr.affiliateid = ? THEN ? WHEN hmcr.affiliateid IN (?) THEN ? WHEN hmcr.affiliateid = ? THEN ? WHEN hmcr.affiliateid = ? THEN ? WHEN hmcr.affiliateid IN (?) THEN ? WHEN hmcr.affiliateid IN (?) THEN ? WHEN hmcr.url LIKE ? OR hmcr.url LIKE ? OR hmcr.url LIKE ? THEN ? WHEN hmcr.url LIKE ? OR hmcr.affiliateid = ? THEN ? WHEN hmcr.affiliatei ...","select `HMCRequestID`, `HMCProspectID`, `Flow`, `lastoutcomeid`, `affiliateID`, `Channel`, `IsDJ`, `DJStep`, `djstepid`, `DJType`, `Source`, `formname`, `TimeID`, `SiteSection`, `SEMForm`, `EmailType`, `RequestDateTime`, `RequestStatusID`, `Lead`, `LSTF`, `RL`, `CampaignID`, `CampaignName`, case whe ..."
80,"WITH cte AS (SELECT cph.providerid, p.name AS providername, cph.orderid, ost.name AS orderstatus, osrt.name AS orderstatusreason, MIN(cph.date) AS firstactive, MAX(cph.date) AS lastactive FROM main.prod_homecare_acreporting_reporting.cartproviderhistory AS cph LEFT JOIN main.prod_homecare_actransactional_organization.provider AS p ON p.providerid = cph.providerid LEFT JOIN main.prod_homecare_actransactional_ordermanagement.order AS o ON o.orderid = cph.orderid LEFT JOIN main.prod_homecare_actransactional_ordermanagement.orderstatusreasontype AS osrt ON osrt.orderstatusreasontypeid = o.ordersta ...","select * from ( WITH CTE1 AS( WITH CTE AS( Select cph.providerid ,p.name ProviderName ,cph.orderid ,ost.name OrderStatus ,osrt.name OrderStatusReason ,min(cph.date) FirstActive ,max(cph.date) LastActive FROM main.prod_homecare_acreporting_reporting.cartproviderhistory cph left join main.prod_homecar ..."
80,"SELECT DISTINCT ref.referralid, CAST(ref.referredon AS DATE) AS referredon, ref.providerid, rr.returnapproved, CAST(rr.createdon AS DATE) AS returncreatedate, hcc.homecarechargeid, hcc.amount, p.providerorganizationid, CAST(hcc.createdon AS DATE) AS chargecreatedate FROM main.prod_homecare_actransactional_homecare.referral AS ref LEFT JOIN main.prod_homecare_actransactional_homecare.referralreturnrequest AS rr ON rr.referralid = ref.referralid LEFT JOIN main.prod_homecare_actransactional_billing.homecarecharge AS hcc ON hcc.referralid = ref.referralid LEFT JOIN main.prod_homecare_actransaction ...","select `referralid`, `Referredon`, `providerid`, `returnapproved`, `ReturnCreateDate`, `homecarechargeid`, `amount`, `providerorganizationid`, `ChargeCreateDate` from ( Select DISTINCT ref.referralid ,date(ref.referredon) Referredon ,ref.providerid ,rr.returnapproved ,date(rr.createdon) ReturnCreate ..."
79,"WITH cte AS (SELECT DATE_FORMAT(cph.date, ?) AS monthyear, CONCAT(cph.providerid, ?, cph.orderid) AS providerorderid, cph.orderstatus, cph.orderstatusreason FROM main.prod_homecare_acreporting_reporting.cartproviderhistory AS cph WHERE (cph.date = LAST_DAY(cph.date) OR cph.date = CAST(CURRENT_TIMESTAMP() AS DATE)) AND cph.date >= ?) SELECT * FROM (SELECT cte.monthyear, cte.providerorderid, cte.orderstatus, cte.orderstatusreason, CASE WHEN (cte.orderstatusreason = ? OR cte.orderstatus IN (?)) THEN ? WHEN cte.orderstatus = ? THEN ? WHEN cte.orderstatus = ? THEN ? ELSE ? END AS status FROM cte) A ...","select * from ( WITH CTE AS( Select date_format(cph.date, 'yyyyMM') MonthYear ,concat(cph.providerid, '-', cph.orderid) ProviderOrderID ,cph.orderstatus ,cph.orderstatusreason FROM main.prod_homecare_acreporting_reporting.cartproviderhistory cph where (cph.date = last_day(cph.date) or cph.date = dat ..."
78,"WITH cte AS (SELECT r.region_id AS regionid, r.region_name AS regionname, zr.zip5 FROM main.prod_ygl_apfm.zip_region AS zr JOIN main.prod_ygl_apfm.region AS r ON r.region_id = zr.region_id JOIN main.prod_ygl_apfm.region_use AS ru ON ru.region_id = zr.region_id AND ru.region_type_code = zr.region_type_code WHERE ru.region_type_code = ? AND r.region_name = ? AND r.active = ? AND zr._fivetran_deleted = FALSE AND r._fivetran_deleted = FALSE AND ru._fivetran_deleted = FALSE ORDER BY r.region_id, zr.zip5), cte1 AS (SELECT CAST(hmcr.createdate AS DATE) AS requestcreatedate, hmcr.hmcrequestid, CASE WH ...","select `RequestCreatedate`, `hmcrequestid`, `Referredby`, `affiliateid`, `leadsource`, `referralid`, `requeststatusid`, `ReturnStatus`, `ProviderOrders`, `ReferralDate`, `TimeFrame`, `AdjChannel`, `DaystoActivation`, `Activation`, `ActivationDate`, `PilotGroup`, `referredbysource`, `RequestCreatedat ..."
78,"SELECT DISTINCT c.firstname, c.lastname, c.email, po.name AS organization FROM prod_homecare_actransactional_organization.providercontact AS pc LEFT JOIN prod_homecare_actransactional_organization.contact AS c ON c.contactid = pc.contactid LEFT JOIN prod_homecare_actransactional_organization.provider AS p ON p.providerid = pc.providerid LEFT JOIN prod_homecare_actransactional_organization.providerorganization AS po ON p.providerorganizationid = po.providerorganizationid LEFT JOIN prod_homecare_actransactional_organization.providercontactcontacttype AS pcct ON pcct.providercontactid = pc.provid ...","select * from ( SELECT DISTINCT --p.p.Name AS 'Provider p.Name', c.FirstName ,c.LastName ,c.Email -- ,p.ProviderID ,po.name Organization FROM prod_homecare_actransactional_organization.providercontact pc LEFT JOIN prod_homecare_actransactional_organization.contact c ON c.ContactID = pc.ContactID LEF ..."
77,"WITH cte AS (SELECT DATE_FORMAT(cph.date, ?) AS monthyear, CONCAT(cph.providerid, ?, cph.orderid) AS providerorderid, cph.orderstatus, cph.orderstatusreason FROM main.prod_homecare_acreporting_reporting.cartproviderhistory AS cph WHERE (cph.date = LAST_DAY(cph.date) OR cph.date = CAST(CURRENT_TIMESTAMP() AS DATE)) AND cph.date >= ?) SELECT cte.monthyear, cte.providerorderid, cte.orderstatus, cte.orderstatusreason, CASE WHEN (cte.orderstatusreason = ? OR cte.orderstatus IN (?)) THEN ? WHEN cte.orderstatus = ? THEN ? WHEN cte.orderstatus = ? THEN ? ELSE ? END AS status FROM cte","select `MonthYear`, `ProviderOrderID`, `OrderStatus`, `OrderStatusReason`, `Status` from ( WITH CTE AS( Select date_format(cph.date, 'yyyyMM') MonthYear ,concat(cph.providerid, '-', cph.orderid) ProviderOrderID ,cph.orderstatus ,cph.orderstatusreason FROM main.prod_homecare_acreporting_reporting.car ..."
77,"SELECT DISTINCT c.firstname, c.lastname, c.email, cph.providerid FROM prod_homecare_actransactional_organization.providercontact AS pc LEFT JOIN prod_homecare_actransactional_organization.contact AS c ON c.contactid = pc.contactid LEFT JOIN prod_homecare_actransactional_organization.provider AS p ON p.providerid = pc.providerid LEFT JOIN prod_homecare_actransactional_organization.providercontactcontacttype AS pcct ON pcct.providercontactid = pc.providercontactid LEFT JOIN prod_homecare_actransactional_organization.contacttype AS ct ON ct.contacttypeid = pcct.contacttypeid LEFT JOIN prod_homeca ...","select `FirstName`, `LastName`, `Email`, `ProviderID` from ( SELECT DISTINCT --p.Name AS 'Provider Name', c.FirstName ,c.LastName ,c.Email ,cph.ProviderID --,p.ProviderOrganizationID --,c.Phone --,ct.Name --,c.Title FROM prod_homecare_actransactional_organization.providercontact pc LEFT JOIN prod_ho ..."
74,"WITH cte AS (SELECT cph.providerid, p.name AS providername, cph.orderid, ost.name AS orderstatus, osrt.name AS orderstatusreason, MIN(cph.date) AS firstactive, MAX(cph.date) AS lastactive FROM main.prod_homecare_acreporting_reporting.cartproviderhistory AS cph LEFT JOIN main.prod_homecare_actransactional_organization.provider AS p ON p.providerid = cph.providerid LEFT JOIN main.prod_homecare_actransactional_ordermanagement.order AS o ON o.orderid = cph.orderid LEFT JOIN main.prod_homecare_actransactional_ordermanagement.orderstatusreasontype AS osrt ON osrt.orderstatusreasontypeid = o.ordersta ...","select `ProviderID`, `ProviderName`, `OrderID`, `FirstActive`, `LastActive`, `OrderStatus`, `OrderStatusReason`, `ProviderOrderID`, `Status`, `Org`, `DaysActive` from ( WITH CTE1 AS( WITH CTE AS( Select cph.providerid ,p.name ProviderName ,cph.orderid ,ost.name OrderStatus ,osrt.name OrderStatusReas ..."
71,"SELECT providerid, p.name, rate, providerstatustypeid, billingtypeid, orgid, postalcodeid, p.deleted, p.modifiedon, p.modifiedby, p.createdon, p.createdby, po.name AS organization FROM prod_homecare_actransactional_organization.provider AS p LEFT JOIN prod_homecare_actransactional_organization.providerorganization AS po ON po.providerorganizationid = p.providerorganizationid","select `ProviderID`, `Name`, `Rate`, `ProviderStatusTypeID`, `BillingTypeID`, `OrgID`, `PostalCodeID`, `Deleted`, `ModifiedOn`, `ModifiedBy`, `CreatedOn`, `CreatedBy`, `Organization` from ( SELECT ProviderID ,p.Name ,Rate ,ProviderStatusTypeID ,BillingTypeID ,OrgID ,PostalCodeID ,p.Deleted ,p.Modifi ..."
71,SELECT * FROM prod_homecare_actransactional_organization.providerorganization,"select `providerorganizationid`, `createdby`, `modifiedon`, `isvip`, `createdon`, `deleted`, `modifiedby`, `notes`, `logo`, `name`, `_fivetran_deleted`, `_fivetran_synced`, `sfrecordid` from ( SELECT * FROM prod_homecare_actransactional_organization.providerorganization ) as `_`"
69,"WITH cte AS (SELECT cph.providerid, cph.orderid, MAX(cph.date) AS lastactive, MIN(cph.date) AS firstactive FROM main.prod_homecare_acreporting_reporting.cartproviderhistory AS cph WHERE (cph.orderstatusreason = ? OR cph.orderstatus IN (?)) AND cph.contracttype = ? GROUP BY ?, ?), ctea AS (SELECT DISTINCT cph.providerid, cph.orderid, cph.orderstatus, cph.orderstatusreason FROM main.prod_homecare_acreporting_reporting.cartproviderhistory AS cph WHERE date = CAST(CURRENT_TIMESTAMP() AS DATE)), cteb1 AS (SELECT r.region_id AS regionid, r.region_name AS regionname, zr.zip5 FROM main.prod_ygl_apfm.z ...","select * from ( WITH CTE AS( Select cph.providerid ,cph.orderid ,max(cph.date) LastActive ,min(cph.date) FirstActive FROM main.prod_homecare_acreporting_reporting.cartproviderhistory cph WHERE (cph.orderstatusreason = 'Monthly Cap Reached' or cph.orderstatus in ('Active', 'Paused')) and cph.contract ..."
68,"WITH cte AS (SELECT cph.providerid, cph.orderid, MIN(cph.date) AS firstactivedate, MAX(cph.date) AS lastactivedate FROM main.prod_homecare_acreporting_reporting.cartproviderhistory AS cph WHERE (cph.orderstatusreason = ? OR cph.orderstatus IN (?)) GROUP BY ?, ?), cte2 AS (SELECT cte.providerid, cte.orderid, cph.orderstatus, cph.orderstatusreason, firstactivedate, lastactivedate FROM cte LEFT JOIN main.prod_homecare_acreporting_reporting.cartproviderhistory AS cph ON cph.providerid = cte.providerid AND cph.orderid = cte.orderid WHERE cph.date = CAST(CURRENT_TIMESTAMP() AS DATE)), cte1 AS (SELEC ...","select * from ( WITH CTE1 AS( WITH CTE AS ( Select cph.providerid ,cph.orderid ,min(cph.date) FirstActiveDate ,max(cph.date) LastActiveDate FROM main.prod_homecare_acreporting_reporting.cartproviderhistory cph WHERE (cph.orderstatusreason = 'Monthly Cap Reached' or cph.orderstatus in ('Active', 'Pau ..."
67,"WITH cte AS (SELECT cph.providerid, cph.orderid, MAX(cph.date) AS lastactive, MIN(cph.date) AS firstactive FROM main.prod_homecare_acreporting_reporting.cartproviderhistory AS cph WHERE (cph.orderstatusreason = ? OR cph.orderstatus IN (?)) AND cph.contracttype = ? GROUP BY ?, ?), ctea AS (SELECT DISTINCT cph.providerid, cph.orderid, cph.orderstatus, cph.orderstatusreason FROM main.prod_homecare_acreporting_reporting.cartproviderhistory AS cph WHERE date = CAST(CURRENT_TIMESTAMP() AS DATE)), cteb1 AS (SELECT r.region_id AS regionid, r.region_name AS regionname, zr.zip5 FROM main.prod_ygl_apfm.z ...","select `ProviderID`, `OrderID`, `ProviderOrders`, `FirstActive`, `LastActive`, `ProviderName`, `OrgName`, `Org`, `OrderStatus`, `OrderStatusReason`, `ProviderCoverage`, `DaysActive`, `Status` from ( WITH CTE AS( Select cph.providerid ,cph.orderid ,max(cph.date) LastActive ,min(cph.date) FirstActive  ..."
64,"WITH cte AS (SELECT cph.providerid, cph.orderid, MIN(cph.date) AS firstactivedate, MAX(cph.date) AS lastactivedate FROM main.prod_homecare_acreporting_reporting.cartproviderhistory AS cph WHERE (cph.orderstatusreason = ? OR cph.orderstatus IN (?)) GROUP BY ?, ?), cte2 AS (SELECT cte.providerid, cte.orderid, cph.orderstatus, cph.orderstatusreason, firstactivedate, lastactivedate FROM cte LEFT JOIN main.prod_homecare_acreporting_reporting.cartproviderhistory AS cph ON cph.providerid = cte.providerid AND cph.orderid = cte.orderid WHERE cph.date = CAST(CURRENT_TIMESTAMP() AS DATE)), cte1 AS (SELEC ...","select `ProviderID`, `ProviderName`, `OrderID`, `FirstActiveDate`, `LastActiveDate`, `OrderCreateDate`, `CurrentOrderStatus`, `CurrentOrderStatusReasonType`, `HCAM`, `ProviderOrders`, `Status` from ( WITH CTE1 AS( WITH CTE AS ( Select cph.providerid ,cph.orderid ,min(cph.date) FirstActiveDate ,max(c ..."
58,SELECT * FROM prod_homecare_actransactional_homecare.referral,select * from ( Select * FROM prod_homecare_actransactional_homecare.referral ) as `_` limit 0
58,"SELECT calllogid, callid, timestamp, agent, agentname, agentgroup, skill, campaign, calltype, disposition, dispositionpath, calltime, talktime, dnis, handletime, consulttime, totalqueuetime, manualtime, dialtime, aftercallworktime, holdtime, ringtime FROM prod_homecare_acreporting_import.five9dailycalllogs WHERE campaign IN (?) AND dnis <> ? ORDER BY dnis","select `CallLogId`, `CallId`, `Timestamp`, `Agent`, `AgentName`, `AgentGroup`, `Skill`, `Campaign`, `CallType`, `Disposition`, `DispositionPath`, `CallTime`, `TalkTime`, `DNIS`, `HandleTime`, `ConsultTime`, `TotalQueueTime`, `ManualTime`, `DialTime`, `AfterCallWorkTime`, `HoldTime`, `RingTime` from  ..."
58,"SELECT r.referralid, r.hmcleadid, hmcr.hmcrequestid, r.createdon, r.billingtypeid, r.orderid, o.name AS ordername, r.referredon, r.returnapproved, r.activatedon, r.providerid, p.name AS providername, r.digitaljourney FROM prod_homecare_actransactional_homecare.referral AS r LEFT JOIN prod_homecare_actransactional_organization.provider AS p ON p.providerid = r.providerid LEFT JOIN prod_homecare_actransactional_ordermanagement.order AS o ON o.orderid = r.orderid LEFT JOIN prod_homecare_insite_directory.hmclead AS hmcl ON hmcl.hmcleadid = r.hmcleadid LEFT JOIN prod_homecare_insite_directory.hmcre ...","select `referralid`, `hmcleadid`, `hmcrequestid`, `createdon`, `billingtypeid`, `orderid`, `OrderName`, `referredon`, `returnapproved`, `activatedon`, `providerid`, `ProviderName`, `digitaljourney` from ( Select r.referralid ,r.hmcleadid ,hmcr.hmcrequestid ,r.createdon ,r.billingtypeid ,r.orderid ,o ..."
58,SELECT * FROM prod_homecare_actransactional_organization.provider,select * from ( Select * FROM prod_homecare_actransactional_organization.provider ) as `_` limit 0
58,"SELECT hmcr.hmcrequestid, hmcr.hmcprospectid, hmcr.requeststatusid, hmcr.createdate AS leadcreatedate, CASE WHEN tz.timezoneid = ? THEN CONVERT_TIMEZONE(?, ?, CAST(hmcr.createdate AS TIMESTAMP_NTZ)) WHEN tz.timezoneid = ? THEN CONVERT_TIMEZONE(?, ?, CAST(hmcr.createdate AS TIMESTAMP_NTZ)) WHEN tz.timezoneid = ? THEN CONVERT_TIMEZONE(?, ?, CAST(hmcr.createdate AS TIMESTAMP_NTZ)) WHEN tz.timezoneid = ? THEN CONVERT_TIMEZONE(?, ?, CAST(hmcr.createdate AS TIMESTAMP_NTZ)) WHEN tz.timezoneid = ? THEN CONVERT_TIMEZONE(?, ?, CAST(hmcr.createdate AS TIMESTAMP_NTZ)) WHEN tz.timezoneid = ? THEN CONVERT_T ...","select * from ( Select hmcr.hmcrequestid ,hmcr.hmcprospectid ,hmcr.requeststatusid ,hmcr.createdate LeadCreateDate ,CASE WHEN tz.timezoneid = 4 then convert_timezone('America/Detroit','Pacific/Honolulu',CAST(hmcr.createdate as TIMESTAMP_NTZ)) WHEN tz.timezoneid = 6 then convert_timezone('America/Det ..."
58,SELECT * FROM prod_homecare_actransactional_homecare.lead,select * from ( Select * FROM prod_homecare_actransactional_homecare.lead ) as `_` limit 0
49,"WITH cte AS (SELECT hmcr.hmcrequestid, hmcr.hmcprospectid, postalcode, CASE WHEN hmcr.customflow = ? THEN ? ELSE ? END AS funnel, hmcr.createdate, hmcr.requeststatusid, hmcr.requeststatuscode, CASE WHEN hmcr.affiliateid = ? THEN ? WHEN hmcr.affiliateid = ? THEN ? WHEN hmcr.affiliateid IN (?) THEN ? WHEN hmcr.affiliateid = ? THEN ? WHEN hmcr.affiliateid = ? THEN ? WHEN hmcr.affiliateid IN (?) THEN ? WHEN hmcr.affiliateid IN (?) THEN ? WHEN hmcr.url LIKE ? OR hmcr.url LIKE ? OR hmcr.url LIKE ? THEN ? WHEN hmcr.url LIKE ? OR hmcr.affiliateid = ? THEN ? WHEN hmcr.affiliateid IN (?) OR hmcr.url LIK ...","select * from ( WITH CTE2 AS ( WITH CTE1 AS ( WITH CTE AS ( SELECT hmcr.hmcrequestid ,hmcr.hmcprospectid ,postalcode ,CASE WHEN hmcr.customflow = 1 THEN 'NFE' ELSE 'OFE' END as Funnel ,hmcr.createdate ,HMCR.RequestStatusId ,hmcr.requeststatuscode ,CASE WHEN hmcr.affiliateid =140 then ""Grace"" WHEN hm ..."
48,"WITH cte AS (SELECT hmcr.hmcrequestid, hmcr.hmcprospectid, postalcode, CASE WHEN hmcr.customflow = ? THEN ? ELSE ? END AS funnel, hmcr.createdate, hmcr.requeststatusid, hmcr.requeststatuscode, CASE WHEN hmcr.affiliateid IN (?) THEN ? WHEN hmcr.affiliateid = ? THEN ? WHEN hmcr.affiliateid IN (?) THEN ? WHEN hmcr.affiliateid = ? THEN ? WHEN hmcr.affiliateid = ? THEN ? WHEN hmcr.affiliateid IN (?) THEN ? WHEN hmcr.affiliateid IN (?) THEN ? WHEN hmcr.url LIKE ? OR hmcr.url LIKE ? OR hmcr.url LIKE ? THEN ? WHEN hmcr.url LIKE ? OR hmcr.affiliateid = ? THEN ? WHEN hmcr.affiliateid IN (?) OR hmcr.url  ...","select * from ( WITH CTE2 AS ( WITH CTE1 AS ( WITH CTE AS ( SELECT hmcr.hmcrequestid ,hmcr.hmcprospectid ,postalcode ,CASE WHEN hmcr.customflow = 1 THEN 'NFE' ELSE 'OFE' END as Funnel ,hmcr.createdate ,HMCR.RequestStatusId ,hmcr.requeststatuscode ,CASE WHEN hmcr.affiliateid in (140,141) then ""Grace"" ..."
48,"SELECT * FROM (SELECT ref.providerid, p.name AS providername, ref.orderid, ref.referralid, CAST(ref.createdon AS DATE) AS referraldate, CAST(ref.activatedon AS DATE) AS activatedondate, hcc.amount, CASE WHEN htr.hottransferresponseid = ? THEN ? ELSE ? END AS hottransferred, CASE WHEN ref.returnapproved = TRUE THEN ? ELSE ? END AS returns, hcc.iscredit FROM main.prod_homecare_actransactional_homecare.referral AS ref LEFT JOIN main.prod_homecare_actransactional_billing.homecarecharge AS hcc ON hcc.referralid = ref.referralid LEFT JOIN main.prod_homecare_actransactional_homecare.hottransferresult ...","select * from ( Select ref.providerid ,p.name ProviderName ,ref.orderid ,ref.referralid ,date(ref.createdon) ReferralDate ,date(ref.activatedon) ActivatedOnDate ,hcc.amount ,CASE WHEN htr.hottransferresponseid = 1 then ""Hot Transferred"" else ""Not Hot Transferred"" end HotTransferred ,case when ref.re ..."
47,"WITH cte AS (SELECT DISTINCT hmcr.hmcrequestid, hmcr.hmcprospectid, hmcr.postalcode, hmcr.affiliateid, hmcr.affiliateinquiryid, apfm.lt_form_submit_channel, CASE WHEN hmcr.customflow = ? THEN ? ELSE ? END AS flow, CASE WHEN hmcr.affiliateid IN (?) THEN ? WHEN hmcr.affiliateid = ? THEN ? WHEN hmcr.affiliateid IN (?) THEN ? WHEN hmcr.affiliateid = ? THEN ? WHEN hmcr.affiliateid = ? THEN ? WHEN hmcr.affiliateid IN (?) THEN ? WHEN hmcr.affiliateid IN (?) THEN ? WHEN hmcr.url LIKE ? OR hmcr.url LIKE ? OR hmcr.url LIKE ? THEN ? WHEN hmcr.url LIKE ? OR hmcr.affiliateid = ? THEN ? WHEN hmcr.affiliatei ...","select * from ( WITH CTE3 AS (WITH CTE2 AS (WITH CTE AS (SELECT distinct hmcr.HMCRequestID ,hmcr.HMCProspectID ,hmcr.postalcode ,hmcr.affiliateid ,hmcr.affiliateinquiryid ,apfm.lt_form_submit_channel ,CASE WHEN hmcr.customflow =1 then 'NFE' ELSE 'OFE' END as Flow ,CASE WHEN hmcr.affiliateid in (140, ..."
44,"WITH cte AS (SELECT DISTINCT hmcr.hmcrequestid, hmcr.hmcprospectid, hmcr.postalcode, hmcr.affiliateid, hmcr.affiliateinquiryid, apfm.lt_form_submit_channel, CASE WHEN hmcr.customflow = ? THEN ? ELSE ? END AS flow, CASE WHEN hmcr.affiliateid IN (?) THEN ? WHEN hmcr.affiliateid = ? THEN ? WHEN hmcr.affiliateid IN (?) THEN ? WHEN hmcr.affiliateid = ? THEN ? WHEN hmcr.affiliateid = ? THEN ? WHEN hmcr.affiliateid IN (?) THEN ? WHEN hmcr.affiliateid IN (?) THEN ? WHEN hmcr.url LIKE ? OR hmcr.url LIKE ? OR hmcr.url LIKE ? THEN ? WHEN hmcr.url LIKE ? OR hmcr.affiliateid = ? THEN ? WHEN hmcr.affiliatei ...","select `HMCRequestID`, `HMCProspectID`, `Flow`, `lastoutcomeid`, `affiliateID`, `Channel`, `IsDJ`, `DJStep`, `djstepid`, `DJType`, `Source`, `formname`, `TimeID`, `SiteSection`, `SEMForm`, `EmailType`, `RequestDateTime`, `RequestStatusID`, `Lead`, `LSTF`, `RL`, `CampaignID`, `CampaignName`, case whe ..."
44,"WITH cte AS (SELECT hmcr.hmcrequestid, hmcr.hmcprospectid, postalcode, CASE WHEN hmcr.customflow = ? THEN ? ELSE ? END AS funnel, hmcr.createdate, hmcr.requeststatusid, hmcr.requeststatuscode, CASE WHEN hmcr.affiliateid = ? THEN ? WHEN hmcr.affiliateid = ? THEN ? WHEN hmcr.affiliateid IN (?) THEN ? WHEN hmcr.affiliateid = ? THEN ? WHEN hmcr.affiliateid = ? THEN ? WHEN hmcr.affiliateid IN (?) THEN ? WHEN hmcr.affiliateid IN (?) THEN ? WHEN hmcr.url LIKE ? OR hmcr.url LIKE ? OR hmcr.url LIKE ? THEN ? WHEN hmcr.url LIKE ? OR hmcr.affiliateid = ? THEN ? WHEN hmcr.affiliateid IN (?) OR hmcr.url LIK ...","select `hmcrequestid`, `Funnel`, `createdate`, `RequestStatusId`, `AdjChannel`, `ScreeningDate`, `userid`, `outcomeid`, `ISDJ`, `DJStep`, `DJType`, `SourceP` from ( WITH CTE2 AS ( WITH CTE1 AS ( WITH CTE AS ( SELECT hmcr.hmcrequestid ,hmcr.hmcprospectid ,postalcode ,CASE WHEN hmcr.customflow = 1 THE ..."
44,"SELECT ref.providerid, p.name AS providername, ref.orderid, ref.referralid, CAST(ref.createdon AS DATE) AS referraldate, CAST(ref.activatedon AS DATE) AS activatedondate, hcc.amount, CASE WHEN htr.hottransferresponseid = ? THEN ? ELSE ? END AS hottransferred, CASE WHEN ref.returnapproved = TRUE THEN ? ELSE ? END AS returns, hcc.iscredit FROM main.prod_homecare_actransactional_homecare.referral AS ref LEFT JOIN main.prod_homecare_actransactional_billing.homecarecharge AS hcc ON hcc.referralid = ref.referralid LEFT JOIN main.prod_homecare_actransactional_homecare.hottransferresult AS htr ON htr. ...","select `providerid`, `ProviderName`, `orderid`, `referralid`, `ReferralDate`, `ActivatedOnDate`, `amount`, `HotTransferred`, `Returns`, `iscredit` from ( Select ref.providerid ,p.name ProviderName ,ref.orderid ,ref.referralid ,date(ref.createdon) ReferralDate ,date(ref.activatedon) ActivatedOnDate , ..."
43,"SELECT * FROM (SELECT DISTINCT r.referralid, r.leadid, l.hmcprospectid, hmcr.hmcrequestid, l.externalidentifier AS ygl_lead_id, r.providerid, r.billingtypeid, referralstatustypeid, referredon, r.activatedon, CAST(r.activatedon AS DATE) AS activatedondate, CASE WHEN NOT r.activatedon IS NULL THEN ? ELSE ? END AS activations, CASE WHEN NOT hmcl.hottransferred IS NULL THEN ? ELSE ? END AS ht, CASE WHEN r.istopoff = ? THEN ? ELSE ? END AS topoffqueue, CASE WHEN r.addontypeid = ? THEN ? WHEN r.addontypeid = ? THEN ? WHEN r.addontypeid = ? THEN ? ELSE NULL END AS addontype, CASE WHEN r.addontypeid I ...","select * from ( SELECT DISTINCT r.ReferralID ,r.LeadID ,l.HMCProspectID ,hmcr.HMCRequestID ,l.ExternalIdentifier as YGL_Lead_ID ,r.ProviderID ,r.BillingTypeID ,ReferralStatusTypeID ,ReferredOn ,r.activatedon ,DATE(r.activatedon) AS ActivatedOnDate ,case when r.activatedon is not null then 1 else 0 e ..."
42,"WITH cte AS (SELECT hmcr.hmcrequestid, hmcr.hmcprospectid, postalcode, CASE WHEN hmcr.customflow = ? THEN ? ELSE ? END AS funnel, hmcr.createdate, hmcr.requeststatusid, hmcr.requeststatuscode, CASE WHEN hmcr.affiliateid IN (?) THEN ? WHEN hmcr.affiliateid = ? THEN ? WHEN hmcr.affiliateid IN (?) THEN ? WHEN hmcr.affiliateid = ? THEN ? WHEN hmcr.affiliateid = ? THEN ? WHEN hmcr.affiliateid IN (?) THEN ? WHEN hmcr.affiliateid IN (?) THEN ? WHEN hmcr.url LIKE ? OR hmcr.url LIKE ? OR hmcr.url LIKE ? THEN ? WHEN hmcr.url LIKE ? OR hmcr.affiliateid = ? THEN ? WHEN hmcr.affiliateid IN (?) OR hmcr.url  ...","select `Time`, `SLRl`, `hmcrequestid`, `Funnel`, `createdate`, `RequestStatusId`, `AdjChannel`, `ScreeningDate`, `userid`, `outcomeid`, `ISDJ`, `DJStep`, `DJType`, `SourceP`, `C1`, `C2`, `C2` - `C1` as `C3` from ( select `Time`, `SLRl`, `hmcrequestid`, `Funnel`, `createdate`, `RequestStatusId`, `Adj ..."
42,"WITH cte AS (SELECT cph.providerid, cph.orderid, MIN(cph.date) AS firstactivedate, MAX(cph.date) AS lastactivedate FROM main.prod_homecare_acreporting_reporting.cartproviderhistory AS cph WHERE (cph.orderstatusreason = ? OR cph.orderstatus IN (?)) GROUP BY ?, ?), cte2 AS (SELECT cte.providerid, cte.orderid, cph.orderstatus, cph.orderstatusreason, firstactivedate, lastactivedate FROM cte LEFT JOIN main.prod_homecare_acreporting_reporting.cartproviderhistory AS cph ON cph.providerid = cte.providerid AND cph.orderid = cte.orderid WHERE cph.date = CAST(CURRENT_TIMESTAMP() AS DATE)), cte1 AS (SELEC ...","select * from ( WITH CTE1 AS( WITH CTE AS ( Select cph.providerid ,cph.orderid ,min(cph.date) FirstActiveDate ,max(cph.date) LastActiveDate FROM main.prod_homecare_acreporting_reporting.cartproviderhistory cph WHERE (cph.orderstatusreason = 'Monthly Cap Reached' or cph.orderstatus in ('Active', 'Pau ..."
42,"SELECT * FROM (SELECT sr.hmcscreeningresultid, sr.createdate, sr.outcomeid, sr.userid, req.createdate AS requestdate, sr.attemptcount, sr.secondsinprospect, sr.hmcrequestid, req.requeststatusid FROM prod_homecare_insite_directory.hmcscreeningresult AS sr JOIN prod_homecare_insite_directory.hmcrequest AS req ON req.hmcrequestid = sr.hmcrequestid WHERE NOT sr.outcomeid IN (?) AND req.createdate >= DATE_ADD(YEAR, -?, DATE_TRUNC('MONTH', CURRENT_TIMESTAMP())) AND req.hmcrequestid <> ?) AS _ WHERE ? = ?","select * from ( SELECT sr.HMCScreeningResultID -- ,sr.HMCProspectID ,sr.createdate ,sr.outcomeid ,sr.userid ,req.createdate as RequestDate ,sr.AttemptCount -- ,sr.FollowUpDate -- ,sr.HotTransferred ,sr.SecondsInProspect ,sr.HMCRequestID ,req.requeststatusid -- ,req.affiliateid FROM prod_homecare_ins ..."
40,"WITH cte AS (SELECT cph.providerid, cph.orderid, cph.providername, o.createdon AS ordercreatedate, MIN(date) AS firstactivedate, MAX(date) AS lastactivedate, ost.name AS currentorderstatus, osrt.name AS currentorderstatusreasontype FROM prod_homecare_acreporting_reporting.cartproviderhistory AS cph LEFT JOIN prod_homecare_actransactional_ordermanagement.order AS o ON o.orderid = cph.orderid LEFT JOIN prod_homecare_actransactional_ordermanagement.orderstatustype AS ost ON ost.orderstatustypeid = o.orderstatustypeid LEFT JOIN prod_homecare_actransactional_ordermanagement.orderstatusreasontype AS ...","select `ProviderID`, `OrderID`, `ProviderName`, cast(`OrderCreateDate` as DATE) as `C1`, `FirstActiveDate`, `LastActiveDate`, `CurrentOrderStatus`, `CurrentOrderStatusReasonType`, `CSMFixed` from ( WITH CTE(SELECT cph.ProviderID ,cph.OrderID ,cph.ProviderName ,o.createdon AS OrderCreateDate ,MIN(Dat ..."
40,"SELECT sr.hmcscreeningresultid, sr.createdate, sr.outcomeid, sr.userid, req.createdate AS requestdate, sr.attemptcount, sr.secondsinprospect, sr.hmcrequestid, req.requeststatusid FROM prod_homecare_insite_directory.hmcscreeningresult AS sr JOIN prod_homecare_insite_directory.hmcrequest AS req ON req.hmcrequestid = sr.hmcrequestid WHERE NOT sr.outcomeid IN (?) AND req.createdate >= DATE_ADD(YEAR, -?, DATE_TRUNC('MONTH', CURRENT_TIMESTAMP())) AND req.hmcrequestid <> ?","select `HMCScreeningResultID`, cast(`createdate` as DATE) as `C1`, `outcomeid`, `userid`, cast(`RequestDate` as DATE) as `C2`, `AttemptCount`, `SecondsInProspect`, `HMCRequestID`, `requeststatusid` from ( SELECT sr.HMCScreeningResultID -- ,sr.HMCProspectID ,sr.createdate ,sr.outcomeid ,sr.userid ,re ..."
40,"WITH cte1 AS (SELECT DISTINCT cph.providerid, cph.orderid, cph.accountid, cph.orderstatus, cph.orderstatusreason FROM main.prod_homecare_acreporting_reporting.cartproviderhistory AS cph WHERE cph.date = CAST(CURRENT_TIMESTAMP() AS DATE)), cte AS (SELECT DISTINCT a.accountid, a.name AS accountname, ast.name AS accountstatus, a.iscorporateaccount, o.orderid, o.name AS ordername, CASE WHEN cte1.orderstatus IS NULL THEN ost.name ELSE cte1.orderstatus END AS orderstatus, CASE WHEN cte1.orderstatusreason IS NULL THEN osrt.name ELSE cte1.orderstatusreason END AS orderreason, CASE WHEN LOWER(o.name) L ...","select * from ( WITH CTE AS( WITH CTE1 AS( Select DISTINCT cph.providerid ,cph.orderid ,cph.accountid ,cph.orderstatus ,cph.orderstatusreason FROM main.prod_homecare_acreporting_reporting.cartproviderhistory cph WHERE cph.date = date(getdate()) ) SELECT distinct a.accountid ,a.name AccountName ,ast. ..."
40,"WITH cte AS (SELECT hmcr.hmcrequestid, hmcr.hmcprospectid, postalcode, CASE WHEN hmcr.customflow = ? THEN ? ELSE ? END AS funnel, hmcr.createdate, hmcr.requeststatusid, hmcr.requeststatuscode, CASE WHEN hmcr.affiliateid = ? THEN ? WHEN hmcr.affiliateid = ? THEN ? WHEN hmcr.affiliateid IN (?) THEN ? WHEN hmcr.affiliateid = ? THEN ? WHEN hmcr.affiliateid = ? THEN ? WHEN hmcr.affiliateid IN (?) THEN ? WHEN hmcr.affiliateid IN (?) THEN ? WHEN hmcr.url LIKE ? OR hmcr.url LIKE ? OR hmcr.url LIKE ? THEN ? WHEN hmcr.url LIKE ? OR hmcr.affiliateid = ? THEN ? WHEN hmcr.affiliateid IN (?) OR hmcr.url LIK ...","select * from ( WITH CTE2 AS ( WITH CTE1 AS ( WITH CTE AS ( SELECT hmcr.hmcrequestid ,hmcr.hmcprospectid ,postalcode ,CASE WHEN hmcr.customflow = 1 THEN 'NFE' ELSE 'OFE' END as Funnel ,hmcr.createdate ,HMCR.RequestStatusId ,hmcr.requeststatuscode ,CASE WHEN hmcr.affiliateid =140 then ""Grace"" WHEN hm ..."
38,"WITH cte AS (SELECT DISTINCT hmcr.hmcrequestid, hmcr.hmcprospectid, hmcr.postalcode, hmcr.affiliateid, hmcr.affiliateinquiryid, apfm.lt_form_submit_channel, CASE WHEN hmcr.customflow = ? THEN ? ELSE ? END AS flow, CASE WHEN hmcr.affiliateid IN (?) THEN ? WHEN hmcr.affiliateid = ? THEN ? WHEN hmcr.affiliateid IN (?) THEN ? WHEN hmcr.affiliateid = ? THEN ? WHEN hmcr.affiliateid = ? THEN ? WHEN hmcr.affiliateid IN (?) THEN ? WHEN hmcr.affiliateid IN (?) THEN ? WHEN hmcr.url LIKE ? OR hmcr.url LIKE ? OR hmcr.url LIKE ? THEN ? WHEN hmcr.url LIKE ? OR hmcr.affiliateid = ? THEN ? WHEN hmcr.affiliatei ...","select * from ( WITH CTE3 AS (WITH CTE2 AS (WITH CTE AS (SELECT distinct hmcr.HMCRequestID ,hmcr.HMCProspectID ,hmcr.postalcode ,hmcr.affiliateid ,hmcr.affiliateinquiryid ,apfm.lt_form_submit_channel ,CASE WHEN hmcr.customflow =1 then 'NFE' ELSE 'OFE' END as Flow ,CASE WHEN hmcr.affiliateid in (140, ..."
38,"WITH cte1 AS (SELECT DISTINCT cph.providerid, cph.orderid, cph.accountid, cph.orderstatus, cph.orderstatusreason FROM main.prod_homecare_acreporting_reporting.cartproviderhistory AS cph WHERE cph.date = CAST(CURRENT_TIMESTAMP() AS DATE)), cte AS (SELECT DISTINCT a.accountid, a.name AS accountname, ast.name AS accountstatus, a.iscorporateaccount, o.orderid, o.name AS ordername, CASE WHEN cte1.orderstatus IS NULL THEN ost.name ELSE cte1.orderstatus END AS orderstatus, CASE WHEN cte1.orderstatusreason IS NULL THEN osrt.name ELSE cte1.orderstatusreason END AS orderreason, CASE WHEN LOWER(o.name) L ...","select `OrderType`, `accountid`, `AccountName`, `AccountStatus`, `iscorporateaccount`, `orderid`, `OrderName`, `OrderStatus`, `OrderReason`, `CorporateNationalOrder`, `providerid`, `Status`, `ProviderName`, `YGLProviderStatus`, `OrganizationName` from ( WITH CTE AS( WITH CTE1 AS( Select DISTINCT cph ..."
37,"WITH cte AS (SELECT cph.providerid, cph.orderid, MIN(cph.date) AS firstactivedate, MAX(cph.date) AS lastactivedate FROM main.prod_homecare_acreporting_reporting.cartproviderhistory AS cph WHERE (cph.orderstatusreason = ? OR cph.orderstatus IN (?)) GROUP BY ?, ?), cte2 AS (SELECT cte.providerid, cte.orderid, cph.orderstatus, cph.orderstatusreason, firstactivedate, lastactivedate FROM cte LEFT JOIN main.prod_homecare_acreporting_reporting.cartproviderhistory AS cph ON cph.providerid = cte.providerid AND cph.orderid = cte.orderid WHERE cph.date = CAST(CURRENT_TIMESTAMP() AS DATE)), cte1 AS (SELEC ...","select `ProviderID`, `ProviderName`, `OrderID`, `FirstActiveDate`, `LastActiveDate`, `OrderCreateDate`, `CurrentOrderStatus`, `CurrentOrderStatusReasonType`, `HCAM`, `Status` from ( WITH CTE1 AS( WITH CTE AS ( Select cph.providerid ,cph.orderid ,min(cph.date) FirstActiveDate ,max(cph.date) LastActiv ..."
34,"WITH cte AS (SELECT r.region_id AS regionid, r.region_name AS regionname, zr.zip5 FROM main.prod_ygl_apfm.zip_region AS zr JOIN main.prod_ygl_apfm.region AS r ON r.region_id = zr.region_id JOIN main.prod_ygl_apfm.region_use AS ru ON ru.region_id = zr.region_id AND ru.region_type_code = zr.region_type_code WHERE ru.region_type_code = ? AND r.region_name = ? AND r.active = ? AND zr._fivetran_deleted = FALSE AND r._fivetran_deleted = FALSE AND ru._fivetran_deleted = FALSE ORDER BY r.region_id, zr.zip5), cte1 AS (SELECT CAST(hmcr.createdate AS DATE) AS requestcreatedate, hmcr.hmcrequestid, CASE WH ...","select `RequestCreatedate`, `hmcrequestid`, `Referredby`, `affiliateid`, `leadsource`, `referralid`, `ReturnStatus`, `ProviderOrders`, `ReferralDate`, `TimeFrame`, `DaystoActivation`, `Activation`, `ActivationDate`, `PilotGroup`, `referredbysource`, `RequestCreatedate` as `C1`, `ActivationDate` as ` ..."
34,"SELECT DISTINCT r.referralid, r.leadid, l.hmcprospectid, hmcr.hmcrequestid, l.externalidentifier AS ygl_lead_id, r.providerid, r.billingtypeid, referralstatustypeid, referredon, r.activatedon, CAST(r.activatedon AS DATE) AS activatedondate, CASE WHEN NOT r.activatedon IS NULL THEN ? ELSE ? END AS activations, CASE WHEN NOT hmcl.hottransferred IS NULL THEN ? ELSE ? END AS ht, CASE WHEN r.istopoff = ? THEN ? ELSE ? END AS topoffqueue, CASE WHEN r.addontypeid = ? THEN ? WHEN r.addontypeid = ? THEN ? WHEN r.addontypeid = ? THEN ? ELSE NULL END AS addontype, CASE WHEN r.addontypeid IN (?) THEN ? EL ...","select `ReferralID`, `LeadID`, `HMCProspectID`, `HMCRequestID`, `YGL_Lead_ID`, `ProviderID`, `BillingTypeID`, `ReferralStatusTypeID`, `ReferredOn`, `activatedon`, `ActivatedOnDate`, `Activations`, `HT`, `TopOffQueue`, `AddOnType`, `AddOn`, `CreatedOn`, cast(`ReturnApproved` as BIGINT) as `C2`, `HMCL ..."
33,"WITH cte AS (SELECT r.region_id AS regionid, r.region_name AS regionname, zr.zip5 FROM main.prod_ygl_apfm.zip_region AS zr JOIN main.prod_ygl_apfm.region AS r ON r.region_id = zr.region_id JOIN main.prod_ygl_apfm.region_use AS ru ON ru.region_id = zr.region_id AND ru.region_type_code = zr.region_type_code WHERE ru.region_type_code = ? AND r.region_name = ? AND r.active = ? AND zr._fivetran_deleted = FALSE AND r._fivetran_deleted = FALSE AND ru._fivetran_deleted = FALSE ORDER BY r.region_id, zr.zip5), cte1 AS (SELECT CAST(hmcr.createdate AS DATE) AS requestcreatedate, hmcr.hmcrequestid, CASE WH ...","select * from ( with cte1 as( WITH CTE AS( SELECT r.region_id AS regionId, r.region_name AS regionName, zr.zip5 FROM main.prod_ygl_apfm.zip_region AS zr JOIN main.prod_ygl_apfm.region AS r ON r.region_id = zr.region_id JOIN main.prod_ygl_apfm.region_use ru ON ru.region_id = zr.region_id AND ru.regio ..."
33,"WITH cte AS (SELECT cph.providerid, p.name AS providername, cph.orderid, ost.name AS orderstatus, osrt.name AS orderstatusreason, MIN(cph.date) AS firstactive, MAX(cph.date) AS lastactive FROM main.prod_homecare_acreporting_reporting.cartproviderhistory AS cph LEFT JOIN main.prod_homecare_actransactional_organization.provider AS p ON p.providerid = cph.providerid LEFT JOIN main.prod_homecare_actransactional_ordermanagement.order AS o ON o.orderid = cph.orderid LEFT JOIN main.prod_homecare_actransactional_ordermanagement.orderstatusreasontype AS osrt ON osrt.orderstatusreasontypeid = o.ordersta ...","select * from ( WITH CTE1 AS( WITH CTE AS( Select cph.providerid ,p.name ProviderName ,cph.orderid ,ost.name OrderStatus ,osrt.name OrderStatusReason ,min(cph.date) FirstActive ,max(cph.date) LastActive FROM main.prod_homecare_acreporting_reporting.cartproviderhistory cph left join main.prod_homecar ..."
32,"SELECT cp.providerid, overnighthourlyrate, startinghourlyrate, liveinrate, weekendhourlyrate, oncallhourlyrate, profileratesmodifiedon, firstname + ? + lastname, profileratesmodifiedby, sfrecordid FROM prod_homecare_actransactional_organization.providerclientrequirement AS cp JOIN prod_homecare_actransactional_organization.provider AS p ON p.providerid = cp.providerid LEFT JOIN prod_homecare_actransactional_auth.users AS u ON u.userid = profileratesmodifiedby WHERE cp.providerid IN (?)","select * from ( SELECT cp.ProviderID ,OvernightHourlyRate ,StartingHourlyRate ,LiveInRate ,WeekendHourlyRate ,OnCallHourlyRate ,ProfileRatesModifiedOn ,firstname + ' ' +lastname ,ProfileRatesModifiedBy ,SfRecordId FROM prod_homecare_actransactional_organization.providerclientrequirement cp JOIN prod ..."
32,"SELECT * FROM (SELECT DISTINCT p.providerid, p.name AS providername, po.name AS org, CASE WHEN LOWER(p.name) LIKE ? OR p.providerorganizationid IN (?) THEN ? ELSE ? END AS group FROM main.prod_homecare_actransactional_organization.provider AS p JOIN main.prod_homecare_actransactional_organization.providerorganization AS po ON po.providerorganizationid = p.providerorganizationid WHERE p.providerorganizationid IN (?) OR LOWER(p.name) LIKE ?) AS _ WHERE ? = ?","select * from ( Select Distinct p.providerid ,p.name ProviderName ,po.Name Org ,case when lower(p.name) like 'housework%' or p.providerorganizationid in (122,128) then 'Pilot' else 'Main' end group FROM main.prod_homecare_actransactional_organization.provider p JOIN main.prod_homecare_actransactiona ..."
32,"SELECT * FROM (SELECT DISTINCT ref.referralid, CAST(ref.referredon AS DATE) AS referredon, ref.providerid, rr.returnapproved, CAST(rr.createdon AS DATE) AS returncreatedate, hcc.homecarechargeid, hcc.amount, p.providerorganizationid, CAST(hcc.createdon AS DATE) AS chargecreatedate FROM main.prod_homecare_actransactional_homecare.referral AS ref LEFT JOIN main.prod_homecare_actransactional_homecare.referralreturnrequest AS rr ON rr.referralid = ref.referralid LEFT JOIN main.prod_homecare_actransactional_billing.homecarecharge AS hcc ON hcc.referralid = ref.referralid LEFT JOIN main.prod_homecar ...","select * from ( Select DISTINCT ref.referralid ,date(ref.referredon) Referredon ,ref.providerid ,rr.returnapproved ,date(rr.createdon) ReturnCreateDate ,hcc.homecarechargeid ,hcc.amount ,p.providerorganizationid ,date(hcc.createdon) ChargeCreateDate FROM main.prod_homecare_actransactional_homecare.r ..."
30,"SELECT DISTINCT p.providerid, p.name AS providername, po.name AS org, CASE WHEN LOWER(p.name) LIKE ? OR p.providerorganizationid IN (?) THEN ? ELSE ? END AS group FROM main.prod_homecare_actransactional_organization.provider AS p JOIN main.prod_homecare_actransactional_organization.providerorganization AS po ON po.providerorganizationid = p.providerorganizationid WHERE p.providerorganizationid IN (?) OR LOWER(p.name) LIKE ?","select `providerid`, `ProviderName`, `Org`, `group` from ( Select Distinct p.providerid ,p.name ProviderName ,po.Name Org ,case when lower(p.name) like 'housework%' or p.providerorganizationid in (122,128) then 'Pilot' else 'Main' end group FROM main.prod_homecare_actransactional_organization.provid ..."
30,"SELECT DISTINCT ref.referralid, CAST(ref.referredon AS DATE) AS referredon, ref.providerid, rr.returnapproved, CAST(rr.createdon AS DATE) AS returncreatedate, hcc.homecarechargeid, hcc.amount, p.providerorganizationid, CAST(hcc.createdon AS DATE) AS chargecreatedate FROM main.prod_homecare_actransactional_homecare.referral AS ref LEFT JOIN main.prod_homecare_actransactional_homecare.referralreturnrequest AS rr ON rr.referralid = ref.referralid LEFT JOIN main.prod_homecare_actransactional_billing.homecarecharge AS hcc ON hcc.referralid = ref.referralid LEFT JOIN main.prod_homecare_actransaction ...","select `referralid`, `Referredon`, `providerid`, cast(`returnapproved` as BIGINT) as `C1`, `ReturnCreateDate`, `homecarechargeid`, `amount`, `providerorganizationid`, `ChargeCreateDate` from ( Select DISTINCT ref.referralid ,date(ref.referredon) Referredon ,ref.providerid ,rr.returnapproved ,date(rr ..."
29,"WITH cte AS (SELECT cph.providerid, cph.orderid, MIN(cph.date) AS firstactive, MAX(cph.date) AS lastactive FROM main.prod_homecare_acreporting_reporting.cartproviderhistory AS cph JOIN main.prod_homecare_actransactional_organization.provider AS p ON p.providerid = cph.providerid WHERE p.providerorganizationid = ? AND (cph.orderstatusreason = ? OR cph.orderstatus IN (?)) GROUP BY ?, ?), ctea AS (SELECT cte.providerid, fromdate, resumedate FROM cte JOIN main.prod_homecare_actransactional_organization.pausereferralrequest AS p ON p.providerid = cte.providerid WHERE approved = TRUE AND CAST(CURREN ...","select * from ( WITH CTE AS( Select cph.providerid ,cph.orderid ,min(cph.date) FirstActive ,max(cph.date) LastActive FROM main.prod_homecare_acreporting_reporting.cartproviderhistory cph JOIN main.prod_homecare_actransactional_organization.provider p on p.providerid = cph.providerid WHERE p.provider ..."
29,"WITH cte AS (SELECT rh.referralid, rh.leadid, rh.activatedon, rh.startedcareon, rh.endedcareon, rh.sysstarttime, ROW_NUMBER() OVER (PARTITION BY rh.referralid ORDER BY rh.sysstarttime DESC) AS rn, ref.endedcareon AS endedcareonfinal, ref.sysstarttime AS sysstarttimefinal FROM prod_homecare_acreporting_reporting.factreferralhistory AS rh JOIN prod_homecare_actransactional_homecare.referral AS ref ON rh.referralid = ref.referralid), cte1 AS (SELECT referralid, leadid, activatedon, startedcareon, endedcareon, sysstarttime, endedcareonfinal, sysstarttimefinal, ROW_NUMBER() OVER (PARTITION BY refer ...","select `OTBL`.`referralbillingid`, `OTBL`.`sysendtime`, `OTBL`.`providerid`, `OTBL`.`createdby`, `OTBL`.`modifiedon`, `OTBL`.`reportedon`, `OTBL`.`rate`, `OTBL`.`amount`, `OTBL`.`billingperiodid`, `OTBL`.`modifiedby`, `OTBL`.`invoicedon`, `OTBL`.`sysstarttime`, `OTBL`.`referralid`, `OTBL`.`createdon ..."
28,"WITH cte AS (SELECT DISTINCT hmcr.hmcrequestid, hmcr.hmcprospectid, hmcr.postalcode, hmcr.affiliateid, hmcr.affiliateinquiryid, apfm.lt_form_submit_channel, CASE WHEN hmcr.customflow = ? THEN ? ELSE ? END AS flow, CASE WHEN hmcr.affiliateid IN (?) THEN ? WHEN hmcr.affiliateid = ? THEN ? WHEN hmcr.affiliateid IN (?) THEN ? WHEN hmcr.affiliateid = ? THEN ? WHEN hmcr.affiliateid = ? THEN ? WHEN hmcr.affiliateid IN (?) THEN ? WHEN hmcr.affiliateid IN (?) THEN ? WHEN hmcr.url LIKE ? OR hmcr.url LIKE ? OR hmcr.url LIKE ? THEN ? WHEN hmcr.url LIKE ? OR hmcr.affiliateid = ? THEN ? WHEN hmcr.affiliatei ...","select `HMCRequestID`, `HMCProspectID`, `Flow`, `lastoutcomeid`, `affiliateID`, `Channel`, `IsDJ`, `DJStep`, `djstepid`, `DJType`, `Source`, `formname`, `TimeID`, `SiteSection`, `SEMForm`, `EmailType`, `RequestDateTime`, `RequestStatusID`, `Lead`, `LSTF`, `RL`, cast(round(cast(`CampaignID` as DOUBLE ..."
27,"WITH cte AS (SELECT cph.providerid, cph.orderid, MIN(cph.date) AS firstactive, MAX(cph.date) AS lastactive FROM main.prod_homecare_acreporting_reporting.cartproviderhistory AS cph JOIN main.prod_homecare_actransactional_organization.provider AS p ON p.providerid = cph.providerid WHERE p.providerorganizationid = ? AND (cph.orderstatusreason = ? OR cph.orderstatus IN (?)) GROUP BY ?, ?), ctea AS (SELECT cte.providerid, fromdate, resumedate FROM cte JOIN main.prod_homecare_actransactional_organization.pausereferralrequest AS p ON p.providerid = cte.providerid WHERE approved = TRUE AND CAST(CURREN ...","select `ProviderID`, `OrderID`, `FirstActive`, `LastActive`, `OrderStatus`, `OrderReason`, `resumedate`, `monthlycap` from ( WITH CTE AS( Select cph.providerid ,cph.orderid ,min(cph.date) FirstActive ,max(cph.date) LastActive FROM main.prod_homecare_acreporting_reporting.cartproviderhistory cph JOIN ..."
27,"SELECT * FROM (SELECT c.id AS caseid, c.type, c.status, CAST(c.created_date AS DATE) AS casecreatedate, CAST(c.closed_date AS DATE) AS caseclosedate, c.origin, c.initial_onboarding_c, c.service_area_set_up_guide_c, c.the_art_of_conversion_c, c.rise_above_c, c.nurturing_for_results_c, c.portal_proficiency_c, c.catered_follow_up_c, c.hmc_ob_outreach_attempts_c, c.apfm_internal_onboarding_comments_c, u.name AS csm, CASE WHEN u.name IN (?) THEN ? ELSE u.name END AS csmgroup, c.account_id, c.first_activation_c AS firstactivation, CASE WHEN NOT c.initial_onboarding_c IS NULL THEN ? ELSE ? END AS ini ...","select * from ( Select c.id CaseID ,c.type ,c.status ,date(c.created_date) CaseCreateDate ,date(c.closed_date) CaseCloseDate ,c.origin ,c.initial_onboarding_c ,c.service_area_set_up_guide_c ,c.the_art_of_conversion_c ,c.rise_above_c ,c.nurturing_for_results_c ,c.portal_proficiency_c ,c.catered_follo ..."
26,"SELECT * FROM (SELECT DISTINCT cph.providerid, cph.orderid, cph.orderstatus, cph.orderstatusreason, cph.date, CONCAT(cph.providerid, ?, cph.orderid) AS providerorderid, p.providerorganizationid, CASE WHEN orderstatusreason = ? OR orderstatus IN (?) THEN ? WHEN orderstatus = ? THEN ? ELSE ? END AS status FROM main.prod_homecare_acreporting_reporting.cartproviderhistory AS cph LEFT JOIN main.prod_homecare_actransactional_organization.provider AS p ON cph.providerid = p.providerid WHERE cph.date >= DATE_TRUNC('YEAR', CURRENT_TIMESTAMP()) AND cph.contracttype IN (?) AND cph.orderstatus <> ? ORDER  ...","select * from ( Select distinct cph.providerid ,cph.orderid ,cph.orderstatus ,cph.orderstatusreason ,cph.date ,concat(cph.providerid, ""-"", cph.orderid) ProviderOrderID ,p.providerorganizationid ,case when orderstatusreason = 'Monthly Cap Reached' or orderstatus in ('Active', 'Paused') then ""Active+"" ..."
25,"WITH cte AS (SELECT CASE WHEN agentname = ? THEN ? ELSE agentname END AS agentname, manager, powerbi name FROM main.reporting.hcam_staffing WHERE NOT manager IS NULL), ctea AS (SELECT DISTINCT o.id, o.name AS opportunityname, CAST(o.created_date AS DATE) AS createddate, o.close_date, o.is_won, o.is_closed, o.stage_name AS currentstage, u.name AS hcam, o.account_id, oh.old_value, oh.new_value FROM cte JOIN main.community_salesforce.user AS u ON u.name = cte.agentname JOIN main.community_salesforce.opportunity AS o ON o.owner_id = u.id JOIN main.community_salesforce.opportunity_field_history AS  ...","select * from ( WITH CTE AS( Select CASE WHEN AgentName = 'Karen Isaak' then 'Karen isaak' else AgentName end AgentName ,Manager ,`PowerBI Name` FROM main.reporting.hcam_staffing where Manager is not null ) ,CTEA AS ( Select DISTINCT o.id ,o.name OpportunityName ,date(o.created_date) CreatedDate ,o. ..."
25,"SELECT * FROM (SELECT DISTINCT ref.referralid, CAST(ref.referredon AS DATE) AS referredon, ref.providerid, rr.returnapproved, CAST(rr.createdon AS DATE) AS returncreatedate, hcc.homecarechargeid, hcc.amount, CAST(hcc.createdon AS DATE) AS chargecreatedate FROM main.prod_homecare_actransactional_homecare.referral AS ref LEFT JOIN main.prod_homecare_actransactional_homecare.referralreturnrequest AS rr ON rr.referralid = ref.referralid LEFT JOIN main.prod_homecare_actransactional_billing.homecarecharge AS hcc ON hcc.referralid = ref.referralid LEFT JOIN main.prod_homecare_actransactional_organiza ...","select * from ( Select DISTINCT ref.referralid ,date(ref.referredon) Referredon ,ref.providerid ,rr.returnapproved ,date(rr.createdon) ReturnCreateDate ,hcc.homecarechargeid ,hcc.amount ,date(hcc.createdon) ChargeCreateDate FROM main.prod_homecare_actransactional_homecare.referral ref LEFT JOIN main ..."
24,"SELECT DISTINCT cph.providerid, cph.orderid, cph.orderstatus, cph.orderstatusreason, cph.date, CONCAT(cph.providerid, ?, cph.orderid) AS providerorderid, p.providerorganizationid, CASE WHEN orderstatusreason = ? OR orderstatus IN (?) THEN ? WHEN orderstatus = ? THEN ? ELSE ? END AS status FROM main.prod_homecare_acreporting_reporting.cartproviderhistory AS cph LEFT JOIN main.prod_homecare_actransactional_organization.provider AS p ON cph.providerid = p.providerid WHERE cph.date >= DATE_TRUNC('YEAR', CURRENT_TIMESTAMP()) AND cph.contracttype IN (?) AND cph.orderstatus <> ? ORDER BY date ASC","select `providerid`, `orderid`, `orderstatus`, `orderstatusreason`, `date`, `ProviderOrderID`, `providerorganizationid`, `Status` from ( Select distinct cph.providerid ,cph.orderid ,cph.orderstatus ,cph.orderstatusreason ,cph.date ,concat(cph.providerid, ""-"", cph.orderid) ProviderOrderID ,p.provider ..."
23,"WITH cte AS (SELECT cph.providerid, cph.orderid, MAX(cph.date) AS lastactive, MIN(cph.date) AS firstactive FROM main.prod_homecare_acreporting_reporting.cartproviderhistory AS cph WHERE (cph.orderstatusreason = ? OR cph.orderstatus IN (?)) AND cph.contracttype = ? GROUP BY ?, ?), ctea AS (SELECT DISTINCT cph.providerid, cph.orderid, cph.orderstatus, cph.orderstatusreason FROM main.prod_homecare_acreporting_reporting.cartproviderhistory AS cph WHERE date = CAST(CURRENT_TIMESTAMP() AS DATE)), cteb1 AS (SELECT r.region_id AS regionid, r.region_name AS regionname, zr.zip5 FROM main.prod_ygl_apfm.z ...","select * from ( WITH CTE AS( Select cph.providerid ,cph.orderid ,max(cph.date) LastActive ,min(cph.date) FirstActive FROM main.prod_homecare_acreporting_reporting.cartproviderhistory cph WHERE (cph.orderstatusreason = 'Monthly Cap Reached' or cph.orderstatus in ('Active', 'Paused')) and cph.contract ..."
23,"WITH cte AS (SELECT cph.providerid, p.name AS providername, cph.orderid, ost.name AS orderstatus, osrt.name AS orderstatusreason, MIN(cph.date) AS firstactive, MAX(cph.date) AS lastactive FROM main.prod_homecare_acreporting_reporting.cartproviderhistory AS cph LEFT JOIN main.prod_homecare_actransactional_organization.provider AS p ON p.providerid = cph.providerid LEFT JOIN main.prod_homecare_actransactional_ordermanagement.order AS o ON o.orderid = cph.orderid LEFT JOIN main.prod_homecare_actransactional_ordermanagement.orderstatusreasontype AS osrt ON osrt.orderstatusreasontypeid = o.ordersta ...","select * from ( WITH CTE1 AS( WITH CTE AS( Select cph.providerid ,p.name ProviderName ,cph.orderid ,ost.name OrderStatus ,osrt.name OrderStatusReason ,min(cph.date) FirstActive ,max(cph.date) LastActive FROM main.prod_homecare_acreporting_reporting.cartproviderhistory cph left join main.prod_homecar ..."
23,"SELECT * FROM (SELECT a.hmc_cart_provider_id_c AS providerid, a.id AS sf_accountid, u.name AS csm FROM main.community_salesforce.account AS a LEFT JOIN main.community_salesforce.user AS u ON u.id = a.hmc_csm_assignee_c WHERE NOT a.hmc_cart_provider_id_c IS NULL AND NOT u.name IS NULL) AS _ WHERE ? = ?","select * from ( Select a.hmc_cart_provider_id_c ProviderID ,a.id SF_AccountID ,u.name CSM FROM main.community_salesforce.account a LEFT JOIN main.community_salesforce.user u on u.id = a.hmc_csm_assignee_c where a.hmc_cart_provider_id_c is not null and u.name is not null ) as `_` where 0 = 1"
22,"WITH cte AS (SELECT cph.providerid, cph.orderid, MAX(cph.date) AS lastactive, MIN(cph.date) AS firstactive FROM main.prod_homecare_acreporting_reporting.cartproviderhistory AS cph WHERE (cph.orderstatusreason = ? OR cph.orderstatus IN (?)) AND cph.contracttype = ? GROUP BY ?, ?), ctea AS (SELECT DISTINCT cph.providerid, cph.orderid, cph.orderstatus, cph.orderstatusreason FROM main.prod_homecare_acreporting_reporting.cartproviderhistory AS cph WHERE date = CAST(CURRENT_TIMESTAMP() AS DATE)), cteb1 AS (SELECT r.region_id AS regionid, r.region_name AS regionname, zr.zip5 FROM main.prod_ygl_apfm.z ...","select * from ( WITH CTE AS( Select cph.providerid ,cph.orderid ,max(cph.date) LastActive ,min(cph.date) FirstActive FROM main.prod_homecare_acreporting_reporting.cartproviderhistory cph WHERE (cph.orderstatusreason = 'Monthly Cap Reached' or cph.orderstatus in ('Active', 'Paused')) and cph.contract ..."
22,"SELECT DISTINCT ref.referralid, CAST(ref.referredon AS DATE) AS referredon, ref.providerid, rr.returnapproved, CAST(rr.createdon AS DATE) AS returncreatedate, hcc.homecarechargeid, hcc.amount, CAST(hcc.createdon AS DATE) AS chargecreatedate FROM main.prod_homecare_actransactional_homecare.referral AS ref LEFT JOIN main.prod_homecare_actransactional_homecare.referralreturnrequest AS rr ON rr.referralid = ref.referralid LEFT JOIN main.prod_homecare_actransactional_billing.homecarecharge AS hcc ON hcc.referralid = ref.referralid LEFT JOIN main.prod_homecare_actransactional_organization.provider A ...","select `referralid`, `Referredon`, `providerid`, `returnapproved`, `ReturnCreateDate`, `homecarechargeid`, `amount`, `ChargeCreateDate` from ( Select DISTINCT ref.referralid ,date(ref.referredon) Referredon ,ref.providerid ,rr.returnapproved ,date(rr.createdon) ReturnCreateDate ,hcc.homecarechargeid ..."
22,"WITH cte AS (SELECT cph.providerid, p.name AS providername, cph.orderid, ost.name AS orderstatus, osrt.name AS orderstatusreason, MIN(cph.date) AS firstactive, MAX(cph.date) AS lastactive FROM main.prod_homecare_acreporting_reporting.cartproviderhistory AS cph LEFT JOIN main.prod_homecare_actransactional_organization.provider AS p ON p.providerid = cph.providerid LEFT JOIN main.prod_homecare_actransactional_ordermanagement.order AS o ON o.orderid = cph.orderid LEFT JOIN main.prod_homecare_actransactional_ordermanagement.orderstatusreasontype AS osrt ON osrt.orderstatusreasontypeid = o.ordersta ...","select `ProviderID`, `ProviderName`, `OrderID`, `FirstActive`, `LastActive`, `OrderStatus`, `OrderStatusReason`, `ProviderOrderID`, `Status`, `Org` from ( WITH CTE1 AS( WITH CTE AS( Select cph.providerid ,p.name ProviderName ,cph.orderid ,ost.name OrderStatus ,osrt.name OrderStatusReason ,min(cph.da ..."
22,"WITH cte AS (SELECT DISTINCT date, DATE_FORMAT(cph.date, ?) AS monthyear, monthlysent, monthlycap FROM main.prod_homecare_acreporting_reporting.cartproviderhistory AS cph WHERE cph.orderid = ? AND date >= ? AND (date = LAST_DAY(date) OR date = CAST(CURRENT_TIMESTAMP() AS DATE))), cte1 AS (SELECT DISTINCT cph.date, DATE_FORMAT(cph.date, ?) AS monthyear, CASE WHEN cte.date = LAST_DAY(cte.date) THEN cte.monthlysent ELSE cte.monthlycap END AS hicap FROM cte LEFT JOIN main.prod_homecare_acreporting_reporting.cartproviderhistory AS cph ON YEAR(cte.date) = YEAR(cph.date) AND IF(DAY(cte.date) >= ?, (D ...","select * from ( WITH CTE2 AS( WITH CTE1 AS( WITH CTE AS ( Select Distinct date ,date_format( cph.date, 'MMyyyy') MonthYear ,monthlysent ,monthlycap FROM main.prod_homecare_acreporting_reporting.cartproviderhistory cph WHERE cph.orderid = 2774 and date >= '2025' and (date = last_day(date) or date= da ..."
22,"WITH cte AS (SELECT r.region_id AS regionid, r.region_name AS regionname, zr.zip5 FROM main.prod_ygl_apfm.zip_region AS zr JOIN main.prod_ygl_apfm.region AS r ON r.region_id = zr.region_id JOIN main.prod_ygl_apfm.region_use AS ru ON ru.region_id = zr.region_id AND ru.region_type_code = zr.region_type_code WHERE ru.region_type_code = ? AND r.region_name = ? AND r.active = ? AND zr._fivetran_deleted = FALSE AND r._fivetran_deleted = FALSE AND ru._fivetran_deleted = FALSE ORDER BY r.region_id, zr.zip5) SELECT * FROM (SELECT CAST(hmcr.createdate AS DATE) AS requestcreatedate, hmcr.hmcrequestid, CA ...","select * from ( WITH CTE AS( SELECT r.region_id AS regionId, r.region_name AS regionName, zr.zip5 FROM main.prod_ygl_apfm.zip_region AS zr JOIN main.prod_ygl_apfm.region AS r ON r.region_id = zr.region_id JOIN main.prod_ygl_apfm.region_use ru ON ru.region_id = zr.region_id AND ru.region_type_code =  ..."
21,"WITH cte AS (SELECT cph.providerid, cph.orderid, MAX(cph.date) AS lastactive, MIN(cph.date) AS firstactive FROM main.prod_homecare_acreporting_reporting.cartproviderhistory AS cph WHERE (cph.orderstatusreason = ? OR cph.orderstatus IN (?)) AND cph.contracttype = ? GROUP BY ?, ?), ctea AS (SELECT DISTINCT cph.providerid, cph.orderid, cph.orderstatus, cph.orderstatusreason FROM main.prod_homecare_acreporting_reporting.cartproviderhistory AS cph WHERE date = CAST(CURRENT_TIMESTAMP() AS DATE)), cteb1 AS (SELECT r.region_id AS regionid, r.region_name AS regionname, zr.zip5 FROM main.prod_ygl_apfm.z ...","select `ProviderID`, `OrderID`, `ProviderOrders`, `FirstActive`, `LastActive`, `ProviderName`, `Org`, `OrderStatus`, `OrderStatusReason`, `ProviderCoverage` from ( WITH CTE AS( Select cph.providerid ,cph.orderid ,max(cph.date) LastActive ,min(cph.date) FirstActive FROM main.prod_homecare_acreporting ..."
21,"WITH cte AS (SELECT calllogid, agentname, timestamp, agent, LAG(timestamp) OVER (PARTITION BY agentname, CAST(timestamp AS DATE) ORDER BY timestamp) AS lagtimestamp FROM prod_homecare_acreporting_import.five9dailycalllogs WHERE timestamp >= ? AND agentgroup = ?) SELECT * FROM (SELECT agentname, CAST(timestamp AS DATE) AS date, timestamp, calllogid, lagtimestamp, CASE WHEN agentname = ? THEN ? WHEN agentname = ? THEN ? WHEN agentname = ? THEN ? WHEN agentname = ? THEN ? ELSE LOWER(CONCAT(LEFT(agent, LOCATE(?, agent) - ?), SUBSTRING(agent, LOCATE(?, agent) + ?, ?))) END AS name_join, date, DATE_ ...","select * from ( WITH CTE AS ( Select calllogid ,agentname ,timestamp ,agent , lag(timestamp) over(partition by agentname, cast(timestamp as date) order by timestamp) as LagTimeStamp FROM prod_homecare_acreporting_import.five9dailycalllogs where timestamp >='2025-06-01' and agentgroup = 'AC Care Advi ..."
20,"WITH cte AS (SELECT cph.providerid, cph.orderid, MAX(cph.date) AS lastactive, MIN(cph.date) AS firstactive FROM main.prod_homecare_acreporting_reporting.cartproviderhistory AS cph WHERE (cph.orderstatusreason = ? OR cph.orderstatus IN (?)) AND cph.contracttype = ? GROUP BY ?, ?), ctea AS (SELECT DISTINCT cph.providerid, cph.orderid, cph.orderstatus, cph.orderstatusreason FROM main.prod_homecare_acreporting_reporting.cartproviderhistory AS cph WHERE date = CAST(CURRENT_TIMESTAMP() AS DATE)), cteb1 AS (SELECT r.region_id AS regionid, r.region_name AS regionname, zr.zip5 FROM main.prod_ygl_apfm.z ...","select `ProviderID`, `OrderID`, `ProviderOrders`, `FirstActive`, `LastActive`, `ProviderName`, `Org`, `OrderStatus`, `OrderStatusReason`, `ProviderCoverage`, `DaysActive`, `Status` from ( WITH CTE AS( Select cph.providerid ,cph.orderid ,max(cph.date) LastActive ,min(cph.date) FirstActive FROM main.p ..."
20,"WITH cte AS (SELECT DATE_FORMAT(cph.date, ?) AS monthyear, CONCAT(cph.providerid, ?, cph.orderid) AS providerorderid, cph.orderstatus, cph.orderstatusreason FROM main.prod_homecare_acreporting_reporting.cartproviderhistory AS cph WHERE (cph.date = LAST_DAY(cph.date) OR cph.date = CAST(CURRENT_TIMESTAMP() AS DATE)) AND cph.date >= ?) SELECT * FROM (SELECT cte.monthyear, cte.providerorderid, cte.orderstatus, cte.orderstatusreason, CASE WHEN (cte.orderstatusreason = ? OR cte.orderstatus IN (?)) THEN ? WHEN cte.orderstatus = ? THEN ? ELSE ? END AS status FROM cte) AS _ WHERE ? = ?","select * from ( WITH CTE AS( Select date_format(cph.date, 'yyyyMM') MonthYear ,concat(cph.providerid, '-', cph.orderid) ProviderOrderID ,cph.orderstatus ,cph.orderstatusreason FROM main.prod_homecare_acreporting_reporting.cartproviderhistory cph where (cph.date = last_day(cph.date) or cph.date = dat ..."
19,"WITH cte AS (SELECT cph.providerid, p.name AS providername, cph.orderid, ost.name AS orderstatus, osrt.name AS orderstatusreason, MIN(cph.date) AS firstactive, MAX(cph.date) AS lastactive FROM main.prod_homecare_acreporting_reporting.cartproviderhistory AS cph LEFT JOIN main.prod_homecare_actransactional_organization.provider AS p ON p.providerid = cph.providerid LEFT JOIN main.prod_homecare_actransactional_ordermanagement.order AS o ON o.orderid = cph.orderid LEFT JOIN main.prod_homecare_actransactional_ordermanagement.orderstatusreasontype AS osrt ON osrt.orderstatusreasontypeid = o.ordersta ...","select `ProviderID`, `ProviderName`, `OrderID`, `FirstActive`, `LastActive`, `OrderStatus`, `OrderStatusReason`, `ProviderOrderID`, `Status` from ( WITH CTE1 AS( WITH CTE AS( Select cph.providerid ,p.name ProviderName ,cph.orderid ,ost.name OrderStatus ,osrt.name OrderStatusReason ,min(cph.date) Fir ..."
19,"WITH cte AS (SELECT hmcr.hmcrequestid, ref.referralid, ref.providerid, CAST(ref.referredon AS DATE) AS referraldate, ref.returnapproved, ref.activatedon, CASE WHEN NOT ref.activatedon IS NULL THEN ? ELSE ? END AS activation FROM main.prod_homecare_insite_directory.hmcrequest AS hmcr JOIN main.prod_homecare_insite_directory.hmclead AS hmcl ON hmcl.hmcrequestid = hmcr.hmcrequestid JOIN main.prod_homecare_actransactional_homecare.referral AS ref ON ref.hmcleadid = hmcl.hmcleadid LEFT JOIN main.prod_homecare_actransactional_organization.provider AS p ON p.providerid = ref.providerid WHERE p.provid ...","select * from ( WITH CTE AS( Select hmcr.hmcrequestid ,ref.referralid ,ref.providerid ,date(ref.referredon) ReferralDate ,ref.returnapproved ,ref.activatedon ,case when ref.activatedon is not null then ""Yes"" else ""No"" end Activation FROM main.prod_homecare_insite_directory.hmcrequest hmcr JOIN main. ..."
19,"WITH cte AS (SELECT calllogid, agentname, timestamp, agent, LAG(timestamp) OVER (PARTITION BY agentname, CAST(timestamp AS DATE) ORDER BY timestamp) AS lagtimestamp FROM prod_homecare_acreporting_import.five9dailycalllogs WHERE timestamp >= ? AND agentgroup = ?) SELECT agentname, CAST(timestamp AS DATE) AS date, timestamp, calllogid, lagtimestamp, CASE WHEN agentname = ? THEN ? WHEN agentname = ? THEN ? WHEN agentname = ? THEN ? WHEN agentname = ? THEN ? ELSE LOWER(CONCAT(LEFT(agent, LOCATE(?, agent) - ?), SUBSTRING(agent, LOCATE(?, agent) + ?, ?))) END AS name_join, date, DATE_FORMAT(timestam ...","select `AgentName`, `Date`, `timestamp`, `calllogid`, `LagTimeStamp`, `name_join`, `date`, `Time`, `CallGap` from ( WITH CTE AS ( Select calllogid ,agentname ,timestamp ,agent , lag(timestamp) over(partition by agentname, cast(timestamp as date) order by timestamp) as LagTimeStamp FROM prod_homecare ..."
18,"WITH cte AS (SELECT DATE_FORMAT(cph.date, ?) AS monthyear, CONCAT(cph.providerid, ?, cph.orderid) AS providerorderid, cph.orderstatus, cph.orderstatusreason FROM main.prod_homecare_acreporting_reporting.cartproviderhistory AS cph WHERE (cph.date = LAST_DAY(cph.date) OR cph.date = CAST(CURRENT_TIMESTAMP() AS DATE)) AND cph.date >= ?) SELECT cte.monthyear, cte.providerorderid, cte.orderstatus, cte.orderstatusreason, CASE WHEN (cte.orderstatusreason = ? OR cte.orderstatus IN (?)) THEN ? WHEN cte.orderstatus = ? THEN ? ELSE ? END AS status FROM cte","select `MonthYear`, `ProviderOrderID`, `OrderStatus`, `OrderStatusReason`, `Status` from ( WITH CTE AS( Select date_format(cph.date, 'yyyyMM') MonthYear ,concat(cph.providerid, '-', cph.orderid) ProviderOrderID ,cph.orderstatus ,cph.orderstatusreason FROM main.prod_homecare_acreporting_reporting.car ..."
18,"WITH cte AS (SELECT r.region_id AS regionid, r.region_name AS regionname, zr.zip5 FROM main.prod_ygl_apfm.zip_region AS zr JOIN main.prod_ygl_apfm.region AS r ON r.region_id = zr.region_id JOIN main.prod_ygl_apfm.region_use AS ru ON ru.region_id = zr.region_id AND ru.region_type_code = zr.region_type_code WHERE ru.region_type_code = ? AND r.region_name = ? AND r.active = ? AND zr._fivetran_deleted = FALSE AND r._fivetran_deleted = FALSE AND ru._fivetran_deleted = FALSE ORDER BY r.region_id, zr.zip5) SELECT CAST(hmcr.createdate AS DATE) AS requestcreatedate, hmcr.hmcrequestid, CASE WHEN hmcr.dj ...","select `RequestCreatedate`, `hmcrequestid`, `Referredby`, `referralid`, `ReturnStatus`, `ProviderOrders`, `ReferralDate`, `TimeFrame`, `Activation`, `ActivationDate`, `PilotGroup` from ( WITH CTE AS( SELECT r.region_id AS regionId, r.region_name AS regionName, zr.zip5 FROM main.prod_ygl_apfm.zip_reg ..."
18,"WITH cte AS (SELECT hmcr.hmcrequestid, ref.referralid, ref.providerid, CAST(ref.referredon AS DATE) AS referraldate, ref.returnapproved, ref.activatedon, CASE WHEN NOT ref.activatedon IS NULL THEN ? ELSE ? END AS activation FROM main.prod_homecare_insite_directory.hmcrequest AS hmcr JOIN main.prod_homecare_insite_directory.hmclead AS hmcl ON hmcl.hmcrequestid = hmcr.hmcrequestid JOIN main.prod_homecare_actransactional_homecare.referral AS ref ON ref.hmcleadid = hmcl.hmcleadid LEFT JOIN main.prod_homecare_actransactional_organization.provider AS p ON p.providerid = ref.providerid WHERE p.provid ...","select `HMCRequestID`, `Referralid`, `ProviderID`, `ReferralDate`, `ReturnApproved`, `ActivatedOn`, `Activation`, `MissedConversion` from ( WITH CTE AS( Select hmcr.hmcrequestid ,ref.referralid ,ref.providerid ,date(ref.referredon) ReferralDate ,ref.returnapproved ,ref.activatedon ,case when ref.act ..."
17,"WITH cte AS (SELECT r.region_id AS regionid, r.region_name AS regionname, zr.zip5 FROM main.prod_ygl_apfm.zip_region AS zr JOIN main.prod_ygl_apfm.region AS r ON r.region_id = zr.region_id JOIN main.prod_ygl_apfm.region_use AS ru ON ru.region_id = zr.region_id AND ru.region_type_code = zr.region_type_code WHERE ru.region_type_code = ? AND r.region_name = ? AND r.active = ? AND zr._fivetran_deleted = FALSE AND r._fivetran_deleted = FALSE AND ru._fivetran_deleted = FALSE ORDER BY r.region_id, zr.zip5), cte1 AS (SELECT CAST(hmcr.createdate AS DATE) AS requestcreatedate, hmcr.hmcrequestid, CASE WH ...","select * from ( with cte1 as( WITH CTE AS( SELECT r.region_id AS regionId, r.region_name AS regionName, zr.zip5 FROM main.prod_ygl_apfm.zip_region AS zr JOIN main.prod_ygl_apfm.region AS r ON r.region_id = zr.region_id JOIN main.prod_ygl_apfm.region_use ru ON ru.region_id = zr.region_id AND ru.regio ..."
17,"WITH cte AS (SELECT CASE WHEN agentname = ? THEN ? ELSE agentname END AS agentname, manager, powerbi name FROM main.reporting.hcam_staffing WHERE NOT manager IS NULL), ctea AS (SELECT DISTINCT o.id, o.name AS opportunityname, CAST(o.created_date AS DATE) AS createddate, o.close_date, o.is_won, o.is_closed, o.stage_name AS currentstage, u.name AS hcam, o.account_id, oh.old_value, oh.new_value FROM cte JOIN main.community_salesforce.user AS u ON u.name = cte.agentname JOIN main.community_salesforce.opportunity AS o ON o.owner_id = u.id JOIN main.community_salesforce.opportunity_field_history AS  ...","select `id`, `OpportunityName`, `CreatedDate`, `close_date`, `is_won`, `is_closed`, `Manager`, `PowerBI Name`, `CurrentStage`, `AgentName`, `account_id`, `New_to_Discovery` from ( WITH CTE AS( Select CASE WHEN AgentName = 'Karen Isaak' then 'Karen isaak' else AgentName end AgentName ,Manager ,`Power ..."
17,"SELECT c.id AS caseid, c.type, c.status, CAST(c.created_date AS DATE) AS casecreatedate, CAST(c.closed_date AS DATE) AS caseclosedate, c.origin, c.initial_onboarding_c, c.service_area_set_up_guide_c, c.the_art_of_conversion_c, c.rise_above_c, c.nurturing_for_results_c, c.portal_proficiency_c, c.catered_follow_up_c, c.hmc_ob_outreach_attempts_c, c.apfm_internal_onboarding_comments_c, u.name AS csm, CASE WHEN u.name IN (?) THEN ? ELSE u.name END AS csmgroup, c.account_id, c.first_activation_c AS firstactivation, CASE WHEN NOT c.initial_onboarding_c IS NULL THEN ? ELSE ? END AS initialonboarding, ...","select `CaseID`, `type`, `status`, `CaseCreateDate`, `CaseCloseDate`, `origin`, `initial_onboarding_c`, `service_area_set_up_guide_c`, `the_art_of_conversion_c`, `rise_above_c`, `nurturing_for_results_c`, `portal_proficiency_c`, `catered_follow_up_c`, `hmc_ob_outreach_attempts_c`, `apfm_internal_onb ..."
17,"SELECT a.hmc_cart_provider_id_c AS providerid, a.id AS sf_accountid, u.name AS csm FROM main.community_salesforce.account AS a LEFT JOIN main.community_salesforce.user AS u ON u.id = a.hmc_csm_assignee_c WHERE NOT a.hmc_cart_provider_id_c IS NULL AND NOT u.name IS NULL","select `ProviderID`, `SF_AccountID`, `CSM` from ( Select a.hmc_cart_provider_id_c ProviderID ,a.id SF_AccountID ,u.name CSM FROM main.community_salesforce.account a LEFT JOIN main.community_salesforce.user u on u.id = a.hmc_csm_assignee_c where a.hmc_cart_provider_id_c is not null and u.name is not  ..."
17,"WITH cte AS (SELECT calllogid, agentname, timestamp, LAG(timestamp) OVER (PARTITION BY agentname, CAST(timestamp AS DATE) ORDER BY timestamp) AS lagtimestamp FROM prod_homecare_acreporting_import.five9dailycalllogs WHERE timestamp >= ? AND agentgroup = ?) SELECT * FROM (SELECT agentname, CAST(timestamp AS DATE) AS date, timestamp, calllogid, lagtimestamp, date, DATE_FORMAT(timestamp, ?) AS time, TIMESTAMPDIFF(SECOND, CAST(lagtimestamp AS TIMESTAMP), timestamp) AS callgap FROM cte) AS _ WHERE ? = ?","select * from ( WITH CTE AS ( Select calllogid ,agentname ,timestamp , lag(timestamp) over(partition by agentname, cast(timestamp as date) order by timestamp) as LagTimeStamp FROM prod_homecare_acreporting_import.five9dailycalllogs where timestamp >='2025' and agentgroup = 'AC Care Advisors' ) Selec ..."
17,"SELECT * FROM (SELECT COUNT(DISTINCT t.id) AS tasks, u.name, CAST(t.created_date AS DATE) AS createdate FROM main.community_salesforce.task AS t JOIN main.community_salesforce.user AS u ON u.id = t.owner_id WHERE t.created_date >= ? GROUP BY ?, ?) AS _ WHERE ? = ?","select * from ( Select count(distinct t.id) Tasks ,u.name ,date(t.created_date) CreateDate FROM main.community_salesforce.task t JOIN main.community_salesforce.user u on u.id = t.owner_id WHERE t.created_date >= '2026' GROUP BY 2,3 ) as `_` where 0 = 1"
17,"WITH cte AS (SELECT CASE WHEN agentname = ? THEN ? ELSE agentname END AS agentname, manager, powerbi name FROM main.reporting.hcam_staffing WHERE NOT manager IS NULL), ctea AS (SELECT DISTINCT o.id, o.name AS opportunityname, CAST(o.created_date AS DATE) AS createddate, o.close_date, o.is_won, o.is_closed, o.stage_name AS currentstage, u.name AS hcam, o.account_id, oh.old_value, oh.new_value FROM cte JOIN main.community_salesforce.user AS u ON u.name = cte.agentname JOIN main.community_salesforce.opportunity AS o ON o.owner_id = u.id JOIN main.community_salesforce.opportunity_field_history AS  ...","select * from ( WITH CTE1 AS( WITH CTE AS( Select CASE WHEN AgentName = 'Karen Isaak' then 'Karen isaak' else AgentName end AgentName ,Manager ,`PowerBI Name` FROM main.reporting.hcam_staffing where Manager is not null ) ,CTEA AS ( Select DISTINCT o.id ,o.name OpportunityName ,date(o.created_date) C ..."
17,"WITH cte AS (SELECT o.id AS opportunityid, o.close_date, a.hmc_cart_provider_id_c AS providerid FROM main.community_salesforce.opportunity AS o JOIN main.community_salesforce.account AS a ON a.id = o.account_id WHERE o.is_won = TRUE AND o.close_date >= ?), ctea1 AS (SELECT cte.providerid, p.name AS providername, cph.orderid, cte.close_date, cph.date, cph.orderstatus, LAG(cph.orderstatus) OVER (PARTITION BY cte.providerid, cph.orderid ORDER BY cph.date) AS lag FROM cte LEFT JOIN main.prod_homecare_acreporting_reporting.cartproviderhistory AS cph ON cph.providerid = cte.providerid LEFT JOIN main ...","select * from ( WITH CTE5 AS( WITH CTE4 AS( WITH CTE3 AS( WITH CTE2 AS( WITH CTE1 AS( WITH CTE AS( Select o.id OpportunityID ,o.close_date ,a.hmc_cart_provider_id_c ProviderID FROM main.community_salesforce.opportunity o JOIN main.community_salesforce.account a on a.id = o.account_id WHERE o.is_won  ..."
16,"WITH cte AS (SELECT DISTINCT a.accountid, a.name AS accountname, ast.name AS accountstatus, a.iscorporateaccount, o.orderid, o.name AS ordername, ost.name AS orderstatus, osrt.name AS orderreason, CASE WHEN LOWER(o.name) LIKE ? OR LOWER(o.name) LIKE ? THEN ? ELSE ? END AS corporatenationalorder, p.providerid, CASE WHEN ost.name IN (?) OR osrt.name = ? THEN ? ELSE ? END AS status, p.name AS providername, pst.name AS yglproviderstatus, po.name AS organizationname FROM main.prod_homecare_actransactional_billing.account AS a LEFT JOIN main.prod_homecare_actransactional_ordermanagement.order AS o O ...","select * from ( WITH CTE AS( SELECT distinct a.accountid ,a.name AccountName ,ast.name AccountStatus ,a.iscorporateaccount ,o.orderid ,o.name OrderName ,ost.name OrderStatus ,osrt.name OrderReason ,case when lower(o.name) like '%corporate%' or lower(o.name) like '%national%' then 'Yes' else 'No' end ..."
16,"SELECT stateprovinceid, countryid, iso2code, name FROM prod_homecare_acreporting_reporting.dimstateprovince","select * from ( Select StateProvinceID ,CountryID ,Iso2Code ,Name FROM prod_homecare_acreporting_reporting.dimstateprovince ) as `_` limit 0"
16,"SELECT * FROM (SELECT c.id AS caseid, c.type, c.status, CAST(c.created_date AS DATE) AS casecreatedate, CAST(c.closed_date AS DATE) AS caseclosedate, c.origin, c.initial_onboarding_c, c.service_area_set_up_guide_c, c.the_art_of_conversion_c, c.rise_above_c, c.nurturing_for_results_c, c.portal_proficiency_c, c.catered_follow_up_c, c.hmc_ob_outreach_attempts_c, c.apfm_internal_onboarding_comments_c, u.name AS csm, c.account_id, a.hmc_cart_provider_id_c AS providerid FROM main.community_salesforce.case AS c LEFT JOIN main.community_salesforce.user AS u ON u.id = c.owner_id LEFT JOIN main.communit ...","select * from ( Select c.id CaseID ,c.type ,c.status ,date(c.created_date) CaseCreateDate ,date(c.closed_date) CaseCloseDate ,c.origin ,c.initial_onboarding_c ,c.service_area_set_up_guide_c ,c.the_art_of_conversion_c ,c.rise_above_c ,c.nurturing_for_results_c ,c.portal_proficiency_c ,c.catered_follo ..."
16,"SELECT hmcleadid, hmcprospectid, companyid, wholesaleid, createdate, sentdate, sendafterdate, providernote, hmcscreeningresultid, hottransferred, hmcrequestid, ispace FROM prod_hc1_insite_directory.hmclead WHERE createdate >= ?","select * from ( SELECT HMCLeadID ,HMCProspectID ,CompanyID ,WholesaleID ,CreateDate ,SentDate ,SendAfterDate ,ProviderNote ,HMCScreeningResultID ,HotTransferred ,HMCRequestID ,IsPace FROM prod_hc1_insite_directory.hmclead Where createdate >= '2024-01-01' ) as `_` limit 0"
16,"WITH cte AS (SELECT cph.providerid, cph.orderid, MIN(cph.date) AS firstactive, MAX(cph.date) AS lastactive FROM main.prod_homecare_acreporting_reporting.cartproviderhistory AS cph JOIN main.prod_homecare_actransactional_organization.provider AS p ON p.providerid = cph.providerid WHERE p.providerorganizationid = ? AND (cph.orderstatusreason = ? OR cph.orderstatus IN (?)) GROUP BY ?, ?), ctea AS (SELECT cte.providerid, fromdate, resumedate FROM cte JOIN main.prod_homecare_actransactional_organization.pausereferralrequest AS p ON p.providerid = cte.providerid WHERE approved = TRUE AND CAST(CURREN ...","select * from ( WITH CTE AS( Select cph.providerid ,cph.orderid ,min(cph.date) FirstActive ,max(cph.date) LastActive FROM main.prod_homecare_acreporting_reporting.cartproviderhistory cph JOIN main.prod_homecare_actransactional_organization.provider p on p.providerid = cph.providerid WHERE p.provider ..."
15,"WITH cte AS (SELECT r.region_id AS regionid, r.region_name AS regionname, zr.zip5 FROM main.prod_ygl_apfm.zip_region AS zr JOIN main.prod_ygl_apfm.region AS r ON r.region_id = zr.region_id JOIN main.prod_ygl_apfm.region_use AS ru ON ru.region_id = zr.region_id AND ru.region_type_code = zr.region_type_code WHERE ru.region_type_code = ? AND r.region_name = ? AND r.active = ? AND zr._fivetran_deleted = FALSE AND r._fivetran_deleted = FALSE AND ru._fivetran_deleted = FALSE ORDER BY r.region_id, zr.zip5), cte1 AS (SELECT CAST(hmcr.createdate AS DATE) AS requestcreatedate, hmcr.hmcrequestid, CASE WH ...","select `RequestCreatedate`, `hmcrequestid`, `Referredby`, `affiliateid`, `leadsource`, `referralid`, `requeststatusid`, `ReturnStatus`, `ProviderOrders`, `ReferralDate`, `TimeFrame`, `DaystoActivation`, `Activation`, `ActivationDate`, `PilotGroup`, `referredbysource`, `RequestCreatedate` as `C1`, `A ..."
15,"SELECT c.id AS caseid, c.type, c.status, CAST(c.created_date AS DATE) AS casecreatedate, CAST(c.closed_date AS DATE) AS caseclosedate, c.origin, c.initial_onboarding_c, c.service_area_set_up_guide_c, c.the_art_of_conversion_c, c.rise_above_c, c.nurturing_for_results_c, c.portal_proficiency_c, c.catered_follow_up_c, c.hmc_ob_outreach_attempts_c, c.apfm_internal_onboarding_comments_c, u.name AS csm, c.account_id, a.hmc_cart_provider_id_c AS providerid FROM main.community_salesforce.case AS c LEFT JOIN main.community_salesforce.user AS u ON u.id = c.owner_id LEFT JOIN main.community_salesforce.ac ...","select `CaseID`, `type`, `status`, `CaseCreateDate`, `CaseCloseDate`, `origin`, `initial_onboarding_c`, `service_area_set_up_guide_c`, `the_art_of_conversion_c`, `rise_above_c`, `nurturing_for_results_c`, `portal_proficiency_c`, `catered_follow_up_c`, `hmc_ob_outreach_attempts_c`, `apfm_internal_onb ..."
15,"WITH cte AS (SELECT COUNT(DISTINCT referralid) AS referrals, CAST(referredon AS DATE) AS referredon, DATE_FORMAT(referredon, ?) AS monthyearid, CASE WHEN p.providerorganizationid IS NULL THEN ? ELSE ? END AS org FROM prod_homecare_actransactional_homecare.referral AS ref LEFT JOIN main.prod_homecare_actransactional_organization.provider AS p ON p.providerid = ref.providerid WHERE NOT hmcleadid IS NULL AND ref.referredon >= ? AND ref.billingtypeid = ? GROUP BY ?, ?, ?), ctea AS (SELECT referredon, monthyearid, org, SUM(referrals) OVER (PARTITION BY monthyearid, org ORDER BY referredon) AS runni ...","select * from ( with cte as ( Select count(distinct referralid) Referrals ,date(Referredon) ReferredOn ,date_format(Referredon, 'yyyyMM') MonthYearID ,CASE WHEN p.providerorganizationid is null then ""Independent"" else ""Franchise"" END Org FROM prod_homecare_actransactional_homecare.referral ref LEFT  ..."
15,"WITH cte AS (SELECT cph.providerid, cph.orderid, MIN(cph.date) AS firstactivedate, MAX(cph.date) AS lastactivedate FROM main.prod_homecare_acreporting_reporting.cartproviderhistory AS cph WHERE (cph.orderstatusreason = ? OR cph.orderstatus IN (?)) GROUP BY ?, ?), cte1 AS (SELECT cte.providerid, p.name AS providername, cte.orderid, cte.firstactivedate, cte.lastactivedate, CAST(o.createdon AS DATE) AS ordercreatedate, CASE WHEN cph.orderstatus IS NULL THEN ost.name ELSE cph.orderstatus END AS currentorderstatus, CASE WHEN cph.orderstatusreason IS NULL THEN osrt.name ELSE cph.orderstatusreason EN ...","select * from ( WITH CTE1 AS( WITH CTE AS ( Select cph.providerid ,cph.orderid ,min(cph.date) FirstActiveDate ,max(cph.date) LastActiveDate FROM main.prod_homecare_acreporting_reporting.cartproviderhistory cph WHERE (cph.orderstatusreason = 'Monthly Cap Reached' or cph.orderstatus in ('Active', 'Pau ..."
14,"WITH cte AS (SELECT cph.providerid, cph.orderid, MIN(cph.date) AS firstactive, MAX(cph.date) AS lastactive FROM main.prod_homecare_acreporting_reporting.cartproviderhistory AS cph JOIN main.prod_homecare_actransactional_organization.provider AS p ON p.providerid = cph.providerid WHERE p.providerorganizationid = ? AND (cph.orderstatusreason = ? OR cph.orderstatus IN (?)) GROUP BY ?, ?), ctea AS (SELECT cte.providerid, fromdate, resumedate FROM cte JOIN main.prod_homecare_actransactional_organization.pausereferralrequest AS p ON p.providerid = cte.providerid WHERE approved = TRUE AND CAST(CURREN ...","select `ProviderID`, `OrderID`, `FirstActive`, `LastActive`, `OrderStatus`, `OrderReason`, `resumedate`, `monthlycap` from ( WITH CTE AS( Select cph.providerid ,cph.orderid ,min(cph.date) FirstActive ,max(cph.date) LastActive FROM main.prod_homecare_acreporting_reporting.cartproviderhistory cph JOIN ..."
14,"WITH cte AS (SELECT o.id AS opportunityid, o.close_date, a.hmc_cart_provider_id_c AS providerid FROM main.community_salesforce.opportunity AS o JOIN main.community_salesforce.account AS a ON a.id = o.account_id WHERE o.close_date >= ?), ctec AS (SELECT cte.providerid, p.name AS providername, cph.orderid, cte.close_date, MIN(date) AS firstactivedate, MAX(date) AS lastactivedate FROM cte LEFT JOIN main.prod_homecare_acreporting_reporting.cartproviderhistory AS cph ON cph.providerid = cte.providerid LEFT JOIN main.prod_homecare_actransactional_organization.provider AS p ON p.providerid = cte.prov ...","select * from ( WITH CTE2 AS( WITH CTE1 AS( WITH CTE AS( Select o.id OpportunityID ,o.close_date ,a.hmc_cart_provider_id_c ProviderID FROM main.community_salesforce.opportunity o JOIN main.community_salesforce.account a on a.id = o.account_id WHERE --o.is_won = true o.close_date >= '2025-10-01' -- a ..."
14,"WITH cte AS (SELECT calllogid, agentname, timestamp, LAG(timestamp) OVER (PARTITION BY agentname, CAST(timestamp AS DATE) ORDER BY timestamp) AS lagtimestamp FROM prod_homecare_acreporting_import.five9dailycalllogs WHERE timestamp >= ? AND agentgroup = ?) SELECT agentname, CAST(timestamp AS DATE) AS date, timestamp, calllogid, lagtimestamp, date, DATE_FORMAT(timestamp, ?) AS time, TIMESTAMPDIFF(SECOND, CAST(lagtimestamp AS TIMESTAMP), timestamp) AS callgap FROM cte","select `AgentName`, `Date`, `timestamp`, `calllogid`, `LagTimeStamp`, `date`, `Time`, `CallGap` from ( WITH CTE AS ( Select calllogid ,agentname ,timestamp , lag(timestamp) over(partition by agentname, cast(timestamp as date) order by timestamp) as LagTimeStamp FROM prod_homecare_acreporting_import. ..."
14,"WITH cte AS (SELECT o.id AS opportunityid, o.close_date, a.hmc_cart_provider_id_c AS providerid FROM main.community_salesforce.opportunity AS o JOIN main.community_salesforce.account AS a ON a.id = o.account_id WHERE o.close_date >= ?), ctec AS (SELECT cte.providerid, p.name AS providername, cph.orderid, cte.close_date, MIN(date) AS firstactivedate, MAX(date) AS lastactivedate FROM cte LEFT JOIN main.prod_homecare_acreporting_reporting.cartproviderhistory AS cph ON cph.providerid = cte.providerid LEFT JOIN main.prod_homecare_actransactional_organization.provider AS p ON p.providerid = cte.prov ...","select * from ( WITH CTE2 AS( WITH CTE1 AS( WITH CTE AS( Select o.id OpportunityID ,o.close_date ,a.hmc_cart_provider_id_c ProviderID FROM main.community_salesforce.opportunity o JOIN main.community_salesforce.account a on a.id = o.account_id WHERE --o.is_won = true o.close_date >= '2025-10-01' --an ..."
14,"SELECT hmcr.hmcrequestid, hmcr.requeststatusid, CASE WHEN hmcp.disqualifier IS NULL THEN ? ELSE ? END AS disqualifier, hmcr.createdate, CASE WHEN hmcp.hmcwhencareneededid = ? THEN ? WHEN hmcp.hmcwhencareneededid = ? THEN ? WHEN hmcp.hmcwhencareneededid = ? THEN ? WHEN hmcp.hmcwhencareneededid = ? THEN ? WHEN hmcp.hmcwhencareneededid = ? THEN ? WHEN hmcp.hmcwhencareneededid = ? THEN ? ELSE NULL END AS whencareneeded, CASE WHEN hmcp.hmcwhencareneededid IN (?) THEN ? ELSE ? END AS lessthan30days, CASE WHEN NOT hmcl.hottransferred IS NULL THEN ? ELSE ? END AS ht, ref.referralid, ref.referredon, re ...","select `hmcrequestid`, `requeststatusid`, `Disqualifier`, `createdate`, `WhenCareNeeded`, `LessThan30Days`, `HT`, `ReferralID`, `ReferredOn`, `billingtypeid`, `providerid`, `IsHotTransfer`, `ProviderName`, `Org`, `activatedon`, `ToActivation`, `returnapproved` from ( Select hmcr.hmcrequestid ,hmcr.r ..."
14,"WITH cte AS (SELECT DISTINCT a.accountid, a.name AS accountname, ast.name AS accountstatus, a.iscorporateaccount, o.orderid, o.name AS ordername, ost.name AS orderstatus, osrt.name AS orderreason, CASE WHEN LOWER(o.name) LIKE ? OR LOWER(o.name) LIKE ? THEN ? ELSE ? END AS corporatenationalorder, p.providerid, CASE WHEN ost.name IN (?) OR osrt.name = ? THEN ? ELSE ? END AS status, p.name AS providername, pst.name AS yglproviderstatus, po.name AS organizationname FROM main.prod_homecare_actransactional_billing.account AS a LEFT JOIN main.prod_homecare_actransactional_ordermanagement.order AS o O ...","select `OrderType`, `accountid`, `AccountName`, `AccountStatus`, `iscorporateaccount`, `orderid`, `OrderName`, `OrderStatus`, `OrderReason`, `CorporateNationalOrder`, `providerid`, `Status`, `ProviderName`, `YGLProviderStatus`, `OrganizationName` from ( WITH CTE AS( SELECT distinct a.accountid ,a.na ..."
14,"SELECT userid, userkey, usercode, username, emailaddress, firstname, lastname, companyname, companytype, jobfunction, country, postalcode, website, dateofbirth, gender, CAST(createdate AS DATE) AS createdate, createby, modifydate, modifyby, situation, boardnotifications, photoname, isexpert, title, phone, shortbio, location, excludelist, checknotificationsdate, sharegender, shareage, sharelocation, shareactivity, notifywall, notifyhug, notifycommentdiscussion, notifycommentarticle, notifyanswer, lastdigestdate, statuscommentid, authorurl, googleprofileurl, sharewall, sharefirstname, notify, ne ...","select * from ( SELECT userid ,userkey ,usercode ,username ,emailaddress ,firstname ,lastname ,companyname ,companytype ,jobfunction ,country ,postalcode ,website ,dateofbirth ,gender ,CAST(createdate as DATE) createdate ,createby ,modifydate ,modifyby ,situation ,boardnotifications ,PhotoName ,isex ..."
14,"WITH cte AS (SELECT o.id AS opportunityid, o.close_date, a.hmc_cart_provider_id_c AS providerid FROM main.community_salesforce.opportunity AS o JOIN main.community_salesforce.account AS a ON a.id = o.account_id WHERE o.is_won = TRUE AND o.close_date >= ?), cte1 AS (SELECT cte.providerid, p.name AS providername, cph.orderid, cte.close_date, MIN(date) AS firstactivedate, MAX(date) AS lastactivedate FROM cte JOIN main.prod_homecare_acreporting_reporting.cartproviderhistory AS cph ON cph.providerid = cte.providerid LEFT JOIN main.prod_homecare_actransactional_organization.provider AS p ON p.provid ...","select * from ( WITH CTE1 AS( WITH CTE AS( Select o.id OpportunityID ,o.close_date ,a.hmc_cart_provider_id_c ProviderID FROM main.community_salesforce.opportunity o JOIN main.community_salesforce.account a on a.id = o.account_id WHERE o.is_won = true and o.close_date >= '2026-01-01' ) Select CTE.Pro ..."
14,"WITH cte1 AS (SELECT hcrs.requestid, hmcr.hmcprospectid, dhcr.customeracquisitionkey, dca.source AS osource, CASE WHEN hmcr.affiliateid IN (?) THEN ? WHEN hmcr.affiliateid = ? THEN ? WHEN hmcr.affiliateid = ? THEN ? WHEN hmcr.affiliateid = ? THEN ? WHEN hmcr.affiliateid = ? THEN ? WHEN hmcr.affiliateid IN (?) THEN ? WHEN hmcr.url LIKE ? OR hmcr.url LIKE ? OR hmcr.url LIKE ? THEN ? WHEN hmcr.url LIKE ? OR affiliateid = ? THEN ? WHEN dca.source IN (?) OR hmcr.url LIKE ? OR hmcr.url LIKE ? THEN ? WHEN dca.source = ? THEN ? WHEN hmcr.affiliateid = ? THEN ? WHEN hmcr.url IS NULL AND dca.source = ?  ...","select * from ( WITH CTE AS ( WITH CTE2 AS ( WITH CTE1 AS ( SELECT hcrs.RequestID ,hmcr.HMCProspectID ,dhcr.CustomerAcquisitionKey ,dca.Source as oSource ,CASE WHEN hmcr.affiliateID IN (98,100,101,102,103,104,105,109,110) THEN 'SEM' WHEN hmcr.affiliateID = 87 THEN 'SEO' WHEN hmcr.affiliateID = 92 TH ..."
14,"SELECT *, DATEDIFF(DAY, CURRENT_TIMESTAMP(), date) AS today FROM prod_hc1_acreporting_reporting.dimdate","select * from ( Select *, DATEDIFF(day,GETDATE(),Date) AS Today FROM prod_hc1_acreporting_reporting.dimdate ) as `_` limit 0"
13,"WITH cte AS (SELECT cph.providerid, cph.orderid, MIN(cph.date) AS firstactivedate, MAX(cph.date) AS lastactivedate FROM main.prod_homecare_acreporting_reporting.cartproviderhistory AS cph WHERE (cph.orderstatusreason = ? OR cph.orderstatus IN (?)) GROUP BY ?, ?), cte1 AS (SELECT cte.providerid, p.name AS providername, cte.orderid, cte.firstactivedate, cte.lastactivedate, CAST(o.createdon AS DATE) AS ordercreatedate, CASE WHEN cph.orderstatus IS NULL THEN ost.name ELSE cph.orderstatus END AS currentorderstatus, CASE WHEN cph.orderstatusreason IS NULL THEN osrt.name ELSE cph.orderstatusreason EN ...","select `ProviderID`, `ProviderNAme`, `OrderID`, `FirstActiveDate`, `LastActiveDate`, `OrderCreateDate`, `CurrentOrderStatus`, `CurrentOrderStatusReasonType`, `HCAM`, `Status` from ( WITH CTE1 AS( WITH CTE AS ( Select cph.providerid ,cph.orderid ,min(cph.date) FirstActiveDate ,max(cph.date) LastActiv ..."
13,"WITH cte AS (SELECT o.id AS opportunityid, o.close_date, a.hmc_cart_provider_id_c AS providerid FROM main.community_salesforce.opportunity AS o JOIN main.community_salesforce.account AS a ON a.id = o.account_id WHERE o.is_won = TRUE AND o.close_date >= ?), cte1 AS (SELECT cte.providerid, p.name AS providername, cph.orderid, cte.close_date, MIN(date) AS firstactivedate, MAX(date) AS lastactivedate FROM cte JOIN main.prod_homecare_acreporting_reporting.cartproviderhistory AS cph ON cph.providerid = cte.providerid LEFT JOIN main.prod_homecare_actransactional_organization.provider AS p ON p.provid ...","select `ProviderID`, `ProviderName`, `OrderID`, `ProviderOrderID`, `OrderStatus`, `OrderStatusReason`, `Close_Date`, `FirstActiveDate`, `LastActiveDate` from ( WITH CTE1 AS( WITH CTE AS( Select o.id OpportunityID ,o.close_date ,a.hmc_cart_provider_id_c ProviderID FROM main.community_salesforce.oppor ..."
13,"WITH cte AS (SELECT cph.providerid, cph.orderid, MAX(cph.date) AS lastactive, MIN(cph.date) AS firstactive FROM main.prod_homecare_acreporting_reporting.cartproviderhistory AS cph WHERE (cph.orderstatusreason = ? OR cph.orderstatus IN (?)) AND cph.contracttype = ? GROUP BY ?, ?), ctea AS (SELECT DISTINCT cph.providerid, cph.orderid, cph.orderstatus, cph.orderstatusreason FROM main.prod_homecare_acreporting_reporting.cartproviderhistory AS cph WHERE date = CAST(CURRENT_TIMESTAMP() AS DATE)), cteb1 AS (SELECT r.region_id AS regionid, r.region_name AS regionname, zr.zip5 FROM main.prod_ygl_apfm.z ...","select * from ( WITH CTE AS( Select cph.providerid ,cph.orderid ,max(cph.date) LastActive ,min(cph.date) FirstActive FROM main.prod_homecare_acreporting_reporting.cartproviderhistory cph WHERE (cph.orderstatusreason = 'Monthly Cap Reached' or cph.orderstatus in ('Active', 'Paused')) and cph.contract ..."
13,"SELECT *, DATE_FORMAT(date, ?) AS monthyearcharge FROM prod_homecare_acreporting_reporting.dimdate WHERE date >= ? AND date < DATE_ADD(YEAR, ?, DATE_TRUNC('YEAR', CURRENT_TIMESTAMP()))","select `dateid`, `quarter`, `dayofweek`, `dayofmonth`, `monthyearid`, `date`, `month`, `year`, `dayofyear`, `weekdayname`, `monthname`, `_fivetran_deleted`, `_fivetran_synced`, `MonthYearCharge` from ( Select *, date_format(date,'MM-yyyy') MonthYearCharge from prod_homecare_acreporting_reporting.dim ..."
13,"WITH ctea AS (SELECT DISTINCT s.accountid, s.balance, s.duedate, DATE_FORMAT(s.duedate, ?) AS paymentmonth, LAG(s.balance) OVER (PARTITION BY s.accountid ORDER BY s.duedate) AS priormonth FROM main.prod_homecare_actransactional_billing.statement AS s LEFT JOIN main.prod_homecare_actransactional_billing.account AS a ON a.accountid = s.accountid LEFT JOIN main.prod_homecare_actransactional_ordermanagement.order AS o ON o.accountid = s.accountid LEFT JOIN main.prod_homecare_actransactional_ordermanagement.orderprovider AS op ON op.orderid = o.orderid LEFT JOIN main.prod_homecare_actransactional_o ...","select * from ( with cte1 as ( with CTEA AS ( Select DISTINCT s.accountid ,s.balance ,s.duedate ,date_format(s.duedate, 'yyyyMM') paymentMonth ,lag(s.balance) OVER (PARTITION BY s.accountid ORDER BY s.duedate ) PriorMonth FROM main.prod_homecare_actransactional_billing.statement s LEFT JOIN main.pro ..."
13,"WITH cte AS (SELECT CASE WHEN state IN (?) THEN ? ELSE ? END AS updatedstatus, *, (DATE_FORMAT(CAST(agentstatetime AS TIMESTAMP), ?) * ?) + (DATE_FORMAT(CAST(agentstatetime AS TIMESTAMP), ?)) AS duration, CASE WHEN CONCAT(agentfirstname, ?, agentlastname) = ? THEN ? WHEN CONCAT(agentfirstname, ?, agentlastname) = ? THEN ? WHEN CONCAT(agentfirstname, ?, agentlastname) = ? THEN ? WHEN CONCAT(agentfirstname, ?, agentlastname) = ? THEN ? ELSE LOWER(CONCAT(LEFT(agent, LOCATE(?, agent) - ?), SUBSTRING(agent, LOCATE(?, agent) + ?, ?))) END AS name_join FROM main.prod_homecare_acreporting_import.five9 ...","select * from ( WITH CTE2 AS( WITH CTE1 AS( WITH CTE AS( Select case when state in ('Ringing', 'On Call') then 'On Call' else 'Ready' end UpdatedStatus, *, (date_format(cast(agentstatetime as timestamp), 'mm') * 60)+ (date_format(cast(agentstatetime as timestamp), 'ss')) Duration ,CASE WHEN Concat(a ..."
13,"WITH cte AS (SELECT cph.accountid, cph.providerid, p.name AS providername, cph.orderid, o.createdon AS ordercreatedate, MIN(date) AS firstactivedate, MAX(date) AS lastactivedate, ost.name AS currentorderstatus, osrt.name AS currentorderstatusreasontype, u2.firstname AS hcam, u.firstname AS csm FROM prod_homecare_acreporting_reporting.cartproviderhistory AS cph LEFT JOIN prod_homecare_actransactional_ordermanagement.order AS o ON o.orderid = cph.orderid LEFT JOIN prod_homecare_actransactional_ordermanagement.orderstatustype AS ost ON ost.orderstatustypeid = o.orderstatustypeid LEFT JOIN prod_ho ...","select `accountid`, `ProviderID`, `ProviderName`, `OrderID`, `OrderCreateDate`, `FirstActiveDate`, `LastActiveDate`, `CurrentOrderStatus`, `CurrentOrderStatusReasonType`, `HCAM`, `CSM`, `ActiveMonthYearID`, `OrderMonthYearID`, { fn concat({ fn concat(cast(`ProviderID` as STRING), '-') }, cast(`accou ..."
13,"WITH cte AS (SELECT cph.providerid, cph.orderid, MAX(cph.date) AS lastactive, MIN(cph.date) AS firstactive FROM main.prod_homecare_acreporting_reporting.cartproviderhistory AS cph WHERE (cph.orderstatusreason = ? OR cph.orderstatus IN (?)) AND cph.contracttype = ? GROUP BY ?, ?), ctea AS (SELECT DISTINCT cph.providerid, cph.orderid, cph.orderstatus, cph.orderstatusreason FROM main.prod_homecare_acreporting_reporting.cartproviderhistory AS cph WHERE date = CAST(CURRENT_TIMESTAMP() AS DATE)), cteb1 AS (SELECT r.region_id AS regionid, r.region_name AS regionname, zr.zip5 FROM main.prod_ygl_apfm.z ...","select `ProviderID`, `OrderID`, `FirstActive`, `LastActive`, `ProviderName`, `Org`, `OrderStatus`, `OrderStatusReason`, `ProviderCoverage` from ( WITH CTE AS( Select cph.providerid ,cph.orderid ,max(cph.date) LastActive ,min(cph.date) FirstActive FROM main.prod_homecare_acreporting_reporting.cartpro ..."
12,"WITH cte AS (SELECT hmcr.hmcrequestid, hmcr.hmcprospectid, postalcode, CASE WHEN hmcr.customflow = ? THEN ? ELSE ? END AS funnel, hmcr.createdate, hmcr.requeststatusid, hmcr.requeststatuscode, CASE WHEN hmcr.affiliateid = ? THEN ? WHEN hmcr.affiliateid = ? THEN ? WHEN hmcr.affiliateid IN (?) THEN ? WHEN hmcr.affiliateid = ? THEN ? WHEN hmcr.affiliateid = ? THEN ? WHEN hmcr.affiliateid IN (?) THEN ? WHEN hmcr.affiliateid IN (?) THEN ? WHEN hmcr.url LIKE ? OR hmcr.url LIKE ? OR hmcr.url LIKE ? THEN ? WHEN hmcr.url LIKE ? OR hmcr.affiliateid = ? THEN ? WHEN hmcr.affiliateid IN (?) OR hmcr.url LIK ...","select * from ( WITH CTE2 AS ( WITH CTE1 AS ( WITH CTE AS ( SELECT hmcr.hmcrequestid ,hmcr.hmcprospectid ,postalcode ,CASE WHEN hmcr.customflow = 1 THEN 'NFE' ELSE 'OFE' END as Funnel ,hmcr.createdate ,HMCR.RequestStatusId ,hmcr.requeststatuscode ,CASE WHEN hmcr.affiliateid =140 then ""Grace"" WHEN hm ..."
12,"WITH cte AS (SELECT o.id AS opportunityid, o.close_date, a.hmc_cart_provider_id_c AS providerid FROM main.community_salesforce.opportunity AS o JOIN main.community_salesforce.account AS a ON a.id = o.account_id WHERE o.close_date >= ?), ctec AS (SELECT cte.providerid, p.name AS providername, cph.orderid, cte.close_date, MIN(date) AS firstactivedate, MAX(date) AS lastactivedate FROM cte LEFT JOIN main.prod_homecare_acreporting_reporting.cartproviderhistory AS cph ON cph.providerid = cte.providerid LEFT JOIN main.prod_homecare_actransactional_organization.provider AS p ON p.providerid = cte.prov ...","select * from ( WITH CTE2 AS( WITH CTE1 AS( WITH CTE AS( Select o.id OpportunityID ,o.close_date ,a.hmc_cart_provider_id_c ProviderID FROM main.community_salesforce.opportunity o JOIN main.community_salesforce.account a on a.id = o.account_id WHERE --o.is_won = true o.close_date >= '2025-10-01' --an ..."
12,"WITH cte AS (SELECT DISTINCT date, DATE_FORMAT(cph.date, ?) AS monthyear, monthlysent, monthlycap FROM main.prod_homecare_acreporting_reporting.cartproviderhistory AS cph WHERE cph.orderid = ? AND date >= ? AND (date = LAST_DAY(date) OR date = CAST(CURRENT_TIMESTAMP() AS DATE))), cte1 AS (SELECT DISTINCT cph.date, DATE_FORMAT(cph.date, ?) AS monthyear, CASE WHEN cte.date = LAST_DAY(cte.date) THEN cte.monthlysent ELSE cte.monthlycap END AS hicap FROM cte LEFT JOIN main.prod_homecare_acreporting_reporting.cartproviderhistory AS cph ON YEAR(cte.date) = YEAR(cph.date) AND IF(DAY(cte.date) >= ?, (D ...","select `Date`, `MonthYear`, `Org`, `Adjust_MonthlyCap`, `Orders` from ( WITH CTE2 AS( WITH CTE1 AS( WITH CTE AS ( Select Distinct date ,date_format( cph.date, 'MMyyyy') MonthYear ,monthlysent ,monthlycap FROM main.prod_homecare_acreporting_reporting.cartproviderhistory cph WHERE cph.orderid = 2774 a ..."
12,"WITH cte AS (SELECT a.accountid, a.name, a.balance, ast.name AS accountstatus, asrt.name AS accountstatusreason, a.accountstatusreasonnote FROM main.prod_homecare_actransactional_billing.account AS a LEFT JOIN main.prod_homecare_actransactional_billing.accountstatustype AS ast ON ast.accountstatustypeid = a.accountstatustypeid LEFT JOIN main.prod_homecare_actransactional_billing.accountstatusreasontype AS asrt ON asrt.accountstatusreasontypeid = a.accountstatusreasontypeid WHERE ast.name = ?), ctea AS (SELECT oc.accountid, oc.amount, oc.createdon, oct.name AS chargetype FROM main.prod_homecare ...","select * from ( WITH CTE AS ( Select a.accountid ,a.name ,a.balance ,ast.name AccountStatus ,asrt.name AccountStatusReason ,a.AccountStatusReasonNote FROM main.prod_homecare_actransactional_billing.account a LEFT JOIN main.prod_homecare_actransactional_billing.accountstatustype ast on ast.accountsta ..."
12,"SELECT * FROM (SELECT o.id, o.name, o.owner_id AS ownerid, CAST(o.close_date AS DATE) AS closedate, CAST(o.created_date AS DATE) AS createddate, is_won AS iswon, is_closed AS isclosed, DATE_FORMAT(o.close_date, ?) AS closeddateid FROM main.community_salesforce.opportunity AS o WHERE o.created_date >= ?) AS _ WHERE ? = ?","select * from ( Select o.ID ,o.Name ,o.Owner_ID OwnerId ,date(o.close_date) CloseDate ,date(o.created_date) CreatedDate ,is_won IsWon ,is_closed IsClosed ,date_format(o.close_date, 'yyyyMM') ClosedDateID FROM main.community_salesforce.opportunity o Where o.created_date >= '2025' ) as `_` where 0 = 1"
11,"SELECT DISTINCT referralid, req.hmcrequestid, activatedon, req.createdate, CAST(ref.referredon AS DATE) AS referredon FROM prod_homecare_actransactional_homecare.referral AS ref JOIN prod_homecare_insite_directory.hmclead AS l ON l.hmcleadid = ref.hmcleadid JOIN prod_homecare_insite_directory.hmcrequest AS req ON l.hmcrequestid = req.hmcrequestid WHERE NOT activatedon IS NULL AND ref.createdon > ?","select * from ( SELECT DISTINCT ReferralID ,req.HMCRequestID ,ActivatedOn ,req.createdate ,CAST(ref.ReferredOn as date) ReferredOn FROM prod_homecare_actransactional_homecare.referral ref Join prod_homecare_insite_directory.hmclead l on l.HMCLeadID = ref.HMCLeadID Join prod_homecare_insite_directory ..."
11,"WITH ctea AS (SELECT DISTINCT s.accountid, s.balance, s.duedate, DATE_FORMAT(s.duedate, ?) AS paymentmonth, LAG(s.balance) OVER (PARTITION BY s.accountid ORDER BY s.duedate) AS priormonth FROM main.prod_homecare_actransactional_billing.statement AS s LEFT JOIN main.prod_homecare_actransactional_billing.account AS a ON a.accountid = s.accountid LEFT JOIN main.prod_homecare_actransactional_ordermanagement.order AS o ON o.accountid = s.accountid LEFT JOIN main.prod_homecare_actransactional_ordermanagement.orderprovider AS op ON op.orderid = o.orderid LEFT JOIN main.prod_homecare_actransactional_o ...","select `accountid`, `payment`, `paymentmonth`, `referralpercentage`, `providerid`, `date`, `ReferralPayment`, concat(concat(cast(`providerid` as STRING), '-'), cast(`accountid` as STRING)) as `C1` from ( with cte1 as ( with CTEA AS ( Select DISTINCT s.accountid ,s.balance ,s.duedate ,date_format(s.d ..."
11,"SELECT u.userid, CASE WHEN u.usercode = ? THEN ? ELSE u.usercode END AS usercode, CASE WHEN u.usercode IN (?) THEN ? ELSE ? END AS group FROM prod_homecare_insite_dbo.users AS u WHERE NOT u.usercode IS NULL","select `userid`, `usercode`, `Group` from ( SELECT u.userid -- ,u.userkey ,CASE WHEN u.usercode = 'tonyamarrillo' then 'tonya' else u.usercode end as usercode ,case when u.usercode in ('gilav', 'edt', 'julietf', 'abnerp', 'charmaines', 'loum', 'maryn', 'loria', 'jesieliton', 'jeand', 'ninob', 'andre ..."
11,"WITH cte AS (SELECT DISTINCT hmcr.hmcrequestid, DATE_ADD(SECOND, -sr.secondsinprospect, sr.createdate) AS screeningstartdatetime, DATEDIFF(SECOND, hmcr.createdate, DATE_ADD(SECOND, -sr.secondsinprospect, sr.createdate)) AS firstscreeninglagseconds, CASE WHEN hmcr.affiliateid IN (?) THEN ? WHEN hmcr.affiliateid = ? THEN ? WHEN hmcr.affiliateid IN (?) THEN ? WHEN hmcr.affiliateid = ? THEN ? WHEN hmcr.affiliateid = ? THEN ? WHEN hmcr.affiliateid IN (?) THEN ? WHEN hmcr.affiliateid IN (?) THEN ? WHEN hmcr.url LIKE ? OR hmcr.url LIKE ? OR hmcr.url LIKE ? THEN ? WHEN hmcr.url LIKE ? OR hmcr.affiliat ...","select * from ( WITH CTE (Select DISTINCT hmcr.hmcrequestid ,dateadd(second, -sr.SecondsInProspect, sr.createdate) ScreeningStartDateTime ,DATEDIFF(second, hmcr.createdate, DATEADD(second, -sr.SecondsInProspect, sr.createdate)) FirstScreeningLagSeconds ,CASE WHEN hmcr.affiliateid in (140,141) then "" ..."
11,"WITH cte AS (SELECT DISTINCT date, DATE_FORMAT(cph.date, ?) AS monthyear, monthlysent, monthlycap FROM main.prod_homecare_acreporting_reporting.cartproviderhistory AS cph WHERE cph.orderid = ? AND date >= ? AND (date = LAST_DAY(date) OR date = CAST(CURRENT_TIMESTAMP() AS DATE))), cte1 AS (SELECT DISTINCT cph.date, DATE_FORMAT(cph.date, ?) AS monthyear, CASE WHEN cte.date = LAST_DAY(cte.date) THEN cte.monthlysent ELSE cte.monthlycap END AS hicap FROM cte LEFT JOIN main.prod_homecare_acreporting_reporting.cartproviderhistory AS cph ON cte.monthyear = DATE_FORMAT(cph.date, ?) AND DAY(cph.date) =  ...","select * from ( WITH CTE2 AS( WITH CTE1 AS( WITH CTE AS ( Select Distinct date ,date_format( cph.date, 'MMyyyy') MonthYear ,monthlysent ,monthlycap FROM main.prod_homecare_acreporting_reporting.cartproviderhistory cph WHERE cph.orderid = 2774 and date >= '2025' and (date = last_day(date) or date= da ..."
11,"WITH cte AS (SELECT o.id AS opportunityid, o.close_date, a.hmc_cart_provider_id_c AS providerid FROM main.community_salesforce.opportunity AS o JOIN main.community_salesforce.account AS a ON a.id = o.account_id WHERE o.close_date >= ?), ctec AS (SELECT cte.providerid, p.name AS providername, cph.orderid, cte.close_date, MIN(date) AS firstactivedate, MAX(date) AS lastactivedate FROM cte LEFT JOIN main.prod_homecare_acreporting_reporting.cartproviderhistory AS cph ON cph.providerid = cte.providerid LEFT JOIN main.prod_homecare_actransactional_organization.provider AS p ON p.providerid = cte.prov ...","select * from ( WITH CTE2 AS( WITH CTE1 AS( WITH CTE AS( Select o.id OpportunityID ,o.close_date ,a.hmc_cart_provider_id_c ProviderID FROM main.community_salesforce.opportunity o JOIN main.community_salesforce.account a on a.id = o.account_id WHERE --o.is_won = true o.close_date >= '2025-10-01' --an ..."
11,"SELECT * FROM (SELECT cph.providerid, cph.orderid, CONCAT(cph.providerid, ?, cph.orderid) AS providerorderid, cph.orderstatus, cph.orderstatusreason, cph.date, CASE WHEN orderstatusreason = ? OR orderstatus IN (?) THEN ? WHEN orderstatus = ? THEN ? ELSE ? END AS status FROM main.prod_homecare_acreporting_reporting.cartproviderhistory AS cph WHERE cph.date >= DATE_TRUNC('YEAR', CURRENT_TIMESTAMP()) ORDER BY date ASC) AS _ WHERE ? = ?","select * from ( Select cph.providerid ,cph.orderid ,concat(cph.providerid, ""-"", cph.orderid) ProviderOrderID ,cph.orderstatus ,cph.orderstatusreason ,cph.date ,case when orderstatusreason = 'Monthly Cap Reached' or orderstatus in ('Active', 'Paused') then ""Active+"" when orderstatus = 'Onboarding' th ..."
10,"SELECT o.id, o.name, o.owner_id AS ownerid, CAST(o.close_date AS DATE) AS closedate, CAST(o.created_date AS DATE) AS createddate, is_won AS iswon, is_closed AS isclosed, DATE_FORMAT(o.close_date, ?) AS closeddateid FROM main.community_salesforce.opportunity AS o WHERE o.created_date >= ?","select `ID`, `Name`, `OwnerId`, `CloseDate`, `CreatedDate`, `IsWon`, `IsClosed`, `ClosedDateID` from ( Select o.ID ,o.Name ,o.Owner_ID OwnerId ,date(o.close_date) CloseDate ,date(o.created_date) CreatedDate ,is_won IsWon ,is_closed IsClosed ,date_format(o.close_date, 'yyyyMM') ClosedDateID FROM main ..."
10,"WITH cte AS (SELECT o.id AS opportunityid, o.close_date, a.hmc_cart_provider_id_c AS providerid FROM main.community_salesforce.opportunity AS o JOIN main.community_salesforce.account AS a ON a.id = o.account_id WHERE o.close_date >= ?), ctec AS (SELECT cte.providerid, p.name AS providername, cph.orderid, cte.close_date, MIN(date) AS firstactivedate, MAX(date) AS lastactivedate FROM cte LEFT JOIN main.prod_homecare_acreporting_reporting.cartproviderhistory AS cph ON cph.providerid = cte.providerid LEFT JOIN main.prod_homecare_actransactional_organization.provider AS p ON p.providerid = cte.prov ...","select `ProviderID`, `ProviderName`, `OrderID`, `ProviderOrderID`, `OrderStatus`, `OrderStatusReason`, `Close_Date`, `FirstActiveDate`, `LastActiveDate`, `DaysActive`, `Status`, `FirstActivation`, `HasActivation` from ( WITH CTE2 AS( WITH CTE1 AS( WITH CTE AS( Select o.id OpportunityID ,o.close_date ..."
10,"WITH cte AS (SELECT cph.providerid, cph.orderid, cph.providername, o.createdon AS ordercreatedate, MIN(date) AS firstactivedate, MAX(date) AS lastactivedate, ost.name AS currentorderstatus, osrt.name AS currentorderstatusreasontype FROM prod_homecare_acreporting_reporting.cartproviderhistory AS cph LEFT JOIN prod_homecare_actransactional_ordermanagement.order AS o ON o.orderid = cph.orderid LEFT JOIN prod_homecare_actransactional_ordermanagement.orderstatustype AS ost ON ost.orderstatustypeid = o.orderstatustypeid LEFT JOIN prod_homecare_actransactional_ordermanagement.orderstatusreasontype AS ...","select `ProviderID`, `OrderID`, `ProviderName`, cast(`OrderCreateDate` as DATE) as `C1`, `FirstActiveDate`, `LastActiveDate`, `CurrentOrderStatus`, `CurrentOrderStatusReasonType`, `CSMFixed` from ( WITH CTE(SELECT cph.ProviderID ,cph.OrderID ,cph.ProviderName ,o.createdon AS OrderCreateDate ,MIN(Dat ..."
10,"SELECT sr.hmcscreeningresultid, sr.createdate, sr.outcomeid, sr.userid, req.createdate AS requestdate, sr.attemptcount, sr.secondsinprospect, sr.hmcrequestid FROM prod_homecare_insite_directory.hmcscreeningresult AS sr JOIN prod_homecare_insite_directory.hmcrequest AS req ON req.hmcrequestid = sr.hmcrequestid WHERE NOT sr.outcomeid IN (?) AND req.createdate >= ?","select `HMCScreeningResultID`, cast(`createdate` as DATE) as `C1`, `outcomeid`, `userid`, cast(`RequestDate` as DATE) as `C2`, `AttemptCount`, `SecondsInProspect`, `HMCRequestID` from ( SELECT sr.HMCScreeningResultID -- ,sr.HMCProspectID ,sr.createdate ,sr.outcomeid ,sr.userid ,req.createdate as Req ..."
10,"WITH cte AS (SELECT hmcr.hmcrequestid, hmcr.hmcprospectid, postalcode, CASE WHEN hmcr.customflow = ? THEN ? ELSE ? END AS funnel, hmcr.createdate, hmcr.requeststatusid, hmcr.requeststatuscode, CASE WHEN hmcr.affiliateid = ? THEN ? WHEN hmcr.affiliateid IN (?) THEN ? WHEN hmcr.affiliateid = ? THEN ? WHEN hmcr.affiliateid = ? THEN ? WHEN hmcr.affiliateid IN (?) THEN ? WHEN hmcr.affiliateid IN (?) THEN ? WHEN hmcr.url LIKE ? OR hmcr.url LIKE ? OR hmcr.url LIKE ? THEN ? WHEN hmcr.url LIKE ? OR hmcr.affiliateid = ? THEN ? WHEN hmcr.affiliateid IN (?) OR hmcr.url LIKE ? OR hmcr.url LIKE ? THEN ? WHE ...","select `hmcrequestid`, `Funnel`, `createdate`, `RequestStatusId`, `AdjChannel`, `ScreeningDate`, `Adjust_CreateDate`, `AttemptCount`, `userid`, `outcomeid`, `hmcscreenqueueid`, `ISDJ`, `DJStep`, `djstepid`, `DJType`, `SourceP`, (cast({ fn year(`createdate`) } as DOUBLE) * 1.000000000000000E+004 + ca ..."
10,"WITH cte AS (SELECT o.id AS opportunityid, o.close_date, a.hmc_cart_provider_id_c AS providerid FROM main.community_salesforce.opportunity AS o JOIN main.community_salesforce.account AS a ON a.id = o.account_id WHERE o.is_won = TRUE AND o.close_date >= ?), ctec AS (SELECT cte.providerid, p.name AS providername, cph.orderid, cte.close_date, MIN(date) AS firstactivedate, MAX(date) AS lastactivedate FROM cte LEFT JOIN main.prod_homecare_acreporting_reporting.cartproviderhistory AS cph ON cph.providerid = cte.providerid LEFT JOIN main.prod_homecare_actransactional_organization.provider AS p ON p.p ...","select * from ( WITH CTE2 AS( WITH CTE1 AS( WITH CTE AS( Select o.id OpportunityID ,o.close_date ,a.hmc_cart_provider_id_c ProviderID FROM main.community_salesforce.opportunity o JOIN main.community_salesforce.account a on a.id = o.account_id WHERE o.is_won = true and o.close_date >= '2026-01-01' )  ..."
10,"WITH cte AS (SELECT o.id AS opportunityid, o.close_date, a.hmc_cart_provider_id_c AS providerid FROM main.community_salesforce.opportunity AS o JOIN main.community_salesforce.account AS a ON a.id = o.account_id WHERE o.close_date >= ?), ctec AS (SELECT cte.providerid, p.name AS providername, cph.orderid, cte.close_date, MIN(date) AS firstactivedate, MAX(date) AS lastactivedate FROM cte LEFT JOIN main.prod_homecare_acreporting_reporting.cartproviderhistory AS cph ON cph.providerid = cte.providerid LEFT JOIN main.prod_homecare_actransactional_organization.provider AS p ON p.providerid = cte.prov ...","select * from ( WITH CTE3 AS( WITH CTE2 AS( WITH CTE1 AS( WITH CTE AS( Select o.id OpportunityID ,o.close_date ,a.hmc_cart_provider_id_c ProviderID FROM main.community_salesforce.opportunity o JOIN main.community_salesforce.account a on a.id = o.account_id WHERE --o.is_won = true o.close_date >= '20 ..."
10,"SELECT c.case_number, c.hmc_case_subject_c, c.created_date, c.hmc_date_opened_c, c.hmc_date_resolved_c, c.hmc_save_method_used_c, c.account_id, CONCAT(u.first_name, ?, u.last_name) AS name, u.id AS userid, a.id AS accountid, a.name AS accoutname, a.hmc_cart_provider_id_c, CONCAT(?, a.id, ?) AS accounturl FROM main.community_salesforce.case AS c LEFT JOIN main.community_salesforce.user AS u ON u.id = c.owner_id LEFT JOIN main.community_salesforce.account AS a ON a.id = c.account_id WHERE c.owner_id = ?","select * from ( Select c.case_number ,c.hmc_case_subject_c ,c.created_date ,c.hmc_date_opened_c ,c.hmc_date_resolved_c ,c.hmc_save_method_used_c ,c.account_id ,concat(u.first_name,"" "",u.last_name) Name ,u.id UserID ,a.id AccountID ,a.name AccoutName ,a.hmc_cart_provider_id_c ,concat('https://placefo ..."
10,"WITH cte AS (SELECT o.id AS opportunityid, o.close_date, a.hmc_cart_provider_id_c AS providerid FROM main.community_salesforce.opportunity AS o JOIN main.community_salesforce.account AS a ON a.id = o.account_id WHERE o.is_won = TRUE AND o.close_date >= ?), cte1 AS (SELECT cte.providerid, p.name AS providername, cph.orderid, cte.close_date, MIN(date) AS firstactivedate, MAX(date) AS lastactivedate FROM cte JOIN main.prod_homecare_acreporting_reporting.cartproviderhistory AS cph ON cph.providerid = cte.providerid LEFT JOIN main.prod_homecare_actransactional_organization.provider AS p ON p.provid ...","select * from ( WITH CTE2 AS( WITH CTE1 AS( WITH CTE AS( Select o.id OpportunityID ,o.close_date ,a.hmc_cart_provider_id_c ProviderID FROM main.community_salesforce.opportunity o JOIN main.community_salesforce.account a on a.id = o.account_id WHERE o.is_won = true and o.close_date >= '2026-01-01' )  ..."
10,"SELECT DISTINCT zip, city_full_name, state_code, dma FROM reporting.dim_geography_zip_dma","select `zip`, `city_full_name`, `state_code`, `dma` from ( select distinct zip ,city_full_name ,state_code ,dma from reporting.dim_geography_zip_dma ) as `_` limit 1000"
10,"SELECT DISTINCT req.hmcrequestid, referralid, CASE WHEN returnapproved = TRUE THEN ? ELSE ? END AS return, CAST(modifiedon AS DATE) AS modifiedon, req.createdate, ref.createdon FROM prod_homecare_actransactional_homecare.referral AS ref LEFT JOIN prod_homecare_insite_directory.hmclead AS l ON l.hmcleadid = ref.hmcleadid LEFT JOIN prod_homecare_insite_directory.hmcrequest AS req ON l.hmcrequestid = req.hmcrequestid WHERE (billingtypeid = ? AND NOT ref.hmcleadid IS NULL) AND ref.createdon > ?","select * from ( SELECT DISTINCT req.HMCRequestID ,ReferralID --,ReferralStatusTypeID --,Returnapproved ,case when returnapproved = true then 1 else 0 end return ,CAST(ModifiedOn as date) ModifiedOn ,req.createdate ,ref.CreatedOn -- ,ref.HMCLeadID -- ,OrderID FROM prod_homecare_actransactional_homeca ..."
10,"WITH cte AS (SELECT CASE WHEN state IN (?) THEN ? ELSE ? END AS updatedstatus, *, (DATE_FORMAT(CAST(agentstatetime AS TIMESTAMP), ?) * ?) + (DATE_FORMAT(CAST(agentstatetime AS TIMESTAMP), ?)) AS duration, CASE WHEN CONCAT(agentfirstname, ?, agentlastname) = ? THEN ? WHEN CONCAT(agentfirstname, ?, agentlastname) = ? THEN ? WHEN CONCAT(agentfirstname, ?, agentlastname) = ? THEN ? WHEN CONCAT(agentfirstname, ?, agentlastname) = ? THEN ? ELSE LOWER(CONCAT(LEFT(agent, LOCATE(?, agent) - ?), SUBSTRING(agent, LOCATE(?, agent) + ?, ?))) END AS name_join FROM main.prod_homecare_acreporting_import.five9 ...","select `Agent`, `Date`, `name_join`, `Group_id`, `updatedstatus`, `FirstTime`, `TotalTime` from ( WITH CTE2 AS( WITH CTE1 AS( WITH CTE AS( Select case when state in ('Ringing', 'On Call') then 'On Call' else 'Ready' end UpdatedStatus, *, (date_format(cast(agentstatetime as timestamp), 'mm') * 60)+ ( ..."
10,"WITH cte AS (SELECT o.id AS opportunityid, o.close_date, a.hmc_cart_provider_id_c AS providerid FROM main.community_salesforce.opportunity AS o JOIN main.community_salesforce.account AS a ON a.id = o.account_id WHERE o.close_date >= ?), ctec AS (SELECT cte.providerid, p.name AS providername, cph.orderid, cte.close_date, MIN(date) AS firstactivedate, MAX(date) AS lastactivedate FROM cte LEFT JOIN main.prod_homecare_acreporting_reporting.cartproviderhistory AS cph ON cph.providerid = cte.providerid LEFT JOIN main.prod_homecare_actransactional_organization.provider AS p ON p.providerid = cte.prov ...","select `ProviderID`, `ProviderName`, `OrderID`, `ProviderOrderID`, `OrderStatus`, `OrderStatusReason`, `Close_Date`, `FirstActiveDate`, `LastActiveDate`, `DaysActive`, `Status`, `FirstActivation`, `HasActivation` from ( WITH CTE2 AS( WITH CTE1 AS( WITH CTE AS( Select o.id OpportunityID ,o.close_date ..."
10,"WITH cte AS (SELECT o.id AS opportunityid, o.close_date, a.hmc_cart_provider_id_c AS providerid FROM main.community_salesforce.opportunity AS o JOIN main.community_salesforce.account AS a ON a.id = o.account_id WHERE o.close_date >= ?), ctea1 AS (SELECT cte.providerid, p.name AS providername, cph.orderid, cte.close_date, cph.date, cph.orderstatus, LAG(cph.orderstatus) OVER (PARTITION BY cte.providerid, cph.orderid ORDER BY cph.date) AS lag FROM cte LEFT JOIN main.prod_homecare_acreporting_reporting.cartproviderhistory AS cph ON cph.providerid = cte.providerid LEFT JOIN main.prod_homecare_actra ...","select * from ( WITH CTE3 AS( WITH CTE2 AS( WITH CTE1 AS( WITH CTE AS( Select o.id OpportunityID ,o.close_date ,a.hmc_cart_provider_id_c ProviderID FROM main.community_salesforce.opportunity o JOIN main.community_salesforce.account a on a.id = o.account_id WHERE --o.is_won = true o.close_date >= '20 ..."
10,"WITH cte AS (SELECT cph.providerid, cph.orderid, MIN(cph.date) AS firstactive, MAX(cph.date) AS lastactive FROM main.prod_homecare_acreporting_reporting.cartproviderhistory AS cph JOIN main.prod_homecare_actransactional_organization.provider AS p ON p.providerid = cph.providerid WHERE (cph.orderstatusreason = ? OR cph.orderstatus IN (?)) AND cph.contracttype = ? AND p.providerorganizationid IS NULL GROUP BY ?, ?), cte1 AS (SELECT cte.providerid, cte.orderid, cte.firstactive, cte.lastactive, DATEDIFF(DAY, cte.firstactive, cte.lastactive) AS daysactive, ost.name AS orderstatus, CASE WHEN o.prepa ...","select * from ( WITH CTE1 AS( WITH CTE AS( Select cph.providerid ,cph.orderid ,min(cph.date) FirstActive ,max(cph.date) LastActive FROM main.prod_homecare_acreporting_reporting.cartproviderhistory cph JOIN main.prod_homecare_actransactional_organization.provider p on p.providerid = cph.providerid WH ..."
10,"WITH cte AS (SELECT cph.providerid, p.name AS providername, cph.orderid, o.createdon AS ordercreatedate, MIN(date) AS firstactivedate, MAX(date) AS lastactivedate, ost.name AS currentorderstatus, osrt.name AS currentorderstatusreasontype, u2.firstname AS hcam, u.firstname AS csm FROM prod_homecare_acreporting_reporting.cartproviderhistory AS cph LEFT JOIN prod_homecare_actransactional_ordermanagement.order AS o ON o.orderid = cph.orderid LEFT JOIN prod_homecare_actransactional_ordermanagement.orderstatustype AS ost ON ost.orderstatustypeid = o.orderstatustypeid LEFT JOIN prod_homecare_actransa ...","select `ProviderID`, `ProviderName`, `OrderID`, `OrderCreateDate`, `FirstActiveDate`, `LastActiveDate`, `CurrentOrderStatus`, `CurrentOrderStatusReasonType`, `HCAM`, `CSM`, `DaystoCancel` from ( WITH CTE AS ( SELECT cph.ProviderID ,p.name ProviderName ,cph.OrderID ,o.createdon AS OrderCreateDate ,MI ..."
10,"WITH cte AS (SELECT o.id AS opportunityid, o.close_date, a.hmc_cart_provider_id_c AS providerid FROM main.community_salesforce.opportunity AS o JOIN main.community_salesforce.account AS a ON a.id = o.account_id WHERE o.is_won = TRUE AND o.close_date >= ?), ctea1 AS (SELECT cte.providerid, p.name AS providername, cph.orderid, cte.close_date, cph.date, cph.orderstatus, LAG(cph.orderstatus) OVER (PARTITION BY cte.providerid, cph.orderid ORDER BY cph.date) AS lag FROM cte LEFT JOIN main.prod_homecare_acreporting_reporting.cartproviderhistory AS cph ON cph.providerid = cte.providerid LEFT JOIN main ...","select * from ( WITH CTE5 AS( WITH CTE4 AS( WITH CTE3 AS( WITH CTE2 AS( WITH CTE1 AS( WITH CTE AS( Select o.id OpportunityID ,o.close_date ,a.hmc_cart_provider_id_c ProviderID FROM main.community_salesforce.opportunity o JOIN main.community_salesforce.account a on a.id = o.account_id WHERE o.is_won  ..."
10,"WITH cte AS (SELECT o.id AS opportunityid, o.close_date, a.hmc_cart_provider_id_c AS providerid FROM main.community_salesforce.opportunity AS o JOIN main.community_salesforce.account AS a ON a.id = o.account_id WHERE o.is_won = TRUE AND o.close_date >= ?), ctea1 AS (SELECT cte.providerid, p.name AS providername, cph.orderid, cte.close_date, cph.date, cph.orderstatus, LAG(cph.orderstatus) OVER (PARTITION BY cte.providerid, cph.orderid ORDER BY cph.date) AS lag FROM cte LEFT JOIN main.prod_homecare_acreporting_reporting.cartproviderhistory AS cph ON cph.providerid = cte.providerid LEFT JOIN main ...","select * from ( WITH CTE3 AS( WITH CTE2 AS( WITH CTE1 AS( WITH CTE AS( Select o.id OpportunityID ,o.close_date ,a.hmc_cart_provider_id_c ProviderID FROM main.community_salesforce.opportunity o JOIN main.community_salesforce.account a on a.id = o.account_id WHERE o.is_won = true and o.close_date >= ' ..."
9,"WITH cte AS (SELECT a.accountid, a.name AS accountname, ast.name AS accountstatus, a.accountstatusreasonnote, o.orderid, o.name AS ordername, ost.name AS orderstatus, osrt.name AS orderstatusreason, p.providerid, p.name AS providername FROM main.prod_homecare_actransactional_billing.account AS a LEFT JOIN main.prod_homecare_actransactional_billing.accountstatustype AS ast ON ast.accountstatustypeid = a.accountstatustypeid LEFT JOIN main.prod_homecare_actransactional_ordermanagement.order AS o ON o.accountid = a.accountid LEFT JOIN main.prod_homecare_actransactional_ordermanagement.orderstatust ...","select `AccountID`, `AccountName`, `AccountStatus`, `AccountStatusReasonNote`, `OrderID`, `OrderName`, `OrderStatus`, `OrderStatusReason`, `LastActiveDate`, `ProviderID`, `ProviderName`, `OtherOrders`, `OnboardingOrders` from ( WITH CTE1 AS ( WITH CTE AS ( Select a.AccountID ,a.name AccountName ,ast ..."
9,"WITH cte AS (SELECT hmcr.hmcrequestid, hmcr.hmcprospectid, postalcode, CASE WHEN hmcr.customflow = ? THEN ? ELSE ? END AS funnel, hmcr.createdate, hmcr.requeststatusid, hmcr.requeststatuscode, CASE WHEN hmcr.affiliateid = ? THEN ? WHEN hmcr.affiliateid IN (?) THEN ? WHEN hmcr.affiliateid = ? THEN ? WHEN hmcr.affiliateid = ? THEN ? WHEN hmcr.affiliateid IN (?) THEN ? WHEN hmcr.affiliateid IN (?) THEN ? WHEN hmcr.url LIKE ? OR hmcr.url LIKE ? OR hmcr.url LIKE ? THEN ? WHEN hmcr.url LIKE ? OR hmcr.affiliateid = ? THEN ? WHEN hmcr.affiliateid IN (?) OR hmcr.url LIKE ? OR hmcr.url LIKE ? THEN ? WHE ...","select `hmcrequestid`, `Funnel`, `createdate`, `RequestStatusId`, `AdjChannel`, `ScreeningDate`, `userid`, `ISDJ`, `DJStep`, `DJType`, `SourceP`, (cast({ fn year(`createdate`) } as DOUBLE) * 1.000000000000000E+004 + cast({ fn month(`createdate`) } as DOUBLE) * 1.000000000000000E+002) + cast({ fn day ..."
9,"WITH cte AS (SELECT hmcr.hmcrequestid, hmcr.hmcprospectid, hmcpd.disqualifier AS disqualifier2, hmcp.disqualifierreason, hmcr.affiliateid FROM prod_homecare_insite_directory.hmcrequest AS hmcr LEFT JOIN prod_homecare_insite_directory.hmcprospect AS hmcp ON hmcp.hmcprospectid = hmcr.hmcprospectid LEFT JOIN prod_homecare_insite_directory.hmcprospectdisqualifier AS hmcpd ON hmcpd.hmcprospectdisqualifierid = hmcp.disqualifier), cte1 AS (SELECT hmcrequestid, hmcprospectid AS hmcprospectid2, disqualifier2, disqualifierreason, affiliateid AS affiliateid2 FROM cte WHERE affiliateid IN (?)), ctea AS (S ...","select `HMCRequestID`, `HMCProspectID`, `disqualifier`, `Channel`, `userid`, `requeststatusid`, `ISDJ`, `DJStep`, `DJType`, `adjust_createdate`, `Time`, `disqualifierfixed`, `disqualifierreason_fixed`, `disqualifierreason` from ( WITH CTEB AS( WITH CTEA AS ( WITH CTE1 AS ( WITH CTE AS ( Select hmcr. ..."
9,"SELECT c.case_number AS casenumber, c.hmc_case_subject_c AS casesubject, c.created_date AS createddate, c.hmc_date_opened_c AS dateopened, c.hmc_date_resolved_c AS dateresolved, c.hmc_save_method_used_c AS savemethodused, c.account_id, CONCAT(u.first_name, ?, u.last_name) AS name, u.id AS userid, a.id AS accountid, a.name AS accoutname, a.hmc_cart_provider_id_c AS providerid, CONCAT(?, a.id, ?) AS accounturl FROM main.community_salesforce.case AS c LEFT JOIN main.community_salesforce.user AS u ON u.id = c.owner_id LEFT JOIN main.community_salesforce.account AS a ON a.id = c.account_id WHERE c. ...","select `CaseNumber`, `CaseSubject`, cast(`CreatedDate` as DATE) as `C1`, cast(`DateOpened` as DATE) as `C2`, cast(`DateResolved` as DATE) as `C3`, `SaveMethodUsed`, `account_id`, `Name`, `UserID`, `AccountID`, `AccoutName`, `ProviderID`, `AccountUrl` from ( Select c.case_number CaseNumber ,c.hmc_cas ..."
9,"WITH cte AS (SELECT hmcr.hmcrequestid, hmcr.hmcprospectid, postalcode, CASE WHEN hmcr.customflow = ? THEN ? ELSE ? END AS funnel, hmcr.createdate, hmcr.requeststatusid, hmcr.requeststatuscode, CASE WHEN hmcr.affiliateid = ? THEN ? WHEN hmcr.affiliateid = ? THEN ? WHEN hmcr.affiliateid IN (?) THEN ? WHEN hmcr.affiliateid = ? THEN ? WHEN hmcr.affiliateid = ? THEN ? WHEN hmcr.affiliateid IN (?) THEN ? WHEN hmcr.affiliateid IN (?) THEN ? WHEN hmcr.url LIKE ? OR hmcr.url LIKE ? OR hmcr.url LIKE ? THEN ? WHEN hmcr.url LIKE ? OR hmcr.affiliateid = ? THEN ? WHEN hmcr.affiliateid IN (?) OR hmcr.url LIK ...","select `SLRl`, `hmcrequestid`, `Funnel`, `createdate`, `RequestStatusId`, `AdjChannel`, `ScreeningDate`, `userid`, `outcomeid`, `ISDJ`, `DJStep`, `DJType`, `SourceP`, `C1`, `C2`, `C2` - `C1` as `C3` from ( select `SLRl`, `hmcrequestid`, `Funnel`, `createdate`, `RequestStatusId`, `AdjChannel`, `Scree ..."
9,"WITH cte AS (SELECT cph.providerid, p.name AS providername, cph.orderid, ost.name AS orderstatus, osrt.name AS orderstatusreason, MIN(cph.date) AS firstactive, MAX(cph.date) AS lastactive FROM main.prod_homecare_acreporting_reporting.cartproviderhistory AS cph LEFT JOIN main.prod_homecare_actransactional_organization.provider AS p ON p.providerid = cph.providerid LEFT JOIN main.prod_homecare_actransactional_ordermanagement.order AS o ON o.orderid = cph.orderid LEFT JOIN main.prod_homecare_actransactional_ordermanagement.orderstatusreasontype AS osrt ON osrt.orderstatusreasontypeid = o.ordersta ...","select * from ( WITH CTE1 AS( WITH CTE AS( Select cph.providerid ,p.name ProviderName ,cph.orderid ,ost.name OrderStatus ,osrt.name OrderStatusReason ,min(cph.date) FirstActive ,max(cph.date) LastActive FROM main.prod_homecare_acreporting_reporting.cartproviderhistory cph left join main.prod_homecar ..."
9,"WITH cte AS (SELECT o.id AS opportunityid, o.close_date, a.hmc_cart_provider_id_c AS providerid FROM main.community_salesforce.opportunity AS o JOIN main.community_salesforce.account AS a ON a.id = o.account_id WHERE o.is_won = TRUE AND o.close_date >= ?), cte1 AS (SELECT cte.providerid, p.name AS providername, cph.orderid, cte.close_date, MIN(date) AS firstactivedate, MAX(date) AS lastactivedate FROM cte JOIN main.prod_homecare_acreporting_reporting.cartproviderhistory AS cph ON cph.providerid = cte.providerid LEFT JOIN main.prod_homecare_actransactional_organization.provider AS p ON p.provid ...","select * from ( WITH CTE2 AS( WITH CTE1 AS( WITH CTE AS( Select o.id OpportunityID ,o.close_date ,a.hmc_cart_provider_id_c ProviderID FROM main.community_salesforce.opportunity o JOIN main.community_salesforce.account a on a.id = o.account_id WHERE o.is_won = true and o.close_date >= '2026-01-01' )  ..."
9,"WITH cte AS (SELECT hmcr.hmcrequestid, hmcr.hmcprospectid, postalcode, CASE WHEN hmcr.customflow = ? THEN ? ELSE ? END AS funnel, hmcr.createdate, hmcr.requeststatusid, hmcr.requeststatuscode, CASE WHEN hmcr.affiliateid = ? THEN ? WHEN hmcr.affiliateid = ? THEN ? WHEN hmcr.affiliateid IN (?) THEN ? WHEN hmcr.affiliateid = ? THEN ? WHEN hmcr.affiliateid = ? THEN ? WHEN hmcr.affiliateid IN (?) THEN ? WHEN hmcr.affiliateid IN (?) THEN ? WHEN hmcr.url LIKE ? OR hmcr.url LIKE ? OR hmcr.url LIKE ? THEN ? WHEN hmcr.url LIKE ? OR hmcr.affiliateid = ? THEN ? WHEN hmcr.affiliateid IN (?) OR hmcr.url LIK ...","select `SLRl`, `hmcrequestid`, `Funnel`, `createdate`, `RequestStatusId`, `AdjChannel`, `ScreeningDate`, `userid`, `outcomeid`, `ISDJ`, `DJStep`, `DJType`, `SourceP`, `C1`, `C2`, `C2` - `C1` as `C3` from ( select `SLRl`, `hmcrequestid`, `Funnel`, `createdate`, `RequestStatusId`, `AdjChannel`, `Scree ..."
9,"SELECT COUNT(DISTINCT t.id) AS tasks, u.name, CAST(t.created_date AS DATE) AS createdate FROM main.community_salesforce.task AS t JOIN main.community_salesforce.user AS u ON u.id = t.owner_id WHERE t.created_date >= ? GROUP BY ?, ?","select `Tasks`, `name`, `CreateDate` from ( Select count(distinct t.id) Tasks ,u.name ,date(t.created_date) CreateDate FROM main.community_salesforce.task t JOIN main.community_salesforce.user u on u.id = t.owner_id WHERE t.created_date >= '2026' GROUP BY 2,3 ) as `_` limit 1000"
9,"SELECT * FROM (SELECT hmcr.hmcrequestid, ref.referralid, rpt.name AS primary, rsr.name AS secondary FROM main.prod_homecare_insite_directory.hmcrequest AS hmcr JOIN main.prod_homecare_insite_directory.hmclead AS hmcl ON hmcl.hmcrequestid = hmcr.hmcrequestid JOIN main.prod_homecare_actransactional_homecare.referral AS ref ON ref.hmcleadid = hmcl.hmcleadid JOIN main.prod_homecare_actransactional_homecare.referralreturnrequest AS rrr ON rrr.referralid = ref.referralid JOIN main.prod_homecare_actransactional_homecare.referralreturnprimaryreasontype AS rpt ON rpt.referralreturnprimaryreasontypeid = ...","select * from ( Select hmcr.hmcrequestid ,ref.referralid ,rpt.name Primary ,rsr.name Secondary FROM main.prod_homecare_insite_directory.hmcrequest hmcr JOIN main.prod_homecare_insite_directory.hmclead hmcl on hmcl.hmcrequestid = hmcr.hmcrequestid JOIN main.prod_homecare_actransactional_homecare.refe ..."
9,"WITH cte AS (SELECT DISTINCT hmcr.hmcrequestid, DATE_ADD(SECOND, -sr.secondsinprospect, sr.createdate) AS screeningstartdatetime, DATEDIFF(SECOND, hmcr.createdate, DATE_ADD(SECOND, -sr.secondsinprospect, sr.createdate)) AS firstscreeninglagseconds, CASE WHEN hmcr.affiliateid IN (?) THEN ? WHEN hmcr.affiliateid = ? THEN ? WHEN hmcr.affiliateid IN (?) THEN ? WHEN hmcr.affiliateid = ? THEN ? WHEN hmcr.affiliateid = ? THEN ? WHEN hmcr.affiliateid IN (?) THEN ? WHEN hmcr.affiliateid IN (?) THEN ? WHEN hmcr.url LIKE ? OR hmcr.url LIKE ? OR hmcr.url LIKE ? THEN ? WHEN hmcr.url LIKE ? OR hmcr.affiliat ...","select `hmcrequestid`, `ScreeningStartDateTime`, `FirstScreeningLagSeconds`, `AdjChannel`, `requeststatusid`, `outcomeid`, `ScreeningDateTime`, `postalcode`, `RequestDateTime`, `systimezone`, `Adjust_CreateDate`, `DuringOperatingHours`, `RequestHour`, `ScreeningHour`, `TOD`, `CreateDate`, `RequestHa ..."
9,"SELECT cph.providerid, cph.orderid, CONCAT(cph.providerid, ?, cph.orderid) AS providerorderid, cph.orderstatus, cph.orderstatusreason, cph.date, CASE WHEN orderstatusreason = ? OR orderstatus IN (?) THEN ? WHEN orderstatus = ? THEN ? ELSE ? END AS status FROM main.prod_homecare_acreporting_reporting.cartproviderhistory AS cph WHERE cph.date >= DATE_TRUNC('YEAR', CURRENT_TIMESTAMP()) ORDER BY date ASC","select `providerid`, `orderid`, `ProviderOrderID`, `orderstatus`, `orderstatusreason`, `date`, `Status` from ( Select cph.providerid ,cph.orderid ,concat(cph.providerid, ""-"", cph.orderid) ProviderOrderID ,cph.orderstatus ,cph.orderstatusreason ,cph.date ,case when orderstatusreason = 'Monthly Cap Re ..."
9,"WITH cte AS (SELECT o.id AS opportunityid, o.close_date, a.hmc_cart_provider_id_c AS providerid FROM main.community_salesforce.opportunity AS o JOIN main.community_salesforce.account AS a ON a.id = o.account_id WHERE o.is_won = TRUE AND o.close_date >= ?), ctea1 AS (SELECT cte.providerid, p.name AS providername, cph.orderid, cte.close_date, cph.date, cph.orderstatus, LAG(cph.orderstatus) OVER (PARTITION BY cte.providerid, cph.orderid ORDER BY cph.date) AS lag FROM cte LEFT JOIN main.prod_homecare_acreporting_reporting.cartproviderhistory AS cph ON cph.providerid = cte.providerid LEFT JOIN main ...","select `ProviderID`, `ProviderName`, `OrderID`, `ProviderOrderID`, `OrderStatus`, `OrderStatusReason`, `Close_Date`, `FirstActiveDate`, `OrderRemoval`, `LastActiveDate`, `DaysActive`, `Status`, `FirstActivation`, `HasActivation`, `FirstCaseDate`, `ProviderOrder_Age`, `DaystoActivation`, `ordernumber ..."
9,"SELECT * FROM (SELECT o.id AS sf_opportunityid, CAST(o.created_date AS DATE) AS createddate, CAST(o.close_date AS DATE) AS closeddate, o.is_closed, o.is_won, o.owner_id, o.name AS opportunityname, o.hmc_hold_lead_volume_sold_c AS leadvolumesold, a.hmc_cart_provider_id_c AS providerid, a.name AS accountname, a.id AS sfaccountid FROM main.community_salesforce.opportunity AS o LEFT JOIN main.community_salesforce.account AS a ON a.id = o.account_id WHERE close_date >= ?) AS _ WHERE ? = ?","select * from ( Select o.id SF_OpportunityId ,date(o.created_date) CreatedDate ,date(o.close_date) ClosedDate ,o.is_closed ,o.is_won ,o.owner_id ,o.name OpportunityName ,o.hmc_hold_lead_volume_sold_c LeadVolumeSold ,a.hmc_cart_provider_id_c ProviderID ,a.name AccountName ,a.id SFAccountID FROM main. ..."
9,"WITH cte AS (SELECT CASE WHEN agentname = ? THEN ? ELSE agentname END AS agentname, manager, powerbi name FROM main.reporting.hcam_staffing WHERE NOT manager IS NULL), ctea AS (SELECT DISTINCT o.id, o.name AS opportunityname, CAST(o.created_date AS DATE) AS createddate, o.close_date, o.is_won, o.is_closed, o.stage_name AS currentstage, u.name AS hcam, o.account_id, oh.old_value, oh.new_value FROM cte JOIN main.community_salesforce.user AS u ON u.name = cte.agentname JOIN main.community_salesforce.opportunity AS o ON o.owner_id = u.id JOIN main.community_salesforce.opportunity_field_history AS  ...","select `AgentName`, `CreateDate`, `MTDGongCalls`, `ZoomDuration` from ( WITH CTE1 AS( WITH CTE AS( Select CASE WHEN AgentName = 'Karen Isaak' then 'Karen isaak' else AgentName end AgentName ,Manager ,`PowerBI Name` FROM main.reporting.hcam_staffing where Manager is not null ) ,CTEA AS ( Select DISTI ..."
9,"SELECT * FROM (SELECT DISTINCT cph.providerid, CAST(hmcr.createdate AS DATE) AS requestcreatedate, p.name AS providername, COUNT(DISTINCT hmcr.hmcrequestid) AS rls FROM main.prod_homecare_acreporting_reporting.cartproviderhistory AS cph JOIN main.prod_homecare_actransactional_organization.providerservicecoverage AS psc ON psc.providerid = cph.providerid LEFT JOIN main.prod_homecare_insite_directory.hmcrequest AS hmcr ON hmcr.postalcode = psc.postalcode JOIN main.prod_homecare_actransactional_organization.provider AS p ON p.providerid = cph.providerid WHERE cph.contracttype = ? AND cph.date = C ...","select * from ( Select DISTINCT cph.providerid ,date(hmcr.createdate) RequestCreateDate ,p.name ProviderName ,count(distinct hmcr.hmcrequestid) RLs FROM main.prod_homecare_acreporting_reporting.cartproviderhistory cph JOIN main.prod_homecare_actransactional_organization.providerservicecoverage psc o ..."
8,"SELECT DISTINCT dma, zip, CASE WHEN dma IN (?) THEN ? ELSE ? END AS gracedma FROM main.reporting.dim_geography_zip_dma WHERE dma <> ?","select `DMA`, `zip`, `GraceDMA` from ( Select DISTINCT DMA ,zip ,CASE WHEN dma in ('Atlanta','Houston','Boston', 'Chicago', 'Dallas', 'Los Angeles', 'Philadelphia', 'Sacramento', 'San Francisco', 'Tampa', 'Washington DC') then ""Grace DMA"" else 'Non Grace DMA' end GraceDMA FROM main.reporting.dim_geo ..."
8,"WITH cte AS (SELECT o.id AS opportunityid, o.close_date, a.hmc_cart_provider_id_c AS providerid FROM main.community_salesforce.opportunity AS o JOIN main.community_salesforce.account AS a ON a.id = o.account_id WHERE o.close_date >= ?), ctec AS (SELECT cte.providerid, p.name AS providername, cph.orderid, cte.close_date, MIN(date) AS firstactivedate, MAX(date) AS lastactivedate FROM cte LEFT JOIN main.prod_homecare_acreporting_reporting.cartproviderhistory AS cph ON cph.providerid = cte.providerid LEFT JOIN main.prod_homecare_actransactional_organization.provider AS p ON p.providerid = cte.prov ...","select `ProviderID`, `ProviderName`, `OrderID`, `ProviderOrderID`, `OrderStatus`, `OrderStatusReason`, `Close_Date`, `FirstActiveDate`, `LastActiveDate`, `DaysActive`, `Status`, `FirstActivation`, `HasActivation` from ( WITH CTE2 AS( WITH CTE1 AS( WITH CTE AS( Select o.id OpportunityID ,o.close_date ..."
8,"WITH cte AS (SELECT a.accountid, a.name AS accountname, ast.name AS accountstatus, a.accountstatusreasonnote, o.orderid, o.name AS ordername, ost.name AS orderstatus, osrt.name AS orderstatusreason, p.providerid, p.name AS providername FROM main.prod_homecare_actransactional_billing.account AS a LEFT JOIN main.prod_homecare_actransactional_billing.accountstatustype AS ast ON ast.accountstatustypeid = a.accountstatustypeid LEFT JOIN main.prod_homecare_actransactional_ordermanagement.order AS o ON o.accountid = a.accountid LEFT JOIN main.prod_homecare_actransactional_ordermanagement.orderstatust ...","select * from ( WITH CTE1 AS ( WITH CTE AS ( Select a.AccountID ,a.name AccountName ,ast.name AccountStatus ,a.accountstatusreasonnote ,o.orderid ,o.name OrderName ,ost.name OrderStatus ,osrt.name OrderStatusReason ,p.providerid ,p.name ProviderName FROM main.prod_homecare_actransactional_billing.ac ..."
8,"SELECT * FROM (SELECT ref.providerid, p.name AS providername, ref.orderid, ref.referralid, CAST(referredon AS DATE) AS referraldate, CAST(ref.activatedon AS DATE) AS activatedondate, hcc.amount, CASE WHEN htr.hottransferresponseid = ? THEN ref.referralid ELSE NULL END AS hottransferred, CASE WHEN ref.returnapproved = TRUE THEN ref.referralid ELSE NULL END AS returns, hcc.iscredit FROM main.prod_homecare_actransactional_homecare.referral AS ref LEFT JOIN main.prod_homecare_actransactional_billing.homecarecharge AS hcc ON hcc.referralid = ref.referralid LEFT JOIN main.prod_homecare_actransaction ...","select * from ( Select ref.providerid ,p.name ProviderName ,ref.orderid ,ref.referralid ,date(referredon) ReferralDate ,date(ref.activatedon) ActivatedOnDate ,hcc.amount ,CASE WHEN htr.hottransferresponseid = 1 then ref.referralid else null end HotTransferred ,case when ref.returnapproved = true the ..."
8,"WITH cte AS (SELECT o.id AS opportunityid, o.close_date, a.hmc_cart_provider_id_c AS providerid FROM main.community_salesforce.opportunity AS o JOIN main.community_salesforce.account AS a ON a.id = o.account_id WHERE o.is_won = TRUE AND o.close_date >= ?), ctec AS (SELECT cte.providerid, p.name AS providername, cph.orderid, cte.close_date, MIN(date) AS firstactivedate, MAX(date) AS lastactivedate FROM cte LEFT JOIN main.prod_homecare_acreporting_reporting.cartproviderhistory AS cph ON cph.providerid = cte.providerid LEFT JOIN main.prod_homecare_actransactional_organization.provider AS p ON p.p ...","select `ProviderID`, `ProviderName`, `OrderID`, `ProviderOrderID`, `OrderStatus`, `OrderStatusReason`, `Close_Date`, `FirstActiveDate`, `LastActiveDate`, `DaysActive`, `Status`, `FirstActivation`, `HasActivation` from ( WITH CTE2 AS( WITH CTE1 AS( WITH CTE AS( Select o.id OpportunityID ,o.close_date ..."
8,"WITH cte AS (SELECT cph.providerid, p.name AS providername, cph.orderid, o.createdon AS ordercreatedate, LAST_DAY(cph.date) AS lastday, MIN(date) AS firstactivedate, MAX(date) AS lastactivedate, ost.name AS currentorderstatus, osrt.name AS currentorderstatusreasontype, u2.firstname AS hcam, u.firstname AS csm FROM prod_homecare_acreporting_reporting.cartproviderhistory AS cph LEFT JOIN prod_homecare_actransactional_ordermanagement.order AS o ON o.orderid = cph.orderid LEFT JOIN prod_homecare_actransactional_ordermanagement.orderstatustype AS ost ON ost.orderstatustypeid = o.orderstatustypeid L ...","select `ProviderID`, `ProviderName`, `OrderID`, `OrderCreateDate`, `LastDay`, `FirstActiveDate`, `LastActiveDate`, `CurrentOrderStatus`, `CurrentOrderStatusReasonType`, `HCAM`, `CSM`, `providerorders`, `DaystoCancel`, `Attrition`, `Retention`, `rn` from ( WITH CTE AS ( SELECT cph.ProviderID ,p.name  ..."
8,"WITH cte AS (SELECT o.id AS opportunityid, o.close_date, a.hmc_cart_provider_id_c AS providerid FROM main.community_salesforce.opportunity AS o JOIN main.community_salesforce.account AS a ON a.id = o.account_id WHERE o.is_won = TRUE AND o.close_date >= ?), ctea1 AS (SELECT cte.providerid, p.name AS providername, cph.orderid, cte.close_date, cph.date, cph.orderstatus, LAG(cph.orderstatus) OVER (PARTITION BY cte.providerid, cph.orderid ORDER BY cph.date) AS lag FROM cte LEFT JOIN main.prod_homecare_acreporting_reporting.cartproviderhistory AS cph ON cph.providerid = cte.providerid LEFT JOIN main ...","select `ProviderID`, `ProviderName`, `OrderID`, `ProviderOrderID`, `OrderStatus`, `OrderStatusReason`, `Close_Date`, `FirstActiveDate`, `LastActiveDate`, `DaysActive`, `Status`, `FirstActivation`, `HasActivation`, `FirstCaseDate`, `ProviderOrder_Age` from ( WITH CTE3 AS( WITH CTE2 AS( WITH CTE1 AS(  ..."
8,"WITH cte AS (SELECT o.id AS opportunityid, o.close_date, a.hmc_cart_provider_id_c AS providerid FROM main.community_salesforce.opportunity AS o JOIN main.community_salesforce.account AS a ON a.id = o.account_id WHERE o.close_date >= ?), ctea1 AS (SELECT cte.providerid, p.name AS providername, cph.orderid, cte.close_date, cph.date, cph.orderstatus, LAG(cph.orderstatus) OVER (PARTITION BY cte.providerid, cph.orderid ORDER BY cph.date) AS lag FROM cte LEFT JOIN main.prod_homecare_acreporting_reporting.cartproviderhistory AS cph ON cph.providerid = cte.providerid LEFT JOIN main.prod_homecare_actra ...","select `ProviderID`, `ProviderName`, `OrderID`, `ProviderOrderID`, `OrderStatus`, `OrderStatusReason`, `Close_Date`, `FirstActiveDate`, `LastActiveDate`, `DaysActive`, `Status`, `FirstActivation`, `HasActivation`, `FirstCaseDate` from ( WITH CTE3 AS( WITH CTE2 AS( WITH CTE1 AS( WITH CTE AS( Select o ..."
8,"WITH cte AS (SELECT cph.providerid, cph.orderid, MIN(cph.date) AS firstactive, MAX(cph.date) AS lastactive FROM main.prod_homecare_acreporting_reporting.cartproviderhistory AS cph JOIN main.prod_homecare_actransactional_organization.provider AS p ON p.providerid = cph.providerid WHERE (cph.orderstatusreason = ? OR cph.orderstatus IN (?)) AND cph.contracttype = ? AND p.providerorganizationid IS NULL GROUP BY ?, ?), cte1 AS (SELECT cte.providerid, cte.orderid, cte.firstactive, cte.lastactive, DATEDIFF(DAY, cte.firstactive, cte.lastactive) AS daysactive, ost.name AS orderstatus, CASE WHEN o.prepa ...","select `ProviderID`, `OrderID`, `FirstActive`, `LastActive`, `DaysActive`, `OrderStatus`, `OrderReason`, `OrderType`, `Referrals90`, `LifetimeReferrals`, `FreeLeads`, `lastfreelead`, `FirstActivation`, `HasActivation`, `datediff(lastfreelead, firstactive)` from ( WITH CTE1 AS( WITH CTE AS( Select cp ..."
8,"WITH cte AS (SELECT calllogid, agentname, timestamp, LAG(timestamp) OVER (PARTITION BY agentname, CAST(timestamp AS DATE) ORDER BY timestamp) AS lagtimestamp FROM prod_homecare_acreporting_import.five9dailycalllogs WHERE timestamp >= ? AND agentgroup = ?) SELECT agentname, CAST(timestamp AS DATE) AS date, timestamp, calllogid, lagtimestamp, TIMESTAMPDIFF(SECOND, CAST(lagtimestamp AS TIMESTAMP), timestamp) AS callgap, TIMESTAMPDIFF(MINUTE, CAST(lagtimestamp AS TIMESTAMP), timestamp) AS callgap FROM cte","select `AgentName`, `Date`, `timestamp`, `calllogid`, `LagTimeStamp`, `CallGap`, `CallGap2` from ( WITH CTE AS ( Select calllogid ,agentname ,timestamp , lag(timestamp) over(partition by agentname, cast(timestamp as date) order by timestamp) as LagTimeStamp FROM prod_homecare_acreporting_import.five ..."
8,"SELECT agentstatedetailid, agent, agentgroup, agentfirstname, agentlastname, time, LAG(time) OVER (PARTITION BY agent ORDER BY agentstatedetailid DESC) AS endtime, state, reasoncode, mediaavailability, skillavailability, CASE WHEN state = ? OR (state = ? AND reasoncode = ?) THEN ? ELSE ? END AS wastedtime, CASE WHEN state = ? AND (reasoncode IN (?)) THEN ? ELSE ? END AS agentstategroup, agentstatetime, detaildate, CASE WHEN agent = ? THEN ? WHEN agent = ? THEN ? WHEN agent = ? THEN ? WHEN agent = ? THEN ? ELSE LOWER(CONCAT(LEFT(agent, LOCATE(?, agent) - ?), SUBSTRING(agent, LOCATE(?, agent) +  ...","select `AgentStateDetailId`, `Agent`, `AgentGroup`, `AgentFirstName`, `AgentLastName`, `Time`, `EndTime`, `State`, `ReasonCode`, `MediaAvailability`, `SkillAvailability`, `WastedTime`, `AgentStateGroup`, `AgentStateTime`, `DetailDate`, `name_join` from ( SELECT AgentStateDetailId ,Agent ,AgentGroup  ..."
8,"WITH cte AS (SELECT hmcr.hmcrequestid, hmcr.hmcprospectid, postalcode, CASE WHEN hmcr.customflow = ? THEN ? ELSE ? END AS funnel, hmcr.createdate, hmcr.requeststatusid, hmcr.requeststatuscode, CASE WHEN hmcr.affiliateid = ? THEN ? WHEN hmcr.affiliateid IN (?) THEN ? WHEN hmcr.affiliateid = ? THEN ? WHEN hmcr.affiliateid = ? THEN ? WHEN hmcr.affiliateid IN (?) THEN ? WHEN hmcr.affiliateid IN (?) THEN ? WHEN hmcr.url LIKE ? OR hmcr.url LIKE ? OR hmcr.url LIKE ? THEN ? WHEN hmcr.url LIKE ? OR hmcr.affiliateid = ? THEN ? WHEN hmcr.affiliateid IN (?) OR hmcr.url LIKE ? OR hmcr.url LIKE ? THEN ? WHE ...","select * from ( WITH CTE2 AS ( WITH CTE1 AS ( WITH CTE AS ( SELECT hmcr.hmcrequestid ,hmcr.hmcprospectid ,postalcode ,CASE WHEN hmcr.customflow = 1 THEN 'NFE' ELSE 'OFE' END as Funnel ,hmcr.createdate ,HMCR.RequestStatusId ,hmcr.requeststatuscode ,CASE WHEN hmcr.affiliateid = 72 THEN 'APFM' WHEN hmc ..."
8,"SELECT ref.referralid, ref.providerid, htr.hottransferresponseid, hr.name AS hottransferresponse FROM main.prod_homecare_actransactional_homecare.referral AS ref LEFT JOIN main.prod_homecare_actransactional_organization.provider AS p ON p.providerid = ref.providerid LEFT JOIN main.prod_homecare_actransactional_homecare.hottransferresult AS htr ON htr.referralid = ref.referralid LEFT JOIN main.prod_homecare_actransactional_homecare.hottransferresponse AS hr ON hr.hottransferresponseid = htr.hottransferresponseid WHERE p.providerorganizationid = ? AND ref.referredon >= ?","select `referralid`, `providerid`, `hottransferresponseid`, `HotTransferResponse` from ( Select ref.referralid ,ref.providerid ,htr.hottransferresponseid ,hr.name HotTransferResponse FROM main.prod_homecare_actransactional_homecare.referral ref LEFT JOIN main.prod_homecare_actransactional_organizati ..."
8,"SELECT * FROM (SELECT o.owner_id, a.hmc_cart_provider_id_c AS providerid, is_closed, is_won, o.created_date, o.hmc_lead_source_c AS lead_source FROM main.community_salesforce.opportunity AS o LEFT JOIN main.community_salesforce.account AS a ON a.id = o.account_id WHERE o.created_date >= ?) AS _ WHERE ? = ?","select * from ( Select o.owner_id ,a.hmc_cart_provider_id_c ProviderID ,is_closed ,is_won ,o.created_date ,o.hmc_lead_source_c Lead_Source FROM main.community_salesforce.opportunity o LEFT JOIN main.community_salesforce.account a on a.id = o.account_id WHERE o.created_date >= '2025-07-01' ) as `_` w ..."
8,"WITH cte AS (SELECT DISTINCT p.accountid, p.amount, p.createdon, DATE_FORMAT(p.createdon, ?) AS paymentmonthyearid, CASE WHEN p.paymentstatustypeid = ? THEN ? ELSE NULL END AS payment FROM main.prod_homecare_actransactional_billing.payment AS p LEFT JOIN main.prod_homecare_actransactional_ordermanagement.order AS o ON o.accountid = p.accountid LEFT JOIN main.prod_homecare_actransactional_ordermanagement.orderprovider AS op ON op.orderid = o.orderid LEFT JOIN main.prod_homecare_actransactional_organization.provider AS pro ON pro.providerid = op.providerid LEFT JOIN main.prod_homecare_actransact ...","select `AccountID`, `amount`, `createdon`, `PaymentMonthYearId`, `Payment` from ( WITH CTE AS ( Select DISTINCT p.AccountID ,p.amount ,p.createdon ,date_format(p.createdon, 'yyyyMM') PaymentMonthYearId ,CASE WHEN p.paymentstatustypeid = 1 then 'Payment' else null end Payment FROM main.prod_homecare_ ..."
8,"SELECT DISTINCT req.hmcrequestid, referralid, referralstatustypeid, returnapproved, modifiedon, req.createdate, ref.createdon, ref.hmcleadid, orderid FROM prod_homecare_actransactional_homecare.referral AS ref LEFT JOIN prod_homecare_insite_directory.hmclead AS l ON l.hmcleadid = ref.hmcleadid LEFT JOIN prod_homecare_insite_directory.hmcrequest AS req ON l.hmcrequestid = req.hmcrequestid WHERE (billingtypeid = ? AND NOT ref.hmcleadid IS NULL) AND ref.createdon > ? ORDER BY ref.hmcleadid","select `HMCRequestID`, `ReferralID`, `ReferralStatusTypeID`, `Returnapproved`, `ModifiedOn`, `createdate`, `CreatedOn`, `HMCLeadID`, `OrderID` from ( SELECT DISTINCT req.HMCRequestID ,ReferralID ,ReferralStatusTypeID ,Returnapproved ,ModifiedOn ,req.createdate ,ref.CreatedOn ,ref.HMCLeadID ,OrderID  ..."
8,"SELECT rn.referralnoteid, rn.referralprocessstageid, rn.createdon, p.name AS providername, rn.referralid, r.providerid, CASE WHEN ref.referredon <= ? THEN LEFT(rn.notes, LOCATE(?, rn.notes)) ELSE rprt.name END AS returnreason, RIGHT(rn.notes, LENGTH(rn.notes) - LOCATE(?, rn.notes)) AS returnnote, u.firstname, po.name AS orgname, r.digitaljourney FROM main.prod_homecare_actransactional_homecare.referral AS ref LEFT JOIN prod_homecare_actransactional_homecare.referralnote AS rn ON ref.referralid = rn.referralid LEFT JOIN main.prod_homecare_actransactional_homecare.referralreturnrequest AS rr ON  ...","select `ReferralNoteID`, `ReferralProcessStageID`, `CreatedOn`, `ProviderName`, `ReferralID`, `ProviderID`, `ReturnReason`, `ReturnNote`, `FirstName`, `OrgName`, `digitaljourney` from ( SELECT rn.ReferralNoteID ,rn.ReferralProcessStageID ,rn.CreatedOn ,p.name ProviderName ,rn.ReferralID ,r.ProviderI ..."
8,"WITH cte AS (SELECT DISTINCT cph.date, COUNT(DISTINCT cph.providerid) AS providers, DATE_FORMAT(cph.date, ?) AS monthyearid, dma, CASE WHEN p.providerorganizationid IS NULL THEN ? ELSE ? END AS org FROM main.prod_homecare_acreporting_reporting.cartproviderhistory AS cph LEFT JOIN main.prod_homecare_actransactional_organization.providerservicecoverage AS psc ON psc.providerid = cph.providerid LEFT JOIN main.reporting.dim_geography_zip_dma AS dma ON dma.zip = psc.postalcode LEFT JOIN main.prod_homecare_actransactional_organization.provider AS p ON p.providerid = cph.providerid WHERE (cph.date =  ...","select `MonthyearID`, `DMA`, `Org`, `Providers`, `Last3Providers`, `First3Providers` from ( WITH CTE AS ( Select Distinct cph.Date ,count(distinct cph.providerid) Providers ,date_format(cph.date, 'yyyyMM') MonthYearID ,DMA ,CASE WHEN p.providerorganizationid is null then ""Independent"" else ""Franchis ..."
8,"SELECT * FROM (SELECT c.id AS caseid, c.type, c.status, CAST(c.created_date AS DATE) AS casecreatedate, CAST(c.closed_date AS DATE) AS caseclosedate, c.origin, c.initial_onboarding_c, c.service_area_set_up_guide_c, c.the_art_of_conversion_c, c.rise_above_c, c.nurturing_for_results_c, c.portal_proficiency_c, c.catered_follow_up_c, c.hmc_ob_outreach_attempts_c, c.apfm_internal_onboarding_comments_c, u.name AS csm, c.account_id, CASE WHEN NOT c.initial_onboarding_c IS NULL THEN ? ELSE ? END AS initialonboarding, a.hmc_cart_provider_id_c AS providerid FROM main.community_salesforce.case AS c LEFT  ...","select * from ( Select c.id CaseID ,c.type ,c.status ,date(c.created_date) CaseCreateDate ,date(c.closed_date) CaseCloseDate ,c.origin ,c.initial_onboarding_c ,c.service_area_set_up_guide_c ,c.the_art_of_conversion_c ,c.rise_above_c ,c.nurturing_for_results_c ,c.portal_proficiency_c ,c.catered_follo ..."
8,"SELECT * FROM (SELECT ref.referralid, ref.providerid, htr.hottransferresponseid, hr.name AS hottransferresponse FROM main.prod_homecare_actransactional_homecare.referral AS ref LEFT JOIN main.prod_homecare_actransactional_organization.provider AS p ON p.providerid = ref.providerid LEFT JOIN main.prod_homecare_actransactional_homecare.hottransferresult AS htr ON htr.referralid = ref.referralid LEFT JOIN main.prod_homecare_actransactional_homecare.hottransferresponse AS hr ON hr.hottransferresponseid = htr.hottransferresponseid WHERE p.providerorganizationid = ? AND ref.referredon >= ?) AS _ WHE ...","select * from ( Select ref.referralid ,ref.providerid ,htr.hottransferresponseid ,hr.name HotTransferResponse FROM main.prod_homecare_actransactional_homecare.referral ref LEFT JOIN main.prod_homecare_actransactional_organization.provider p on p.providerid = ref.providerid LEFT JOIN main.prod_homeca ..."
8,"SELECT * FROM (SELECT DISTINCT hmcr.hmcrequestid, ref.referralid, rpt.name AS primary, rsr.name AS secondary FROM main.prod_homecare_insite_directory.hmcrequest AS hmcr JOIN main.prod_homecare_insite_directory.hmclead AS hmcl ON hmcl.hmcrequestid = hmcr.hmcrequestid JOIN main.prod_homecare_actransactional_homecare.referral AS ref ON ref.hmcleadid = hmcl.hmcleadid JOIN main.prod_homecare_actransactional_homecare.referralreturnrequest AS rrr ON rrr.referralid = ref.referralid JOIN main.prod_homecare_actransactional_homecare.referralreturnprimaryreasontype AS rpt ON rpt.referralreturnprimaryreaso ...","select * from ( Select distinct hmcr.hmcrequestid ,ref.referralid ,rpt.name Primary ,rsr.name Secondary ---,rrrt.name FROM main.prod_homecare_insite_directory.hmcrequest hmcr JOIN main.prod_homecare_insite_directory.hmclead hmcl on hmcl.hmcrequestid = hmcr.hmcrequestid JOIN main.prod_homecare_actran ..."
8,"WITH ctea AS (SELECT DISTINCT s.accountid, s.balance, s.duedate, DATE_FORMAT(s.duedate, ?) AS paymentmonth, LAG(s.balance) OVER (PARTITION BY s.accountid ORDER BY s.duedate) AS priormonth FROM main.prod_homecare_actransactional_billing.statement AS s LEFT JOIN main.prod_homecare_actransactional_billing.account AS a ON a.accountid = s.accountid LEFT JOIN main.prod_homecare_actransactional_ordermanagement.order AS o ON o.accountid = s.accountid LEFT JOIN main.prod_homecare_actransactional_ordermanagement.orderprovider AS op ON op.orderid = o.orderid LEFT JOIN main.prod_homecare_actransactional_o ...","select * from ( with CTEA AS ( Select DISTINCT s.accountid ,s.balance ,s.duedate ,date_format(s.duedate, 'yyyyMM') paymentMonth ,lag(s.balance) OVER (PARTITION BY s.accountid ORDER BY s.duedate ) PriorMonth FROM main.prod_homecare_actransactional_billing.statement s LEFT JOIN main.prod_homecare_actr ..."
8,"SELECT * FROM (SELECT dateid, dayofweek, dayofmonth, monthyearid, date, month, year, dayofyear, monthname, WEEKOFYEAR(date) AS weekofyear FROM prod_homecare_acreporting_reporting.dimdate WHERE date > ? AND date < DATE_ADD(YEAR, ?, DATE_TRUNC('YEAR', CURRENT_TIMESTAMP()))) AS _ WHERE ? = ?","select * from ( Select DateID ,DayofWeek ,DayofMonth ,MonthYearID ,Date ,Month ,Year ,DayofYear ,MonthName ,weekofyear(date) WeekofYear FROM prod_homecare_acreporting_reporting.dimdate where date > '2024' and date < date_add(Year, 1,date_trunc('year',getdate())) ) as `_` where 0 = 1"
8,"WITH cte AS (SELECT o.id AS opportunityid, o.close_date, a.hmc_cart_provider_id_c AS providerid FROM main.community_salesforce.opportunity AS o JOIN main.community_salesforce.account AS a ON a.id = o.account_id WHERE o.close_date >= ?), ctea1 AS (SELECT cte.providerid, p.name AS providername, cph.orderid, cte.close_date, cph.date, cph.orderstatus, LAG(cph.orderstatus) OVER (PARTITION BY cte.providerid, cph.orderid ORDER BY cph.date) AS lag FROM cte LEFT JOIN main.prod_homecare_acreporting_reporting.cartproviderhistory AS cph ON cph.providerid = cte.providerid LEFT JOIN main.prod_homecare_actra ...","select * from ( WITH CTE3 AS( WITH CTE2 AS( WITH CTE1 AS( WITH CTE AS( Select o.id OpportunityID ,o.close_date ,a.hmc_cart_provider_id_c ProviderID FROM main.community_salesforce.opportunity o JOIN main.community_salesforce.account a on a.id = o.account_id WHERE --o.is_won = true o.close_date >= '20 ..."
8,"SELECT * FROM (SELECT *, DATE_FORMAT(date, ?) AS monthyearcharge, DATE_FORMAT(DATE_ADD(MONTH, -?, DATE_TRUNC('MONTH', date)), ?) AS 3monthago, CAST(DATE_ADD(MONTH, -?, DATE_TRUNC('MONTH', date)) AS DATE) AS 3monthagodate FROM prod_homecare_acreporting_reporting.dimdate WHERE date >= DATE_ADD(YEAR, -?, DATE_TRUNC('YEAR', CURRENT_TIMESTAMP())) AND date < DATE_ADD(YEAR, ?, DATE_TRUNC('YEAR', CURRENT_TIMESTAMP()))) AS _ WHERE ? = ?","select * from ( Select * ,date_format(date,'MM-yyyy') MonthYearCharge ,date_format(date_add(Month, -3, date_trunc('Month', date)),'MMMM') 3Monthago ,date(date_add(Month, -3, date_trunc('Month', date))) 3MonthagoDate from prod_homecare_acreporting_reporting.dimdate where date >= dateadd(Year,-1, date ..."
8,"SELECT * FROM (SELECT hottransferresultid, htr.providerid, lid.leadid, htr.hottransferresponseid, hs.name AS hottransferresponse, CAST(r.referredon AS DATE) AS referraldate, p.warmtransferphonenumber, CONCAT(l.contactfirstname, ?, l.contactlastname) AS contactname, CONCAT(l.firstname, ?, l.lastname) AS residentname, l.contactphone, l.contactemail FROM prod_homecare_actransactional_homecare.hottransferresult AS htr LEFT JOIN prod_homecare_actransactional_homecare.lead AS l ON l.leadid = htr.leadid LEFT JOIN prod_homecare_actransactional_homecare.referral AS r ON htr.providerid = r.providerid AN ...","select * from ( SELECT HotTransferResultID ,htr.ProviderID ,lid.LeadID ,htr.HotTransferResponseID ,hs.name HotTransferResponse ,date(r.referredon) ReferralDate ,p.warmtransferphonenumber ,CONCAT(l.ContactFirstName, ' ',l.ContactLastName) AS ContactName ,CONCAT(l.FirstName,' ',l.LastName) AS Resident ..."
8,"SELECT * FROM (SELECT ref.referralid, ref.orderid, CASE WHEN ref.activatedon IS NULL THEN NULL ELSE ref.referralid END AS activated, CONCAT(ref.providerid, ?, ref.orderid) AS providerorder, ref.providerid, CASE WHEN ref.orderid = ? THEN ? ELSE ? END AS ordertype, CAST(ref.referredon AS DATE) AS referraldate FROM main.prod_homecare_actransactional_homecare.referral AS ref LEFT JOIN main.prod_homecare_actransactional_organization.provider AS p ON p.providerid = ref.providerid WHERE p.providerorganizationid = ? AND ref.referredon >= ? AND ref.billingtypeid = ? AND NOT ref.hmcleadid IS NULL) AS _  ...","select * from ( Select ref.referralid ,ref.orderid ,case when ref.activatedon is null then null else ref.referralid end Activated ,concat(ref.providerid, ""-"", ref.orderid) ProviderOrder ,ref.providerid ,Case when ref.orderid = 3265 then 'Corporate Order' else 'Individual Order' end OrderType ,date(r ..."
8,"WITH cte AS (SELECT DISTINCT hmcr.hmcrequestid, hmcr.hmcprospectid, hmcr.postalcode, hmcr.affiliateid, hmcr.affiliateinquiryid, apfm.lt_form_submit_channel, CASE WHEN hmcr.customflow = ? THEN ? ELSE ? END AS flow, CASE WHEN hmcr.affiliateid IN (?) THEN ? WHEN hmcr.affiliateid = ? THEN ? WHEN hmcr.affiliateid IN (?) THEN ? WHEN hmcr.affiliateid = ? THEN ? WHEN hmcr.affiliateid = ? THEN ? WHEN hmcr.affiliateid IN (?) THEN ? WHEN hmcr.affiliateid IN (?) THEN ? WHEN hmcr.url LIKE ? OR hmcr.url LIKE ? OR hmcr.url LIKE ? THEN ? WHEN hmcr.url LIKE ? OR hmcr.affiliateid = ? THEN ? WHEN hmcr.affiliatei ...","select * from ( WITH CTE3 AS (WITH CTE2 AS (WITH CTE AS (SELECT distinct hmcr.HMCRequestID ,hmcr.HMCProspectID ,hmcr.postalcode ,hmcr.affiliateid ,hmcr.affiliateinquiryid ,apfm.lt_form_submit_channel ,CASE WHEN hmcr.customflow =1 then 'NFE' ELSE 'OFE' END as Flow ,CASE WHEN hmcr.affiliateid in (140, ..."
7,"SELECT p.accountid, p.amount, MAX(DATE_FORMAT(CASE WHEN NOT p.forstatementid IS NULL THEN DATE_ADD(MONTH, -?, DATE_TRUNC('MONTH', p.createdon)) ELSE p.createdon END, ?)) AS paymentdate, MAX(p.createdon) AS createdon FROM prod_homecare_actransactional_billing.payment AS p WHERE p.paymentstatustypeid IN (?) GROUP BY ?, ?","select `accountid`, `amount`, `PaymentDate`, cast(`createdon` as DATE) as `C1` from ( Select p.accountid ,p.amount ,max(date_format(case when p.forstatementid is not null then dateadd(Month, -1, date_trunc('Month', p.createdon)) else p.createdon end, 'yyyyMM')) PaymentDate ,max(p.createdon) createdo ..."
7,"WITH cte AS (SELECT o.id AS opportunityid, o.close_date, a.hmc_cart_provider_id_c AS providerid FROM main.community_salesforce.opportunity AS o JOIN main.community_salesforce.account AS a ON a.id = o.account_id WHERE o.close_date >= ?), ctec AS (SELECT cte.providerid, p.name AS providername, cph.orderid, cte.close_date, MIN(date) AS firstactivedate, MAX(date) AS lastactivedate FROM cte LEFT JOIN main.prod_homecare_acreporting_reporting.cartproviderhistory AS cph ON cph.providerid = cte.providerid LEFT JOIN main.prod_homecare_actransactional_organization.provider AS p ON p.providerid = cte.prov ...","select `ProviderID`, `ProviderName`, `OrderID`, `ProviderOrderID`, `OrderStatus`, `OrderStatusReason`, `Close_Date`, `FirstActiveDate`, `LastActiveDate`, `DaysActive`, `Status`, `FirstActivation`, `HasActivation` from ( WITH CTE2 AS( WITH CTE1 AS( WITH CTE AS( Select o.id OpportunityID ,o.close_date ..."
7,"WITH cte1 AS (SELECT r.region_id AS regionid, r.region_name AS regionname, zr.zip5 FROM main.prod_ygl_apfm.zip_region AS zr JOIN main.prod_ygl_apfm.region AS r ON r.region_id = zr.region_id JOIN main.prod_ygl_apfm.region_use AS ru ON ru.region_id = zr.region_id AND ru.region_type_code = zr.region_type_code WHERE ru.region_type_code = ? AND r.region_name = ? AND r.active = ? AND zr._fivetran_deleted = FALSE AND r._fivetran_deleted = FALSE AND ru._fivetran_deleted = FALSE ORDER BY r.region_id, zr.zip5), cte AS (SELECT DISTINCT CASE WHEN zip5 IS NULL THEN ? ELSE ? END AS dma, dma.zip FROM main.re ...","select `DMA`, `monthyearid`, `ActivePlus`, `ActiveEOM` from ( WITH CTE AS( WITH CTE1 AS( SELECT r.region_id AS regionId, r.region_name AS regionName, zr.zip5 FROM main.prod_ygl_apfm.zip_region AS zr JOIN main.prod_ygl_apfm.region AS r ON r.region_id = zr.region_id JOIN main.prod_ygl_apfm.region_use  ..."
7,"SELECT p.name AS providername, p.providerid, o.name AS ordername, o.orderid, o.createdon AS ordercreatedate, CONCAT(p.providerid, ?, o.orderid) AS providerorder, DATEDIFF(DAY, o.createdon, CURRENT_TIMESTAMP()) AS daysactive, ost.name AS currentorderstatus, osrt.name AS currentorderreason FROM main.prod_homecare_actransactional_organization.provider AS p JOIN main.prod_homecare_actransactional_ordermanagement.orderprovider AS op ON op.providerid = p.providerid JOIN main.prod_homecare_actransactional_ordermanagement.order AS o ON o.orderid = op.orderid LEFT JOIN main.prod_homecare_actransactiona ...","select `ProviderName`, `providerid`, `OrderName`, `orderid`, `OrderCreateDate`, `ProviderOrder`, `DaysActive`, `CurrentOrderStatus`, `CurrentOrderReason` from ( Select p.name ProviderName ,p.providerid ,o.name OrderName ,o.orderid ,o.createdon OrderCreateDate ,concat(p.providerid, ""-"", o.orderid) Pr ..."
7,"SELECT hmcr.hmcrequestid, ref.referralid, rpt.name AS primary, rsr.name AS secondary FROM main.prod_homecare_insite_directory.hmcrequest AS hmcr JOIN main.prod_homecare_insite_directory.hmclead AS hmcl ON hmcl.hmcrequestid = hmcr.hmcrequestid JOIN main.prod_homecare_actransactional_homecare.referral AS ref ON ref.hmcleadid = hmcl.hmcleadid JOIN main.prod_homecare_actransactional_homecare.referralreturnrequest AS rrr ON rrr.referralid = ref.referralid JOIN main.prod_homecare_actransactional_homecare.referralreturnprimaryreasontype AS rpt ON rpt.referralreturnprimaryreasontypeid = rrr.primaryrea ...","select `hmcrequestid`, `referralid`, `Primary`, `Secondary` from ( Select hmcr.hmcrequestid ,ref.referralid ,rpt.name Primary ,rsr.name Secondary FROM main.prod_homecare_insite_directory.hmcrequest hmcr JOIN main.prod_homecare_insite_directory.hmclead hmcl on hmcl.hmcrequestid = hmcr.hmcrequestid JO ..."
7,"WITH cte AS (SELECT DISTINCT date, DATE_FORMAT(cph.date, ?) AS monthyear, monthlysent, monthlycap FROM main.prod_homecare_acreporting_reporting.cartproviderhistory AS cph WHERE cph.orderid = ? AND date >= ? AND (date = LAST_DAY(date) OR date = CAST(CURRENT_TIMESTAMP() AS DATE))), cte1 AS (SELECT DISTINCT cph.date, DATE_FORMAT(cph.date, ?) AS monthyear, CASE WHEN cte.date = LAST_DAY(cte.date) THEN cte.monthlysent ELSE cte.monthlycap END AS hicap FROM cte LEFT JOIN main.prod_homecare_acreporting_reporting.cartproviderhistory AS cph ON IF(DAY(cte.date) >= ?, (DAY(cph.date) = ? AND MONTH(cph.date) ...","select * from ( WITH CTE2 AS( WITH CTE1 AS( WITH CTE AS ( Select Distinct date ,date_format( cph.date, 'MMyyyy') MonthYear ,monthlysent ,monthlycap FROM main.prod_homecare_acreporting_reporting.cartproviderhistory cph WHERE cph.orderid = 2774 and date >= '2025' and (date = last_day(date) or date= da ..."
7,"WITH cte AS (SELECT hmcr.hmcrequestid, hmcr.hmcprospectid, postalcode, CASE WHEN hmcr.customflow = ? THEN ? ELSE ? END AS funnel, hmcr.createdate, hmcr.requeststatusid, hmcr.requeststatuscode, CASE WHEN hmcr.affiliateid = ? THEN ? WHEN hmcr.affiliateid = ? THEN ? WHEN hmcr.affiliateid IN (?) THEN ? WHEN hmcr.affiliateid = ? THEN ? WHEN hmcr.affiliateid = ? THEN ? WHEN hmcr.affiliateid IN (?) THEN ? WHEN hmcr.affiliateid IN (?) THEN ? WHEN hmcr.url LIKE ? OR hmcr.url LIKE ? OR hmcr.url LIKE ? THEN ? WHEN hmcr.url LIKE ? OR hmcr.affiliateid = ? THEN ? WHEN hmcr.affiliateid IN (?) OR hmcr.url LIK ...","select * from ( WITH CTE2 AS ( WITH CTE1 AS ( WITH CTE AS ( SELECT hmcr.hmcrequestid ,hmcr.hmcprospectid ,postalcode ,CASE WHEN hmcr.customflow = 1 THEN 'NFE' ELSE 'OFE' END as Funnel ,hmcr.createdate ,HMCR.RequestStatusId ,hmcr.requeststatuscode ,CASE WHEN hmcr.affiliateid =140 then ""Grace"" WHEN hm ..."
7,"SELECT dateid, date, dayofyear, dayofmonth, dayofweek, weekdayname, month, monthname, year, monthyearid, CASE WHEN date >= ? THEN ? ELSE ? END AS testgroup FROM prod_homecare_acreporting_reporting.dimdate WHERE date <= DATE_ADD(YEAR, ?, DATE_TRUNC('YEAR', CURRENT_TIMESTAMP())) AND date >= DATE_ADD(YEAR, -?, DATE_TRUNC('YEAR', CURRENT_TIMESTAMP())) ORDER BY date ASC","select `DateID`, `Date`, `DayOfYear`, `DayOfMonth`, `DayOfWeek`, `WeekDayName`, `Month`, `MonthName`, `Year`, `MonthYearID`, `TestGroup` from ( SELECT DateID ,Date ,DayOfYear ,DayOfMonth ,DayOfWeek ,WeekDayName ,Month ,MonthName ,Year ,MonthYearID ,CASE WHEN date >= '2025-11-01' then 'Post Test' els ..."
7,"SELECT * FROM (SELECT ref.referralid, ref.orderid, ref.providerid, CASE WHEN ref.orderid = ? THEN ? ELSE ? END AS ordertype, CAST(ref.referredon AS DATE) AS referraldate FROM main.prod_homecare_actransactional_homecare.referral AS ref LEFT JOIN main.prod_homecare_actransactional_organization.provider AS p ON p.providerid = ref.providerid WHERE p.providerorganizationid = ? AND ref.referredon >= ? AND ref.billingtypeid = ? AND NOT ref.hmcleadid IS NULL) AS _ WHERE ? = ?","select * from ( Select ref.referralid ,ref.orderid ,ref.providerid ,Case when ref.orderid = 3265 then 'Corporate Order' else 'Individual Order' end OrderType ,date(ref.referredon) ReferralDate FROM main.prod_homecare_actransactional_homecare.referral ref LEFT JOIN main.prod_homecare_actransactional_ ..."
7,"WITH cte AS (SELECT o.id AS opportunityid, o.close_date, a.hmc_cart_provider_id_c AS providerid FROM main.community_salesforce.opportunity AS o JOIN main.community_salesforce.account AS a ON a.id = o.account_id WHERE o.is_won = TRUE AND o.close_date >= ?), ctea1 AS (SELECT cte.providerid, p.name AS providername, cph.orderid, cte.close_date, cph.date, cph.orderstatus, LAG(cph.orderstatus) OVER (PARTITION BY cte.providerid, cph.orderid ORDER BY cph.date) AS lag FROM cte LEFT JOIN main.prod_homecare_acreporting_reporting.cartproviderhistory AS cph ON cph.providerid = cte.providerid LEFT JOIN main ...","select `ProviderID`, `ProviderName`, `OrderID`, `ProviderOrderID`, `OrderStatus`, `OrderStatusReason`, `Close_Date`, `FirstActiveDate`, `OrderRemoval`, `LastActiveDate`, `DaysActive`, `Status`, `FirstActivation`, `HasActivation`, `FirstCaseDate`, `ProviderOrder_Age`, `DaystoActivation`, `ordernumber ..."
7,"SELECT dateid, dayofweek, dayofmonth, monthyearid, date, month, year, dayofyear, monthname, WEEKOFYEAR(date) AS weekofyear FROM prod_homecare_acreporting_reporting.dimdate WHERE date > ? AND date < DATE_ADD(YEAR, ?, DATE_TRUNC('YEAR', CURRENT_TIMESTAMP()))","select `DateID`, `DayofWeek`, `DayofMonth`, `MonthYearID`, `Date`, `Month`, `Year`, `DayofYear`, `MonthName`, `WeekofYear` from ( Select DateID ,DayofWeek ,DayofMonth ,MonthYearID ,Date ,Month ,Year ,DayofYear ,MonthName ,weekofyear(date) WeekofYear FROM prod_homecare_acreporting_reporting.dimdate w ..."
7,"WITH cte AS (SELECT o.id AS opportunityid, o.close_date, a.hmc_cart_provider_id_c AS providerid FROM main.community_salesforce.opportunity AS o JOIN main.community_salesforce.account AS a ON a.id = o.account_id WHERE o.is_won = TRUE AND o.close_date >= ?), cte1 AS (SELECT cte.providerid, p.name AS providername, cph.orderid, cte.close_date, MIN(date) AS firstactivedate, MAX(date) AS lastactivedate FROM cte JOIN main.prod_homecare_acreporting_reporting.cartproviderhistory AS cph ON cph.providerid = cte.providerid LEFT JOIN main.prod_homecare_actransactional_organization.provider AS p ON p.provid ...","select * from ( WITH CTE2 AS( WITH CTE1 AS( WITH CTE AS( Select o.id OpportunityID ,o.close_date ,a.hmc_cart_provider_id_c ProviderID FROM main.community_salesforce.opportunity o JOIN main.community_salesforce.account a on a.id = o.account_id WHERE o.is_won = true and o.close_date >= '2026-01-01' )  ..."
7,"SELECT o.owner_id, a.hmc_cart_provider_id_c AS providerid, is_closed, is_won, o.created_date, o.hmc_lead_source_c AS lead_source FROM main.community_salesforce.opportunity AS o LEFT JOIN main.community_salesforce.account AS a ON a.id = o.account_id WHERE o.created_date >= ?","select `owner_id`, `ProviderID`, `is_closed`, `is_won`, `created_date`, `Lead_Source` from ( Select o.owner_id ,a.hmc_cart_provider_id_c ProviderID ,is_closed ,is_won ,o.created_date ,o.hmc_lead_source_c Lead_Source FROM main.community_salesforce.opportunity o LEFT JOIN main.community_salesforce.acc ..."
7,"WITH cte AS (SELECT DISTINCT date, DATE_FORMAT(cph.date, ?) AS monthyear, monthlysent, monthlycap FROM main.prod_homecare_acreporting_reporting.cartproviderhistory AS cph WHERE cph.orderid = ? AND date >= ? AND (date = LAST_DAY(date) OR date = CAST(CURRENT_TIMESTAMP() AS DATE))), cte1 AS (SELECT DISTINCT cph.date, DATE_FORMAT(cph.date, ?) AS monthyear, CASE WHEN cte.date = LAST_DAY(cte.date) THEN cte.monthlysent ELSE cte.monthlycap END AS hicap FROM cte LEFT JOIN main.prod_homecare_acreporting_reporting.cartproviderhistory AS cph ON IF(DAY(cte.date) >= ?, (DAY(cph.date) = ? AND MONTH(cph.date) ...","select * from ( WITH CTE2 AS( WITH CTE1 AS( WITH CTE AS ( Select Distinct date ,date_format( cph.date, 'MMyyyy') MonthYear ,monthlysent ,monthlycap FROM main.prod_homecare_acreporting_reporting.cartproviderhistory cph WHERE cph.orderid = 2774 and date >= '2025' and (date = last_day(date) or date= da ..."
7,"SELECT DISTINCT cph.date, COUNT(DISTINCT CONCAT(cph.providerid, ?, cph.orderid)) AS providerorders, COUNT(DISTINCT CASE WHEN cph.orderstatusreason = ? THEN CONCAT(cph.providerid, ?, cph.orderid) ELSE NULL END) AS cappedproviderorders, COUNT(cph.providerid) AS providers, COUNT(cph.orderid) AS orders FROM main.prod_homecare_acreporting_reporting.cartproviderhistory AS cph WHERE date >= ? AND contracttype = ? AND (cph.orderstatus IN (?) OR cph.orderstatusreason = ?) GROUP BY ?","select `date`, `ProviderOrders`, `CappedProviderOrders`, `Providers`, `Orders` from ( Select distinct cph.date ,count(distinct concat(cph.providerid, '-',cph.orderid)) ProviderOrders ,Count(distinct case when cph.orderstatusreason = 'Monthly Cap Reached' then concat(cph.providerid, '-',cph.orderid)  ..."
7,"WITH cte AS (SELECT DISTINCT CASE WHEN dma IS NULL THEN ? ELSE dma END AS dma_name, CASE WHEN dma IN (?) THEN ? ELSE ? END AS group, psc.providerid, totalpostalcodes, CASE WHEN p.providerorganizationid IS NULL THEN ? ELSE ? END AS org, COUNT(DISTINCT psc.postalcode) AS postalcodes FROM prod_homecare_actransactional_organization.providerservicecoverage AS psc LEFT JOIN prod_homecare_actransactional_organization.provider AS p ON psc.providerid = p.providerid LEFT JOIN reporting.dim_geography_zip_dma AS dma ON psc.postalcode = dma.zip LEFT JOIN (SELECT providerid, COUNT(DISTINCT postalcode) AS to ...","select `DMA_Name`, `Group`, `ProviderID`, `TotalPostalCodes`, `PostalCodes`, `(PostalCodes / TotalPostalCodes)`, `Org`, `DMA_Grouping` from ( WITH CTE AS ( Select Distinct CASE WHEN DMA is null then ""NA"" else DMA end DMA_Name ,CASE WHEN DMA in ('Yuma', 'Youngstown', 'Glendive', 'Alpena', 'Fairbanks' ..."
7,"WITH cte AS (SELECT hmcr.hmcrequestid, hmcr.hmcprospectid, hmcpd.disqualifier AS disqualifier2, hmcp.disqualifierreason, hmcr.affiliateid FROM prod_homecare_insite_directory.hmcrequest AS hmcr LEFT JOIN prod_homecare_insite_directory.hmcprospect AS hmcp ON hmcp.hmcprospectid = hmcr.hmcprospectid LEFT JOIN prod_homecare_insite_directory.hmcprospectdisqualifier AS hmcpd ON hmcpd.hmcprospectdisqualifierid = hmcp.disqualifier), cte1 AS (SELECT hmcrequestid, hmcprospectid AS hmcprospectid2, disqualifier2, disqualifierreason, affiliateid AS affiliateid2 FROM cte WHERE affiliateid IN (?)), ctea AS (S ...","select `HMCRequestID`, `HMCProspectID`, `disqualifier`, `Channel`, `userid`, `requeststatusid`, `ISDJ`, `DJStep`, `DJType`, cast(`adjust_createdate` as DATE) as `C1`, `Time`, `disqualifierfixed`, `disqualifierreason_fixed`, `disqualifierreason` from ( WITH CTEB AS( WITH CTEA AS ( WITH CTE1 AS ( WITH ..."
7,"WITH cte AS (SELECT DISTINCT hmcr.hmcrequestid, DATE_ADD(SECOND, -sr.secondsinprospect, sr.createdate) AS screeningstartdatetime, DATEDIFF(SECOND, hmcr.createdate, DATE_ADD(SECOND, -sr.secondsinprospect, sr.createdate)) AS firstscreeninglagseconds, CASE WHEN hmcr.affiliateid IN (?) THEN ? WHEN hmcr.affiliateid = ? THEN ? WHEN hmcr.affiliateid IN (?) THEN ? WHEN hmcr.affiliateid = ? THEN ? WHEN hmcr.affiliateid = ? THEN ? WHEN hmcr.affiliateid IN (?) THEN ? WHEN hmcr.affiliateid IN (?) THEN ? WHEN hmcr.url LIKE ? OR hmcr.url LIKE ? OR hmcr.url LIKE ? THEN ? WHEN hmcr.url LIKE ? OR hmcr.affiliat ...","select * from ( WITH CTE (Select DISTINCT hmcr.hmcrequestid ,dateadd(second, -sr.SecondsInProspect, sr.createdate) ScreeningStartDateTime ,DATEDIFF(second, hmcr.createdate, DATEADD(second, -sr.SecondsInProspect, sr.createdate)) FirstScreeningLagSeconds ,CASE WHEN hmcr.affiliateid in (140,141) then "" ..."
7,"SELECT o.id AS sf_opportunityid, CAST(o.created_date AS DATE) AS createddate, CAST(o.close_date AS DATE) AS closeddate, o.is_closed, o.is_won, o.owner_id, o.name AS opportunityname, o.hmc_hold_lead_volume_sold_c AS leadvolumesold, a.hmc_cart_provider_id_c AS providerid, a.name AS accountname, a.id AS sfaccountid FROM main.community_salesforce.opportunity AS o LEFT JOIN main.community_salesforce.account AS a ON a.id = o.account_id WHERE close_date >= ?","select `SF_OpportunityId`, `CreatedDate`, `ClosedDate`, `is_closed`, `is_won`, `owner_id`, `OpportunityName`, `LeadVolumeSold`, `ProviderID`, `AccountName`, `SFAccountID` from ( Select o.id SF_OpportunityId ,date(o.created_date) CreatedDate ,date(o.close_date) ClosedDate ,o.is_closed ,o.is_won ,o.ow ..."
7,"WITH cte AS (SELECT a.accountid, a.name AS accountname, ast.name AS accountstatus, a.accountstatusreasonnote, o.orderid, o.name AS ordername, ost.name AS orderstatus, osrt.name AS orderstatusreason, p.providerid, p.name AS providername FROM main.prod_homecare_actransactional_billing.account AS a LEFT JOIN main.prod_homecare_actransactional_billing.accountstatustype AS ast ON ast.accountstatustypeid = a.accountstatustypeid LEFT JOIN main.prod_homecare_actransactional_ordermanagement.order AS o ON o.accountid = a.accountid LEFT JOIN main.prod_homecare_actransactional_ordermanagement.orderstatust ...","select `AccountID`, `AccountName`, `AccountStatus`, `AccountStatusReasonNote`, `OrderID`, `OrderName`, `OrderStatus`, `OrderStatusReason`, `LastActiveDate`, `ProviderID`, `ProviderName`, `OtherOrders`, `OnboardingOrders`, `ProviderOrderID`, `dma`, case when cast(`OtherOrders` as DOUBLE) > 0.00000000 ..."
7,"SELECT c.id AS caseid, c.type, c.status, CAST(c.created_date AS DATE) AS casecreatedate, CAST(c.closed_date AS DATE) AS caseclosedate, c.origin, c.initial_onboarding_c, c.service_area_set_up_guide_c, c.the_art_of_conversion_c, c.rise_above_c, c.nurturing_for_results_c, c.portal_proficiency_c, c.catered_follow_up_c, c.hmc_ob_outreach_attempts_c, c.apfm_internal_onboarding_comments_c, u.name AS csm, c.account_id, CASE WHEN NOT c.initial_onboarding_c IS NULL THEN ? ELSE ? END AS initialonboarding, a.hmc_cart_provider_id_c AS providerid FROM main.community_salesforce.case AS c LEFT JOIN main.commu ...","select `CaseID`, `type`, `status`, `CaseCreateDate`, `CaseCloseDate`, `origin`, `initial_onboarding_c`, `service_area_set_up_guide_c`, `the_art_of_conversion_c`, `rise_above_c`, `nurturing_for_results_c`, `portal_proficiency_c`, `catered_follow_up_c`, `hmc_ob_outreach_attempts_c`, `apfm_internal_onb ..."
7,"WITH cte AS (SELECT DISTINCT date, DATE_FORMAT(cph.date, ?) AS monthyear, monthlysent, monthlycap FROM main.prod_homecare_acreporting_reporting.cartproviderhistory AS cph WHERE cph.orderid = ? AND date >= ? AND (date = LAST_DAY(date) OR date = CAST(CURRENT_TIMESTAMP() AS DATE))), cte1 AS (SELECT DISTINCT cph.date, DATE_FORMAT(cph.date, ?) AS monthyear, CASE WHEN cte.date = LAST_DAY(cte.date) THEN cte.monthlysent ELSE cte.monthlycap END AS hicap FROM cte LEFT JOIN main.prod_homecare_acreporting_reporting.cartproviderhistory AS cph ON IF(DAY(cte.date) >= ?, (DAY(cph.date) = ? AND MONTH(cph.date) ...","select `Date`, `DMA`, `MonthYear`, `Org`, `Adjust_MonthlyCap`, `Orders` from ( WITH CTE3 AS ( WITH CTE2 AS( WITH CTE1 AS( WITH CTE AS ( Select Distinct date ,date_format( cph.date, 'MMyyyy') MonthYear ,monthlysent ,monthlycap FROM main.prod_homecare_acreporting_reporting.cartproviderhistory cph WHER ..."
7,"WITH cte AS (SELECT DISTINCT hmcr.hmcrequestid, hmcr.hmcprospectid, postalcode, CASE WHEN hmcr.customflow = ? THEN ? ELSE ? END AS funnel, hmcr.createdate, hmcr.requeststatusid, hmcr.requeststatuscode, CASE WHEN hmcr.affiliateid = ? THEN ? WHEN hmcr.affiliateid = ? THEN ? WHEN hmcr.affiliateid IN (?) THEN ? WHEN hmcr.affiliateid = ? THEN ? WHEN hmcr.affiliateid = ? THEN ? WHEN hmcr.affiliateid IN (?) THEN ? WHEN hmcr.affiliateid IN (?) THEN ? WHEN hmcr.url LIKE ? OR hmcr.url LIKE ? OR hmcr.url LIKE ? THEN ? WHEN hmcr.url LIKE ? OR hmcr.affiliateid = ? THEN ? WHEN hmcr.affiliateid IN (?) OR hmc ...","select `SLRl`, `hmcrequestid`, `Funnel`, `createdate`, `RequestStatusId`, `AdjChannel`, `ScreeningDate`, `userid`, `outcomeid`, `ISDJ`, `DJStep`, `DJType`, `APFMMisattribute`, `srn`, `SourceP`, `C1`, `C2`, `C2` - `C1` as `C3` from ( select `SLRl`, `hmcrequestid`, `Funnel`, `createdate`, `RequestStat ..."
7,"WITH cte AS (SELECT o.id AS opportunityid, o.close_date, a.hmc_cart_provider_id_c AS providerid FROM main.community_salesforce.opportunity AS o JOIN main.community_salesforce.account AS a ON a.id = o.account_id WHERE o.close_date >= ?), ctec AS (SELECT cte.providerid, p.name AS providername, cph.orderid, cte.close_date, MIN(date) AS firstactivedate, MAX(date) AS lastactivedate FROM cte LEFT JOIN main.prod_homecare_acreporting_reporting.cartproviderhistory AS cph ON cph.providerid = cte.providerid LEFT JOIN main.prod_homecare_actransactional_organization.provider AS p ON p.providerid = cte.prov ...","select * from ( WITH CTE3 AS( WITH CTE2 AS( WITH CTE1 AS( WITH CTE AS( Select o.id OpportunityID ,o.close_date ,a.hmc_cart_provider_id_c ProviderID FROM main.community_salesforce.opportunity o JOIN main.community_salesforce.account a on a.id = o.account_id WHERE --o.is_won = true o.close_date >= '20 ..."
7,"WITH cte AS (SELECT DISTINCT hmcr.hmcrequestid, DATE_ADD(SECOND, -sr.secondsinprospect, sr.createdate) AS screeningstartdatetime, DATEDIFF(SECOND, hmcr.createdate, DATE_ADD(SECOND, -sr.secondsinprospect, sr.createdate)) AS firstscreeninglagseconds, CASE WHEN hmcr.affiliateid IN (?) THEN ? WHEN hmcr.affiliateid = ? THEN ? WHEN hmcr.affiliateid IN (?) THEN ? WHEN hmcr.affiliateid = ? THEN ? WHEN hmcr.affiliateid = ? THEN ? WHEN hmcr.affiliateid IN (?) THEN ? WHEN hmcr.affiliateid IN (?) THEN ? WHEN hmcr.url LIKE ? OR hmcr.url LIKE ? OR hmcr.url LIKE ? THEN ? WHEN hmcr.url LIKE ? OR hmcr.affiliat ...","select * from ( WITH CTE (Select DISTINCT hmcr.hmcrequestid ,dateadd(second, -sr.SecondsInProspect, sr.createdate) ScreeningStartDateTime ,DATEDIFF(second, hmcr.createdate, DATEADD(second, -sr.SecondsInProspect, sr.createdate)) FirstScreeningLagSeconds ,CASE WHEN hmcr.affiliateid in (140,141) then "" ..."
7,"WITH cte AS (SELECT DISTINCT cph.date, cph.orderid, cph.monthlycap, CASE WHEN cph.orderid = ? THEN ? WHEN cph.orderid = ? THEN ? WHEN cph.monthlycap IS NULL AND NOT cph.monthlysent IS NULL THEN (? * cph.monthlysent) WHEN cph.monthlycap IS NULL THEN ? WHEN cph.monthlycap >= ? AND cph.monthlycap < (? * cph.monthlysent) THEN ? * cph.monthlysent WHEN cph.monthlycap >= ? AND (cph.monthlycap >= (? * cph.monthlysent) OR cph.monthlysent IS NULL) THEN ? ELSE cph.monthlycap END AS cap, CASE WHEN p.providerorganizationid IS NULL THEN ? ELSE ? END AS org, cph.monthlysent FROM main.prod_homecare_acreportin ...","select * from ( WITH CTE AS ( Select Distinct cph.date ,cph.orderid ,cph.monthlycap ,case WHEN cph.orderid = 3265 then 2500 WHEN cph.orderid = 2774 then 8000 when cph.monthlycap is null and cph.monthlysent is not null then (2*cph.monthlysent) WHEN cph.monthlycap is null then 25 when cph.monthlycap > ..."
7,"WITH cte AS (SELECT cph.providerid, p.name AS providername, cph.orderid, ost.name AS orderstatus, osrt.name AS orderstatusreason, MIN(cph.date) AS firstactive, MAX(cph.date) AS lastactive FROM main.prod_homecare_acreporting_reporting.cartproviderhistory AS cph LEFT JOIN main.prod_homecare_actransactional_organization.provider AS p ON p.providerid = cph.providerid LEFT JOIN main.prod_homecare_actransactional_ordermanagement.order AS o ON o.orderid = cph.orderid LEFT JOIN main.prod_homecare_actransactional_ordermanagement.orderstatusreasontype AS osrt ON osrt.orderstatusreasontypeid = o.ordersta ...","select `ProviderID`, `ProviderName`, `OrderID`, `FirstActive`, `LastActive`, `OrderStatus`, `OrderStatusReason`, `ProviderOrderID`, `Status`, `Org`, `DaysActive` from ( WITH CTE1 AS( WITH CTE AS( Select cph.providerid ,p.name ProviderName ,cph.orderid ,ost.name OrderStatus ,osrt.name OrderStatusReas ..."
7,"WITH cte AS (SELECT o.id AS opportunityid, o.close_date, a.hmc_cart_provider_id_c AS providerid FROM main.community_salesforce.opportunity AS o JOIN main.community_salesforce.account AS a ON a.id = o.account_id WHERE o.is_won = TRUE AND o.close_date >= ?), cte1 AS (SELECT cte.providerid, p.name AS providername, cph.orderid, cte.close_date, MIN(date) AS firstactivedate, MAX(date) AS lastactivedate FROM cte JOIN main.prod_homecare_acreporting_reporting.cartproviderhistory AS cph ON cph.providerid = cte.providerid LEFT JOIN main.prod_homecare_actransactional_organization.provider AS p ON p.provid ...","select * from ( WITH CTE1 AS( WITH CTE AS( Select o.id OpportunityID ,o.close_date ,a.hmc_cart_provider_id_c ProviderID FROM main.community_salesforce.opportunity o JOIN main.community_salesforce.account a on a.id = o.account_id WHERE o.is_won = true and o.close_date >= '2026-01-01' ) Select CTE.Pro ..."
7,"WITH cte AS (SELECT o.id AS opportunityid, o.close_date, a.hmc_cart_provider_id_c AS providerid FROM main.community_salesforce.opportunity AS o JOIN main.community_salesforce.account AS a ON a.id = o.account_id WHERE o.is_won = TRUE AND o.close_date >= ?), ctec AS (SELECT cte.providerid, p.name AS providername, cph.orderid, cte.close_date, MIN(date) AS firstactivedate, MAX(date) AS lastactivedate FROM cte LEFT JOIN main.prod_homecare_acreporting_reporting.cartproviderhistory AS cph ON cph.providerid = cte.providerid LEFT JOIN main.prod_homecare_actransactional_organization.provider AS p ON p.p ...","select * from ( WITH CTE2 AS( WITH CTE1 AS( WITH CTE AS( Select o.id OpportunityID ,o.close_date ,a.hmc_cart_provider_id_c ProviderID FROM main.community_salesforce.opportunity o JOIN main.community_salesforce.account a on a.id = o.account_id WHERE o.is_won = true and o.close_date >= '2026-01-01' )  ..."
7,"WITH cte AS (SELECT cph.providerid, cph.orderid, MAX(cph.date) AS lastactive, MIN(cph.date) AS firstactive FROM main.prod_homecare_acreporting_reporting.cartproviderhistory AS cph WHERE (cph.orderstatusreason = ? OR cph.orderstatus IN (?)) AND cph.contracttype = ? GROUP BY ?, ?), ctea AS (SELECT DISTINCT cph.providerid, cph.orderid, cph.orderstatus, cph.orderstatusreason FROM main.prod_homecare_acreporting_reporting.cartproviderhistory AS cph WHERE date = CAST(CURRENT_TIMESTAMP() AS DATE)), cteb1 AS (SELECT r.region_id AS regionid, r.region_name AS regionname, zr.zip5 FROM main.prod_ygl_apfm.z ...","select * from ( WITH CTE AS( Select cph.providerid ,cph.orderid ,max(cph.date) LastActive ,min(cph.date) FirstActive FROM main.prod_homecare_acreporting_reporting.cartproviderhistory cph WHERE (cph.orderstatusreason = 'Monthly Cap Reached' or cph.orderstatus in ('Active', 'Paused')) and cph.contract ..."
7,"WITH cte1 AS (SELECT r.region_id AS regionid, r.region_name AS regionname, zr.zip5 FROM main.prod_ygl_apfm.zip_region AS zr JOIN main.prod_ygl_apfm.region AS r ON r.region_id = zr.region_id JOIN main.prod_ygl_apfm.region_use AS ru ON ru.region_id = zr.region_id AND ru.region_type_code = zr.region_type_code WHERE ru.region_type_code = ? AND r.region_name = ? AND r.active = ? AND zr._fivetran_deleted = FALSE AND r._fivetran_deleted = FALSE AND ru._fivetran_deleted = FALSE ORDER BY r.region_id, zr.zip5), cte AS (SELECT DISTINCT CASE WHEN zip5 IS NULL THEN ? ELSE ? END AS dma, dma.zip FROM main.re ...","select * from ( WITH CTE AS( WITH CTE1 AS( SELECT r.region_id AS regionId, r.region_name AS regionName, zr.zip5 FROM main.prod_ygl_apfm.zip_region AS zr JOIN main.prod_ygl_apfm.region AS r ON r.region_id = zr.region_id JOIN main.prod_ygl_apfm.region_use ru ON ru.region_id = zr.region_id AND ru.regio ..."
6,"WITH cte AS (SELECT o.id AS opportunityid, o.close_date, a.hmc_cart_provider_id_c AS providerid FROM main.community_salesforce.opportunity AS o JOIN main.community_salesforce.account AS a ON a.id = o.account_id WHERE o.close_date >= ?), ctec AS (SELECT cte.providerid, p.name AS providername, cph.orderid, cte.close_date, MIN(date) AS firstactivedate, MAX(date) AS lastactivedate FROM cte LEFT JOIN main.prod_homecare_acreporting_reporting.cartproviderhistory AS cph ON cph.providerid = cte.providerid LEFT JOIN main.prod_homecare_actransactional_organization.provider AS p ON p.providerid = cte.prov ...","select `ProviderID`, `ProviderName`, `OrderID`, `ProviderOrderID`, `OrderStatus`, `OrderStatusReason`, `Close_Date`, `FirstActiveDate`, `LastActiveDate`, `DaysActive`, `Status`, `FirstActivation`, `HasActivation`, `FirstCaseDate` from ( WITH CTE3 AS( WITH CTE2 AS( WITH CTE1 AS( WITH CTE AS( Select o ..."
6,"SELECT p.providerid, o.orderid, CASE WHEN ost.name = ? AND orst.name = ? THEN ? ELSE ost.name END AS orderstatus, orst.name AS orderstatusreason, po.name AS organization, p.providerorganizationid, p.name AS providername FROM main.prod_homecare_actransactional_organization.provider AS p JOIN main.prod_homecare_actransactional_ordermanagement.orderprovider AS op ON op.providerid = p.providerid JOIN main.prod_homecare_actransactional_ordermanagement.order AS o ON o.orderid = op.orderid JOIN main.prod_homecare_actransactional_ordermanagement.orderstatustype AS ost ON ost.orderstatustypeid = o.orde ...","select `providerid`, `orderid`, `OrderStatus`, `OrderStatusReason`, `Organization`, `providerorganizationid`, `ProviderName` from ( Select p.providerid ,o.orderid ,case when ost.name = ""Suspended"" and orst.name = 'Monthly Cap Reached' then ""Monthly Cap Reached"" else ost.name end OrderStatus ,orst.na ..."
6,"SELECT DISTINCT r.referralid, r.leadid, l.hmcprospectid, hmcr.hmcrequestid, l.externalidentifier AS ygl_lead_id, r.providerid, r.billingtypeid, referralstatustypeid, referredon, CASE WHEN NOT r.activatedon IS NULL THEN ? ELSE ? END AS activations, CASE WHEN NOT hmcl.hottransferred IS NULL THEN ? ELSE ? END AS ht, CASE WHEN r.istopoff = ? THEN ? ELSE ? END AS topoffqueue, CASE WHEN r.addontypeid = ? THEN ? WHEN r.addontypeid = ? THEN ? WHEN r.addontypeid = ? THEN ? ELSE NULL END AS addontype, CASE WHEN r.addontypeid IN (?) THEN ? ELSE ? END AS addon, r.createdon, CAST(returnapproved AS INT), r. ...","select `ReferralID`, `LeadID`, `HMCProspectID`, `HMCRequestID`, `YGL_Lead_ID`, `ProviderID`, `BillingTypeID`, `ReferralStatusTypeID`, `ReferredOn`, `Activations`, `HT`, `TopOffQueue`, `AddOnType`, `AddOn`, `CreatedOn`, `ReturnApproved`, `HMCLeadID`, `OrderID`, `digitaljourney`, `PaceReferral`, `IsHo ..."
6,"SELECT DISTINCT p.accountid, p.amount, p.resultmessage, pst.name AS paymentstatus, CAST(p.createdon AS DATE) AS paymentdate, ROW_NUMBER() OVER (PARTITION BY p.accountid, YEAR(p.createdon), MONTH(p.createdon) ORDER BY p.createdon DESC) AS cardruninmonth FROM main.prod_homecare_actransactional_billing.payment AS p LEFT JOIN main.prod_homecare_actransactional_billing.paymentstatustype AS pst ON pst.paymentstatustypeid = p.paymentstatustypeid RIGHT JOIN (SELECT DISTINCT a.accountid FROM prod_homecare_actransactional_billing.account AS a LEFT JOIN prod_homecare_actransactional_ordermanagement.order ...","select `accountid`, `amount`, `resultmessage`, `PaymentStatus`, `PaymentDate`, `CardRunInMonth` from ( Select DISTINCT p.accountid -- ,o.orderid ,p.amount ,p.resultmessage ,pst.name PaymentStatus ,Date(p.createdon) AS PaymentDate -- ,o.createdon OrderCreateDate ,ROW_NUMBER() OVER(PARTITION BY p.acco ..."
6,"WITH cte AS (SELECT DISTINCT a.accountid, cph.date, s.balance, o.prepaidtotal, LAG(date) OVER (PARTITION BY a.accountid ORDER BY date) AS priormonthnotcancelled FROM prod_homecare_actransactional_billing.account AS a LEFT JOIN prod_homecare_actransactional_ordermanagement.order AS o ON o.accountid = a.accountid LEFT JOIN prod_homecare_acreporting_reporting.cartproviderhistory AS cph ON cph.accountid = a.accountid LEFT JOIN prod_homecare_actransactional_billing.statement AS s ON s.accountid = a.accountid AND MONTH(s.createdon) = MONTH(cph.date) WHERE o.prepaidtotal <> ? AND NOT prepaidtotal IS  ...","select `accountid`, `date`, `balance`, `prepaidtotal`, `PriorMonthNotCancelled` from ( WITH CTE(SELECT DISTINCT a.accountid, cph.`date`, s.balance, o.prepaidtotal, LAG(date) OVER (PARTITION BY a.accountid ORDER BY date) AS PriorMonthNotCancelled FROM prod_homecare_actransactional_billing.account a L ..."
6,"WITH cte AS (SELECT DISTINCT date, DATE_FORMAT(cph.date, ?) AS monthyear, monthlysent, monthlycap FROM main.prod_homecare_acreporting_reporting.cartproviderhistory AS cph WHERE cph.orderid = ? AND date >= ? AND (date = LAST_DAY(date) OR date = CAST(CURRENT_TIMESTAMP() AS DATE))), cte1 AS (SELECT DISTINCT cph.date, DATE_FORMAT(cph.date, ?) AS monthyear, CASE WHEN cte.date = LAST_DAY(cte.date) THEN cte.monthlysent ELSE cte.monthlycap END AS hicap FROM cte LEFT JOIN main.prod_homecare_acreporting_reporting.cartproviderhistory AS cph ON IF(DAY(cte.date) >= ?, (DAY(cph.date) = ? AND MONTH(cph.date) ...","select `Date`, `DMA`, `MonthYear`, `Org`, `Adjust_MonthlyCap`, `Orders` from ( WITH CTE2 AS( WITH CTE1 AS( WITH CTE AS ( Select Distinct date ,date_format( cph.date, 'MMyyyy') MonthYear ,monthlysent ,monthlycap FROM main.prod_homecare_acreporting_reporting.cartproviderhistory cph WHERE cph.orderid = ..."
6,"WITH cte AS (SELECT cph.providerid, cph.orderid, MAX(cph.date) AS lastactive, MIN(cph.date) AS firstactive FROM main.prod_homecare_acreporting_reporting.cartproviderhistory AS cph WHERE (cph.orderstatusreason = ? OR cph.orderstatus IN (?)) AND cph.contracttype = ? GROUP BY ?, ?), ctea AS (SELECT DISTINCT cph.providerid, cph.orderid, cph.orderstatus, cph.orderstatusreason FROM main.prod_homecare_acreporting_reporting.cartproviderhistory AS cph WHERE date = CAST(CURRENT_TIMESTAMP() AS DATE)), cteb1 AS (SELECT r.region_id AS regionid, r.region_name AS regionname, zr.zip5 FROM main.prod_ygl_apfm.z ...","select * from ( WITH CTE AS( Select cph.providerid ,cph.orderid ,max(cph.date) LastActive ,min(cph.date) FirstActive FROM main.prod_homecare_acreporting_reporting.cartproviderhistory cph WHERE (cph.orderstatusreason = 'Monthly Cap Reached' or cph.orderstatus in ('Active', 'Paused')) and cph.contract ..."
6,"WITH cte AS (SELECT DISTINCT hmcr.hmcrequestid, hmcr.hmcprospectid, hmcr.postalcode, hmcr.affiliateid, hmcr.affiliateinquiryid, apfm.lt_form_submit_channel, CASE WHEN hmcr.customflow = ? THEN ? ELSE ? END AS flow, CASE WHEN hmcr.affiliateid IN (?) THEN ? WHEN hmcr.affiliateid = ? THEN ? WHEN hmcr.affiliateid IN (?) THEN ? WHEN hmcr.affiliateid = ? THEN ? WHEN hmcr.affiliateid = ? THEN ? WHEN hmcr.affiliateid IN (?) THEN ? WHEN hmcr.affiliateid IN (?) THEN ? WHEN hmcr.url LIKE ? OR hmcr.url LIKE ? OR hmcr.url LIKE ? THEN ? WHEN hmcr.url LIKE ? OR hmcr.affiliateid = ? THEN ? WHEN hmcr.affiliatei ...","select * from ( WITH CTE3 AS (WITH CTE2 AS (WITH CTE AS (SELECT distinct hmcr.HMCRequestID ,hmcr.HMCProspectID ,hmcr.postalcode ,hmcr.affiliateid ,hmcr.affiliateinquiryid ,apfm.lt_form_submit_channel ,CASE WHEN hmcr.customflow =1 then 'NFE' ELSE 'OFE' END as Flow ,CASE WHEN hmcr.affiliateid in (140, ..."
6,"SELECT DISTINCT c.hmc_case_subject_c AS casesubject, c.account_id AS salesforceaccount, a.name AS accoutname, a.hmc_cart_provider_id_c AS providerid, o.accountid FROM main.community_salesforce.case AS c LEFT JOIN main.community_salesforce.account AS a ON a.id = c.account_id LEFT JOIN main.prod_homecare_actransactional_ordermanagement.orderprovider AS op ON op.providerid = a.hmc_cart_provider_id_c LEFT JOIN main.prod_homecare_actransactional_ordermanagement.order AS o ON o.orderid = op.orderid WHERE c.hmc_case_subject_c LIKE ? OR c.hmc_case_subject_c = ?","select `CaseSubject`, `SalesforceAccount`, `AccoutName`, `ProviderID`, `accountid` from ( Select DISTINCT c.hmc_case_subject_c CaseSubject ,c.account_id SalesforceAccount ,a.name AccoutName ,a.hmc_cart_provider_id_c ProviderID ,o.accountid FROM main.community_salesforce.case c LEFT JOIN main.communi ..."
6,"WITH cte AS (SELECT o.id AS opportunityid, o.close_date, a.hmc_cart_provider_id_c AS providerid FROM main.community_salesforce.opportunity AS o JOIN main.community_salesforce.account AS a ON a.id = o.account_id WHERE o.is_won = TRUE AND o.close_date >= ?), ctea1 AS (SELECT cte.providerid, p.name AS providername, cph.orderid, cte.close_date, cph.date, cph.orderstatus, LAG(cph.orderstatus) OVER (PARTITION BY cte.providerid, cph.orderid ORDER BY cph.date) AS lag FROM cte LEFT JOIN main.prod_homecare_acreporting_reporting.cartproviderhistory AS cph ON cph.providerid = cte.providerid LEFT JOIN main ...","select * from ( WITH CTE3 AS( WITH CTE2 AS( WITH CTE1 AS( WITH CTE AS( Select o.id OpportunityID ,o.close_date ,a.hmc_cart_provider_id_c ProviderID FROM main.community_salesforce.opportunity o JOIN main.community_salesforce.account a on a.id = o.account_id WHERE o.is_won = true and o.close_date >= ' ..."
6,"WITH cte AS (SELECT hmcr.hmcrequestid, hmcr.hmcprospectid, postalcode, CASE WHEN hmcr.customflow = ? THEN ? ELSE ? END AS funnel, hmcr.createdate, hmcr.requeststatusid, hmcr.requeststatuscode, CASE WHEN hmcr.affiliateid = ? THEN ? WHEN hmcr.affiliateid IN (?) THEN ? WHEN hmcr.affiliateid = ? THEN ? WHEN hmcr.affiliateid = ? THEN ? WHEN hmcr.affiliateid IN (?) THEN ? WHEN hmcr.affiliateid IN (?) THEN ? WHEN hmcr.url LIKE ? OR hmcr.url LIKE ? OR hmcr.url LIKE ? THEN ? WHEN hmcr.url LIKE ? OR hmcr.affiliateid = ? THEN ? WHEN hmcr.affiliateid IN (?) OR hmcr.url LIKE ? OR hmcr.url LIKE ? THEN ? WHE ...","select `hmcrequestid`, `Funnel`, `createdate`, `RequestStatusId`, `requeststatuscode`, `AdjChannel`, `ScreeningDate`, `Adjust_CreateDate`, `AttemptCount`, `userid`, `outcomeid`, `Note`, `affiliateID`, `hmcscreenqueueid`, `ISDJ`, `DJStep`, `djstepid`, `affiliateid`, `DJType`, `SourceP`, (cast({ fn ye ..."
6,"WITH cte AS (SELECT DISTINCT o.accountid, a.name AS accountname, o.orderid, o.name AS ordername, ot.name AS orderstatus, ost.name AS orderstatusreason, o.createdon AS ordercreatedate, u.firstname AS hcam, o.prepaidautorenew, o.prepaidtotal FROM prod_homecare_actransactional_ordermanagement.order AS o LEFT JOIN prod_homecare_actransactional_billing.account AS a ON a.accountid = o.accountid LEFT JOIN prod_homecare_actransactional_ordermanagement.orderstatusreasontype AS ost ON ost.orderstatusreasontypeid = o.orderstatusreasontypeid LEFT JOIN prod_homecare_actransactional_ordermanagement.ordersta ...","select `AccountID`, `AccountName`, `OrderID`, `OrderName`, `CurrentOrderStatus`, `CurrentOrderStatusReason`, `OrderCreateDate`, `HCAM`, `HomecareChargeID`, `amount`, `ChargeCreateDate`, `CPHOrderStatus`, `CPHOrderStatusReason`, `prepaidautorenew`, `prepaidtotal`, `RN`, `LagDate`, `LastOrderStatus`,  ..."
6,"WITH cte AS (SELECT cph.providerid, p.name AS providername, cph.orderid, o.createdon AS ordercreatedate, LAST_DAY(cph.date) AS lastday, MIN(date) AS firstactivedate, MAX(date) AS lastactivedate, ost.name AS currentorderstatus, osrt.name AS currentorderstatusreasontype, u2.firstname AS hcam, u.firstname AS csm FROM prod_homecare_acreporting_reporting.cartproviderhistory AS cph LEFT JOIN prod_homecare_actransactional_ordermanagement.order AS o ON o.orderid = cph.orderid LEFT JOIN prod_homecare_actransactional_ordermanagement.orderstatustype AS ost ON ost.orderstatustypeid = o.orderstatustypeid L ...","select * from ( WITH CTE AS ( SELECT cph.ProviderID ,p.name ProviderName ,cph.OrderID ,o.createdon AS OrderCreateDate ,last_day(cph.date) LastDay ,MIN(Date) AS FirstActiveDate ,Max(date) AS LastActiveDate ,ost.name As CurrentOrderStatus ,osrt.name As CurrentOrderStatusReasonType ,u2.FirstName AS HCA ..."
6,"WITH cte AS (SELECT dateid, date, dayofyear, dayofmonth, dayofweek, weekdayname, month, monthname, year, monthyearid, ROW_NUMBER() OVER (PARTITION BY dayofweek, month ORDER BY date) AS weekday FROM prod_homecare_acreporting_reporting.dimdate WHERE year IN (?)) SELECT * FROM (SELECT cte.*, CONCAT(dayofweek, ?, weekday) AS dayofweeknumbermonth FROM cte) AS _ WHERE ? = ?","select * from ( WITH CTE AS( SELECT DateID ,Date ,DayOfYear ,DayOfMonth ,DayOfWeek ,WeekDayName ,Month ,MonthName ,Year ,MonthYearID ,ROW_NUMBER() OVER(PARTITION BY dayofweek, month ORDER BY date) WeekDay FROM prod_homecare_acreporting_reporting.dimdate where year in ('2026', '2025') ) Select CTE.*  ..."
6,"SELECT DISTINCT cph.providerid, CAST(hmcr.createdate AS DATE) AS requestcreatedate, p.name AS providername, COUNT(DISTINCT hmcr.hmcrequestid) AS rls FROM main.prod_homecare_acreporting_reporting.cartproviderhistory AS cph JOIN main.prod_homecare_actransactional_organization.providerservicecoverage AS psc ON psc.providerid = cph.providerid LEFT JOIN main.prod_homecare_insite_directory.hmcrequest AS hmcr ON hmcr.postalcode = psc.postalcode JOIN main.prod_homecare_actransactional_organization.provider AS p ON p.providerid = cph.providerid WHERE cph.contracttype = ? AND cph.date = CAST(CURRENT_TIM ...","select `providerid`, `RequestCreateDate`, `ProviderName`, `RLs` from ( Select DISTINCT cph.providerid ,date(hmcr.createdate) RequestCreateDate ,p.name ProviderName ,count(distinct hmcr.hmcrequestid) RLs FROM main.prod_homecare_acreporting_reporting.cartproviderhistory cph JOIN main.prod_homecare_act ..."
6,"SELECT dateid, date, dayofyear, dayofmonth, dayofweek, weekdayname, month, monthname, year, WEEKOFYEAR(date) AS weekofyear, monthyearid FROM prod_homecare_acreporting_reporting.dimdate","select `DateID`, `Date`, `DayOfYear`, `DayOfMonth`, `DayOfWeek`, `WeekDayName`, `Month`, `MonthName`, `Year`, `WeekofYear`, `MonthYearID`, { fn concat({ fn concat(`MonthName`, ' ') }, cast(`Year` as STRING)) } as `C1` from ( SELECT DateID ,Date ,DayOfYear ,DayOfMonth ,DayOfWeek ,WeekDayName ,Month , ..."
6,"WITH cte AS (SELECT cph.providerid, p.name AS providername, cph.orderid, ost.name AS orderstatus, osrt.name AS orderstatusreason, MIN(cph.date) AS firstactive, MAX(cph.date) AS lastactive FROM main.prod_homecare_acreporting_reporting.cartproviderhistory AS cph LEFT JOIN main.prod_homecare_actransactional_organization.provider AS p ON p.providerid = cph.providerid LEFT JOIN main.prod_homecare_actransactional_ordermanagement.order AS o ON o.orderid = cph.orderid LEFT JOIN main.prod_homecare_actransactional_ordermanagement.orderstatusreasontype AS osrt ON osrt.orderstatusreasontypeid = o.ordersta ...","select * from ( WITH CTE1 AS( WITH CTE AS( Select cph.providerid ,p.name ProviderName ,cph.orderid ,ost.name OrderStatus ,osrt.name OrderStatusReason ,min(cph.date) FirstActive ,max(cph.date) LastActive FROM main.prod_homecare_acreporting_reporting.cartproviderhistory cph left join main.prod_homecar ..."
6,"WITH cte AS (SELECT hmcr.hmcrequestid, hmcr.hmcprospectid, postalcode, CASE WHEN hmcr.customflow = ? THEN ? ELSE ? END AS funnel, hmcr.createdate, hmcr.requeststatusid, hmcr.requeststatuscode, CASE WHEN hmcr.affiliateid = ? THEN ? WHEN hmcr.affiliateid IN (?) THEN ? WHEN hmcr.affiliateid = ? THEN ? WHEN hmcr.affiliateid = ? THEN ? WHEN hmcr.affiliateid IN (?) THEN ? WHEN hmcr.affiliateid IN (?) THEN ? WHEN hmcr.url LIKE ? OR hmcr.url LIKE ? OR hmcr.url LIKE ? THEN ? WHEN hmcr.url LIKE ? OR hmcr.affiliateid = ? THEN ? WHEN hmcr.affiliateid IN (?) OR hmcr.url LIKE ? OR hmcr.url LIKE ? THEN ? WHE ...","select `hmcrequestid`, `Funnel`, `createdate`, `RequestStatusId`, `requeststatuscode`, `AdjChannel`, `ScreeningDate`, `Adjust_CreateDate`, `AttemptCount`, `userid`, `outcomeid`, `Note`, `affiliateID`, `hmcscreenqueueid`, `ISDJ`, `DJStep`, `djstepid`, `affiliateid`, `DJType`, `url`, `hours`, `minute` ..."
6,"WITH cte AS (SELECT DISTINCT o.accountid, a.name AS accountname, o.orderid, o.name AS ordername, ot.name AS orderstatus, ost.name AS orderstatusreason, o.createdon AS ordercreatedate, u.firstname AS hcam, o.prepaidautorenew, o.prepaidtotal FROM prod_homecare_actransactional_ordermanagement.order AS o LEFT JOIN prod_homecare_actransactional_billing.account AS a ON a.accountid = o.accountid LEFT JOIN prod_homecare_actransactional_ordermanagement.orderstatusreasontype AS ost ON ost.orderstatusreasontypeid = o.orderstatusreasontypeid LEFT JOIN prod_homecare_actransactional_ordermanagement.ordersta ...","select `AccountID`, `AccountName`, `OrderID`, `OrderName`, `CurrentOrderStatus`, `CurrentOrderStatusReason`, cast(`OrderCreateDate` as DATE) as `C1`, `HCAM`, `HomecareChargeID`, `amount`, cast(`ChargeCreateDate` as DATE) as `C2`, `CPHOrderStatus`, `CPHOrderStatusReason`, `prepaidautorenew`, `prepaid ..."
6,SELECT * FROM prod_homecare_actransactional_geo.postalcode_01072025,select * from ( Select * FROM prod_homecare_actransactional_geo.postalcode_01072025 ) as `_` limit 0
6,"WITH cte AS (SELECT p.accountid, p.amount, MAX(DATE_FORMAT(CASE WHEN NOT p.forstatementid IS NULL THEN DATE_ADD(MONTH, -?, DATE_TRUNC('MONTH', p.createdon)) ELSE p.createdon END, ?)) AS paymentdate, MAX(p.createdon) AS createdon FROM prod_homecare_actransactional_billing.payment AS p WHERE p.paymentstatustypeid IN (?) GROUP BY ?, ?), ctea AS (SELECT accountid, p.amount, DATE_FORMAT(CASE WHEN NOT p.forstatementid IS NULL THEN DATE_ADD(MONTH, -?, DATE_TRUNC('MONTH', p.createdon)) ELSE p.createdon END, ?) AS paymentdate, p.createdon AS createdon, p.paymentstatustypeid, ROW_NUMBER() OVER (PARTITIO ...","select `accountid`, `amount`, `PaymentDate` from ( WITH CTE AS( Select p.accountid ,p.amount ,max(date_format(case when p.forstatementid is not null then dateadd(Month, -1, date_trunc('Month', p.createdon)) else p.createdon end, 'yyyyMM')) PaymentDate ,max(p.createdon) createdon FROM prod_homecare_a ..."
6,"WITH cte AS (SELECT o.id AS opportunityid, o.close_date, a.hmc_cart_provider_id_c AS providerid FROM main.community_salesforce.opportunity AS o JOIN main.community_salesforce.account AS a ON a.id = o.account_id WHERE o.close_date >= ? AND a.hmc_cart_provider_id_c = ?), ctec AS (SELECT cte.providerid, p.name AS providername, cph.orderid, cte.close_date, MIN(date) AS firstactivedate, MAX(date) AS lastactivedate FROM cte LEFT JOIN main.prod_homecare_acreporting_reporting.cartproviderhistory AS cph ON cph.providerid = cte.providerid LEFT JOIN main.prod_homecare_actransactional_organization.provide ...","select `ProviderID`, `ProviderName`, `OrderID`, `ProviderOrderID`, `OrderStatus`, `OrderStatusReason`, `Close_Date`, `FirstActiveDate`, `LastActiveDate`, `DaysActive`, `Status`, `FirstActivation`, `HasActivation`, `FirstCaseDate` from ( WITH CTE3 AS( WITH CTE2 AS( WITH CTE1 AS( WITH CTE AS( Select o ..."
6,"WITH cte AS (SELECT o.id AS opportunityid, o.close_date, a.hmc_cart_provider_id_c AS providerid FROM main.community_salesforce.opportunity AS o JOIN main.community_salesforce.account AS a ON a.id = o.account_id WHERE o.is_won = TRUE AND o.close_date >= ?), cte1 AS (SELECT cte.providerid, p.name AS providername, cph.orderid, cte.close_date, MIN(date) AS firstactivedate, MAX(date) AS lastactivedate FROM cte JOIN main.prod_homecare_acreporting_reporting.cartproviderhistory AS cph ON cph.providerid = cte.providerid LEFT JOIN main.prod_homecare_actransactional_organization.provider AS p ON p.provid ...","select * from ( WITH CTE2 AS( WITH CTE1 AS( WITH CTE AS( Select o.id OpportunityID ,o.close_date ,a.hmc_cart_provider_id_c ProviderID FROM main.community_salesforce.opportunity o JOIN main.community_salesforce.account a on a.id = o.account_id WHERE o.is_won = true and o.close_date >= '2026-01-01' )  ..."
6,"WITH cte AS (SELECT o.id AS opportunityid, o.close_date, a.hmc_cart_provider_id_c AS providerid FROM main.community_salesforce.opportunity AS o JOIN main.community_salesforce.account AS a ON a.id = o.account_id WHERE o.close_date >= ? AND a.hmc_cart_provider_id_c = ?), ctec AS (SELECT cte.providerid, p.name AS providername, cph.orderid, cte.close_date, MIN(date) AS firstactivedate, MAX(date) AS lastactivedate FROM cte LEFT JOIN main.prod_homecare_acreporting_reporting.cartproviderhistory AS cph ON cph.providerid = cte.providerid LEFT JOIN main.prod_homecare_actransactional_organization.provide ...","select * from ( WITH CTE3 AS( WITH CTE2 AS( WITH CTE1 AS( WITH CTE AS( Select o.id OpportunityID ,o.close_date ,a.hmc_cart_provider_id_c ProviderID FROM main.community_salesforce.opportunity o JOIN main.community_salesforce.account a on a.id = o.account_id WHERE --o.is_won = true o.close_date >= '20 ..."
6,"WITH cte AS (SELECT cph.accountid, cph.providerid, p.name AS providername, cph.orderid, o.createdon AS ordercreatedate, MIN(date) AS firstactivedate, MAX(date) AS lastactivedate, ost.name AS currentorderstatus, osrt.name AS currentorderstatusreasontype, u2.firstname AS hcam, u.firstname AS csm FROM prod_homecare_acreporting_reporting.cartproviderhistory AS cph LEFT JOIN prod_homecare_actransactional_ordermanagement.order AS o ON o.orderid = cph.orderid LEFT JOIN prod_homecare_actransactional_ordermanagement.orderstatustype AS ost ON ost.orderstatustypeid = o.orderstatustypeid LEFT JOIN prod_ho ...","select * from ( WITH CTE AS ( SELECT cph.accountid ,cph.ProviderID ,p.name ProviderName ,cph.OrderID ,o.createdon AS OrderCreateDate ,MIN(Date) AS FirstActiveDate ,Max(date) AS LastActiveDate ,ost.name As CurrentOrderStatus ,osrt.name As CurrentOrderStatusReasonType ,u2.FirstName AS HCAM ,u.FirstNam ..."
6,"SELECT ref.referralid, ref.orderid, CASE WHEN ref.activatedon IS NULL THEN NULL ELSE ref.referralid END AS activated, CONCAT(ref.providerid, ?, ref.orderid) AS providerorder, ref.providerid, CASE WHEN ref.orderid = ? THEN ? ELSE ? END AS ordertype, CAST(ref.referredon AS DATE) AS referraldate FROM main.prod_homecare_actransactional_homecare.referral AS ref LEFT JOIN main.prod_homecare_actransactional_organization.provider AS p ON p.providerid = ref.providerid WHERE p.providerorganizationid = ? AND ref.referredon >= ? AND ref.billingtypeid = ? AND NOT ref.hmcleadid IS NULL","select `referralid`, `orderid`, `Activated`, `ProviderOrder`, `providerid`, `OrderType`, `ReferralDate` from ( Select ref.referralid ,ref.orderid ,case when ref.activatedon is null then null else ref.referralid end Activated ,concat(ref.providerid, ""-"", ref.orderid) ProviderOrder ,ref.providerid ,Ca ..."
6,"WITH cte AS (SELECT cph.providerid, p.name AS providername, cph.orderid, ost.name AS orderstatus, osrt.name AS orderstatusreason, MIN(cph.date) AS firstactive, MAX(cph.date) AS lastactive FROM main.prod_homecare_acreporting_reporting.cartproviderhistory AS cph LEFT JOIN main.prod_homecare_actransactional_organization.provider AS p ON p.providerid = cph.providerid LEFT JOIN main.prod_homecare_actransactional_ordermanagement.order AS o ON o.orderid = cph.orderid LEFT JOIN main.prod_homecare_actransactional_ordermanagement.orderstatusreasontype AS osrt ON osrt.orderstatusreasontypeid = o.ordersta ...","select * from ( WITH CTE1 AS( WITH CTE AS( Select cph.providerid ,p.name ProviderName ,cph.orderid ,ost.name OrderStatus ,osrt.name OrderStatusReason ,min(cph.date) FirstActive ,max(cph.date) LastActive FROM main.prod_homecare_acreporting_reporting.cartproviderhistory cph left join main.prod_homecar ..."
6,"WITH cte AS (SELECT o.id AS opportunityid, o.close_date, a.hmc_cart_provider_id_c AS providerid FROM main.community_salesforce.opportunity AS o JOIN main.community_salesforce.account AS a ON a.id = o.account_id WHERE o.is_won = TRUE AND o.close_date >= ?), cte1 AS (SELECT cte.providerid, p.name AS providername, cph.orderid, cte.close_date, MIN(date) AS firstactivedate, MAX(date) AS lastactivedate FROM cte JOIN main.prod_homecare_acreporting_reporting.cartproviderhistory AS cph ON cph.providerid = cte.providerid LEFT JOIN main.prod_homecare_actransactional_organization.provider AS p ON p.provid ...","select `ProviderID`, `ProviderName`, `OrderID`, `ProviderOrderID`, `OrderStatus`, `OrderStatusReason`, `Close_Date`, `FirstActiveDate`, `LastActiveDate`, `DaysActive`, `Status`, `FirstActivation`, `HasActivation` from ( WITH CTE2 AS( WITH CTE1 AS( WITH CTE AS( Select o.id OpportunityID ,o.close_date ..."
6,"SELECT ref.providerid, p.name AS providername, ref.orderid, ref.referralid, CAST(referredon AS DATE) AS referraldate, CAST(ref.activatedon AS DATE) AS activatedondate, hcc.amount, CASE WHEN htr.hottransferresponseid = ? THEN ref.referralid ELSE NULL END AS hottransferred, CASE WHEN ref.returnapproved = TRUE THEN ref.referralid ELSE NULL END AS returns, hcc.iscredit FROM main.prod_homecare_actransactional_homecare.referral AS ref LEFT JOIN main.prod_homecare_actransactional_billing.homecarecharge AS hcc ON hcc.referralid = ref.referralid LEFT JOIN main.prod_homecare_actransactional_homecare.hot ...","select `providerid`, `ProviderName`, `orderid`, `referralid`, `ReferralDate`, `ActivatedOnDate`, `amount`, `HotTransferred`, `Returns`, `iscredit` from ( Select ref.providerid ,p.name ProviderName ,ref.orderid ,ref.referralid ,date(referredon) ReferralDate ,date(ref.activatedon) ActivatedOnDate ,hcc ..."
6,"SELECT hottransferresultid, htr.providerid, lid.leadid, htr.hottransferresponseid, hs.name AS hottransferresponse, CAST(r.referredon AS DATE) AS referraldate, p.warmtransferphonenumber, CONCAT(l.contactfirstname, ?, l.contactlastname) AS contactname, CONCAT(l.firstname, ?, l.lastname) AS residentname, l.contactphone, l.contactemail FROM prod_homecare_actransactional_homecare.hottransferresult AS htr LEFT JOIN prod_homecare_actransactional_homecare.lead AS l ON l.leadid = htr.leadid LEFT JOIN prod_homecare_actransactional_homecare.referral AS r ON htr.providerid = r.providerid AND htr.leadid =  ...","select `HotTransferResultID`, `ProviderID`, `LeadID`, `HotTransferResponseID`, `HotTransferResponse`, `ReferralDate`, `warmtransferphonenumber`, `ContactName`, `ResidentName`, `ContactPhone`, `ContactEmail` from ( SELECT HotTransferResultID ,htr.ProviderID ,lid.LeadID ,htr.HotTransferResponseID ,hs. ..."
6,"WITH cte AS (SELECT o.id AS opportunityid, o.close_date, a.hmc_cart_provider_id_c AS providerid FROM main.community_salesforce.opportunity AS o JOIN main.community_salesforce.account AS a ON a.id = o.account_id WHERE o.close_date >= ?), ctea1 AS (SELECT cte.providerid, p.name AS providername, cph.orderid, cte.close_date, cph.date, cph.orderstatus, LAG(cph.orderstatus) OVER (PARTITION BY cte.providerid, cph.orderid ORDER BY cph.date) AS lag FROM cte LEFT JOIN main.prod_homecare_acreporting_reporting.cartproviderhistory AS cph ON cph.providerid = cte.providerid LEFT JOIN main.prod_homecare_actra ...","select `ProviderID`, `ProviderName`, `OrderID`, `ProviderOrderID`, `OrderStatus`, `OrderStatusReason`, `Close_Date`, `FirstActiveDate`, `LastActiveDate`, `DaysActive`, `Status`, `FirstActivation`, `HasActivation`, `FirstCaseDate` from ( WITH CTE3 AS( WITH CTE2 AS( WITH CTE1 AS( WITH CTE AS( Select o ..."
6,"WITH cte AS (SELECT dateid, date, dayofyear, dayofmonth, dayofweek, weekdayname, month, monthname, year, monthyearid, ROW_NUMBER() OVER (PARTITION BY dayofweek, month ORDER BY date) AS weekday FROM prod_homecare_acreporting_reporting.dimdate WHERE year IN (?)) SELECT cte.*, CONCAT(dayofweek, ?, weekday) AS dayofweeknumbermonth FROM cte","select `DateID`, `Date`, `DayOfYear`, `DayOfMonth`, `DayOfWeek`, `WeekDayName`, `Month`, `MonthName`, `Year`, `MonthYearID`, `WeekDay`, `DayofWeekNumberMonth` from ( WITH CTE AS( SELECT DateID ,Date ,DayOfYear ,DayOfMonth ,DayOfWeek ,WeekDayName ,Month ,MonthName ,Year ,MonthYearID ,ROW_NUMBER() OVE ..."
6,"SELECT * FROM (SELECT o.id AS sf_opportunityid, CAST(o.created_date AS DATE) AS createddate, CAST(o.close_date AS DATE) AS closeddate, o.is_closed, o.is_won, o.owner_id, o.name AS opportunityname, a.hmc_cart_provider_id_c AS providerid, a.name AS accountname, a.id AS sfaccountid, a.hmc_lead_volume_sold_c AS leadvolumesold FROM main.community_salesforce.opportunity AS o LEFT JOIN main.community_salesforce.account AS a ON a.id = o.account_id WHERE close_date >= ?) AS _ WHERE ? = ?","select * from ( Select o.id SF_OpportunityId ,date(o.created_date) CreatedDate ,date(o.close_date) ClosedDate ,o.is_closed ,o.is_won ,o.owner_id ,o.name OpportunityName ,a.hmc_cart_provider_id_c ProviderID ,a.name AccountName ,a.id SFAccountID ,a.hmc_lead_volume_sold_c LeadVolumeSold FROM main.commu ..."
6,"WITH cte AS (SELECT cph.providerid, p.name AS providername, cph.orderid, ost.name AS orderstatus, osrt.name AS orderstatusreason, MIN(cph.date) AS firstactive, MAX(cph.date) AS lastactive FROM main.prod_homecare_acreporting_reporting.cartproviderhistory AS cph LEFT JOIN main.prod_homecare_actransactional_organization.provider AS p ON p.providerid = cph.providerid LEFT JOIN main.prod_homecare_actransactional_ordermanagement.order AS o ON o.orderid = cph.orderid LEFT JOIN main.prod_homecare_actransactional_ordermanagement.orderstatusreasontype AS osrt ON osrt.orderstatusreasontypeid = o.ordersta ...","select * from ( WITH CTE1 AS( WITH CTE AS( Select cph.providerid ,p.name ProviderName ,cph.orderid ,ost.name OrderStatus ,osrt.name OrderStatusReason ,min(cph.date) FirstActive ,max(cph.date) LastActive FROM main.prod_homecare_acreporting_reporting.cartproviderhistory cph left join main.prod_homecar ..."
6,"WITH cte AS (SELECT o.id AS opportunityid, o.close_date, a.hmc_cart_provider_id_c AS providerid FROM main.community_salesforce.opportunity AS o JOIN main.community_salesforce.account AS a ON a.id = o.account_id WHERE o.is_won = TRUE AND o.close_date >= ?), cte1 AS (SELECT cte.providerid, p.name AS providername, cph.orderid, cte.close_date, MIN(date) AS firstactivedate, MAX(date) AS lastactivedate FROM cte JOIN main.prod_homecare_acreporting_reporting.cartproviderhistory AS cph ON cph.providerid = cte.providerid LEFT JOIN main.prod_homecare_actransactional_organization.provider AS p ON p.provid ...","select `ProviderID`, `ProviderName`, `OrderID`, `ProviderOrderID`, `OrderStatus`, `OrderStatusReason`, `Close_Date`, `FirstActiveDate`, `LastActiveDate`, `DaysActive`, `Status` from ( WITH CTE1 AS( WITH CTE AS( Select o.id OpportunityID ,o.close_date ,a.hmc_cart_provider_id_c ProviderID FROM main.co ..."
6,"SELECT * FROM (SELECT c.id AS caseid, c.type, c.status, CAST(c.created_date AS DATE) AS casecreatedate, CAST(c.closed_date AS DATE) AS caseclosedate, c.origin, c.initial_onboarding_c, c.service_area_set_up_guide_c, c.the_art_of_conversion_c, c.rise_above_c, c.nurturing_for_results_c, c.portal_proficiency_c, c.catered_follow_up_c, c.hmc_ob_outreach_attempts_c, c.apfm_internal_onboarding_comments_c, u.name AS csm, c.account_id, c.first_activation_c AS firstactivation, CASE WHEN NOT c.initial_onboarding_c IS NULL THEN ? ELSE ? END AS initialonboarding, a.hmc_cart_provider_id_c AS providerid FROM  ...","select * from ( Select c.id CaseID ,c.type ,c.status ,date(c.created_date) CaseCreateDate ,date(c.closed_date) CaseCloseDate ,c.origin ,c.initial_onboarding_c ,c.service_area_set_up_guide_c ,c.the_art_of_conversion_c ,c.rise_above_c ,c.nurturing_for_results_c ,c.portal_proficiency_c ,c.catered_follo ..."
6,"SELECT oc.accountid, oc.createdon, oc.amount, DATE_FORMAT(oc.createdon, ?) AS chargeback, oc.otherchargetypeid, statementid FROM prod_homecare_actransactional_billing.othercharge AS oc WHERE oc.otherchargetypeid = ?","select * from ( Select oc.accountid ,oc.createdon ,oc.amount ,date_format(oc.createdon, 'MM-yyyy') Chargeback ,oc.otherchargetypeid ,statementid FROM prod_homecare_actransactional_billing.othercharge oc where oc.otherchargetypeid = 10 ) as `_` limit 0"
6,"WITH cte AS (SELECT o.id AS opportunityid, o.close_date, a.hmc_cart_provider_id_c AS providerid FROM main.community_salesforce.opportunity AS o JOIN main.community_salesforce.account AS a ON a.id = o.account_id WHERE o.is_won = TRUE AND o.close_date >= ?), cte1 AS (SELECT cte.providerid, p.name AS providername, cph.orderid, cte.close_date, MIN(date) AS firstactivedate, MAX(date) AS lastactivedate FROM cte JOIN main.prod_homecare_acreporting_reporting.cartproviderhistory AS cph ON cph.providerid = cte.providerid LEFT JOIN main.prod_homecare_actransactional_organization.provider AS p ON p.provid ...","select * from ( WITH CTE1 AS( WITH CTE AS( Select o.id OpportunityID ,o.close_date ,a.hmc_cart_provider_id_c ProviderID FROM main.community_salesforce.opportunity o JOIN main.community_salesforce.account a on a.id = o.account_id WHERE o.is_won = true and o.close_date >= '2026-01-01' ) Select CTE.Pro ..."
6,"WITH cte AS (SELECT cph.providerid, cph.orderid, MIN(cph.date) AS firstactive, MAX(cph.date) AS lastactive FROM main.prod_homecare_acreporting_reporting.cartproviderhistory AS cph JOIN main.prod_homecare_actransactional_organization.provider AS p ON p.providerid = cph.providerid WHERE (cph.orderstatusreason = ? OR cph.orderstatus IN (?)) AND cph.contracttype = ? AND p.providerorganizationid IS NULL GROUP BY ?, ?), cte1 AS (SELECT cte.providerid, cte.orderid, cte.firstactive, cte.lastactive, DATEDIFF(DAY, cte.firstactive, cte.lastactive) AS daysactive, ost.name AS orderstatus, CASE WHEN o.prepa ...","select * from ( WITH CTE1 AS( WITH CTE AS( Select cph.providerid ,cph.orderid ,min(cph.date) FirstActive ,max(cph.date) LastActive FROM main.prod_homecare_acreporting_reporting.cartproviderhistory cph JOIN main.prod_homecare_actransactional_organization.provider p on p.providerid = cph.providerid WH ..."
6,"WITH cte AS (SELECT cph.providerid, cph.orderid, MIN(cph.date) AS firstactive, MAX(cph.date) AS lastactive FROM main.prod_homecare_acreporting_reporting.cartproviderhistory AS cph JOIN main.prod_homecare_actransactional_organization.provider AS p ON p.providerid = cph.providerid WHERE (cph.orderstatusreason = ? OR cph.orderstatus IN (?)) AND cph.contracttype = ? AND p.providerorganizationid IS NULL GROUP BY ?, ?), cte1 AS (SELECT cte.providerid, cte.orderid, cte.firstactive, cte.lastactive, DATEDIFF(DAY, cte.firstactive, cte.lastactive) AS daysactive, ost.name AS orderstatus, CASE WHEN o.prepa ...","select * from ( WITH CTE1 AS( WITH CTE AS( Select cph.providerid ,cph.orderid ,min(cph.date) FirstActive ,max(cph.date) LastActive FROM main.prod_homecare_acreporting_reporting.cartproviderhistory cph JOIN main.prod_homecare_actransactional_organization.provider p on p.providerid = cph.providerid WH ..."
6,"WITH cte AS (SELECT cph.providerid, cph.orderid, MIN(cph.date) AS firstactive, MAX(cph.date) AS lastactive FROM main.prod_homecare_acreporting_reporting.cartproviderhistory AS cph JOIN main.prod_homecare_actransactional_organization.provider AS p ON p.providerid = cph.providerid WHERE (cph.orderstatusreason = ? OR cph.orderstatus IN (?)) AND cph.contracttype = ? AND p.providerorganizationid IS NULL GROUP BY ?, ?), cte1 AS (SELECT cte.providerid, cte.orderid, cte.firstactive, cte.lastactive, DATEDIFF(DAY, cte.firstactive, cte.lastactive) AS daysactive, ost.name AS orderstatus, CASE WHEN o.prepa ...","select * from ( WITH CTE1 AS( WITH CTE AS( Select cph.providerid ,cph.orderid ,min(cph.date) FirstActive ,max(cph.date) LastActive FROM main.prod_homecare_acreporting_reporting.cartproviderhistory cph JOIN main.prod_homecare_actransactional_organization.provider p on p.providerid = cph.providerid WH ..."
6,"WITH cte AS (SELECT o.id AS opportunityid, o.close_date, a.hmc_cart_provider_id_c AS providerid FROM main.community_salesforce.opportunity AS o JOIN main.community_salesforce.account AS a ON a.id = o.account_id WHERE o.is_won = TRUE AND o.close_date >= ?), cte1 AS (SELECT cte.providerid, p.name AS providername, cph.orderid, cte.close_date, MIN(date) AS firstactivedate, MAX(date) AS lastactivedate FROM cte JOIN main.prod_homecare_acreporting_reporting.cartproviderhistory AS cph ON cph.providerid = cte.providerid LEFT JOIN main.prod_homecare_actransactional_organization.provider AS p ON p.provid ...","select `ProviderID`, `ProviderName`, `OrderID`, `ProviderOrderID`, `OrderStatus`, `OrderStatusReason`, `Close_Date`, `FirstActiveDate`, `LastActiveDate`, `DaysActive`, `Status`, `FirstActivation`, `HasActivation` from ( WITH CTE2 AS( WITH CTE1 AS( WITH CTE AS( Select o.id OpportunityID ,o.close_date ..."
6,"WITH cte AS (SELECT o.id AS opportunityid, o.close_date, a.hmc_cart_provider_id_c AS providerid FROM main.community_salesforce.opportunity AS o JOIN main.community_salesforce.account AS a ON a.id = o.account_id WHERE o.is_won = TRUE AND o.close_date >= ?), cte1 AS (SELECT cte.providerid, p.name AS providername, cph.orderid, cte.close_date, MIN(date) AS firstactivedate, MAX(date) AS lastactivedate FROM cte JOIN main.prod_homecare_acreporting_reporting.cartproviderhistory AS cph ON cph.providerid = cte.providerid LEFT JOIN main.prod_homecare_actransactional_organization.provider AS p ON p.provid ...","select * from ( WITH CTE2 AS( WITH CTE1 AS( WITH CTE AS( Select o.id OpportunityID ,o.close_date ,a.hmc_cart_provider_id_c ProviderID FROM main.community_salesforce.opportunity o JOIN main.community_salesforce.account a on a.id = o.account_id WHERE o.is_won = true and o.close_date >= '2026-01-01' )  ..."
6,"WITH cte AS (SELECT CASE WHEN agentname = ? THEN ? ELSE agentname END AS agentname, manager, powerbi name FROM main.reporting.hcam_staffing WHERE NOT manager IS NULL), ctea AS (SELECT DISTINCT o.id, o.name AS opportunityname, CAST(o.created_date AS DATE) AS createddate, o.close_date, o.is_won, o.is_closed, o.stage_name AS currentstage, u.name AS hcam, o.account_id, oh.old_value, oh.new_value FROM cte JOIN main.community_salesforce.user AS u ON u.name = cte.agentname JOIN main.community_salesforce.opportunity AS o ON o.owner_id = u.id JOIN main.community_salesforce.opportunity_field_history AS  ...","select * from ( WITH CTE1 AS( WITH CTE AS( Select CASE WHEN AgentName = 'Karen Isaak' then 'Karen isaak' else AgentName end AgentName ,Manager ,`PowerBI Name` FROM main.reporting.hcam_staffing where Manager is not null ) ,CTEA AS ( Select DISTINCT o.id ,o.name OpportunityName ,date(o.created_date) C ..."
6,"WITH cte AS (SELECT o.id AS opportunityid, o.close_date, a.hmc_cart_provider_id_c AS providerid FROM main.community_salesforce.opportunity AS o JOIN main.community_salesforce.account AS a ON a.id = o.account_id WHERE o.close_date >= ?), ctec AS (SELECT cte.providerid, p.name AS providername, cph.orderid, cte.close_date, MIN(date) AS firstactivedate, MAX(date) AS lastactivedate FROM cte LEFT JOIN main.prod_homecare_acreporting_reporting.cartproviderhistory AS cph ON cph.providerid = cte.providerid LEFT JOIN main.prod_homecare_actransactional_organization.provider AS p ON p.providerid = cte.prov ...","select * from ( WITH CTE2 AS( WITH CTE1 AS( WITH CTE AS( Select o.id OpportunityID ,o.close_date ,a.hmc_cart_provider_id_c ProviderID FROM main.community_salesforce.opportunity o JOIN main.community_salesforce.account a on a.id = o.account_id WHERE --o.is_won = true o.close_date >= '2025-10-01' --an ..."
6,"WITH cte AS (SELECT o.id AS opportunityid, o.close_date, a.hmc_cart_provider_id_c AS providerid FROM main.community_salesforce.opportunity AS o JOIN main.community_salesforce.account AS a ON a.id = o.account_id WHERE o.close_date >= ?), ctec AS (SELECT cte.providerid, p.name AS providername, cph.orderid, cte.close_date, MIN(date) AS firstactivedate, MAX(date) AS lastactivedate FROM cte LEFT JOIN main.prod_homecare_acreporting_reporting.cartproviderhistory AS cph ON cph.providerid = cte.providerid LEFT JOIN main.prod_homecare_actransactional_organization.provider AS p ON p.providerid = cte.prov ...","select * from ( WITH CTE3 AS( WITH CTE2 AS( WITH CTE1 AS( WITH CTE AS( Select o.id OpportunityID ,o.close_date ,a.hmc_cart_provider_id_c ProviderID FROM main.community_salesforce.opportunity o JOIN main.community_salesforce.account a on a.id = o.account_id WHERE --o.is_won = true o.close_date >= '20 ..."
6,"WITH cte AS (SELECT DISTINCT hmcr.hmcrequestid, hmcr.hmcprospectid, hmcr.affiliateinquiryid, apfm.lt_form_submit_channel, CASE WHEN hmcr.customflow = ? THEN ? ELSE ? END AS flow, CASE WHEN hmcr.affiliateid = ? THEN ? WHEN hmcr.affiliateid = ? THEN ? WHEN hmcr.affiliateid IN (?) THEN ? WHEN hmcr.affiliateid = ? THEN ? WHEN hmcr.affiliateid = ? THEN ? WHEN hmcr.affiliateid IN (?) THEN ? WHEN hmcr.affiliateid IN (?) THEN ? WHEN hmcr.url LIKE ? OR hmcr.url LIKE ? OR hmcr.url LIKE ? THEN ? WHEN hmcr.url LIKE ? OR hmcr.affiliateid = ? THEN ? WHEN hmcr.affiliateid IN (?) OR hmcr.url LIKE ? OR hmcr.ur ...","select `HMCRequestID`, `HMCProspectID`, `Flow`, `lastoutcomeid`, `affiliateID`, `Channel`, `IsDJ`, `DJStep`, `djstepid`, `DJType`, `Source`, `formname`, `TimeID`, `SiteSection`, `SEMForm`, `EmailType`, `RequestDateTime`, `RequestStatusID`, `Lead`, `LSTF`, `RL`, `CampaignID`, `CampaignName` from ( WI ..."
6,"WITH cte AS (SELECT r.region_id AS regionid, r.region_name AS regionname, zr.zip5 FROM main.prod_ygl_apfm.zip_region AS zr JOIN main.prod_ygl_apfm.region AS r ON r.region_id = zr.region_id JOIN main.prod_ygl_apfm.region_use AS ru ON ru.region_id = zr.region_id AND ru.region_type_code = zr.region_type_code WHERE ru.region_type_code = ? AND r.region_name = ? AND r.active = ? AND zr._fivetran_deleted = FALSE AND r._fivetran_deleted = FALSE AND ru._fivetran_deleted = FALSE ORDER BY r.region_id, zr.zip5) SELECT * FROM (SELECT CAST(hmcr.createdate AS DATE) AS requestcreatedate, hmcr.hmcrequestid, CA ...","select * from ( WITH CTE AS( SELECT r.region_id AS regionId, r.region_name AS regionName, zr.zip5 FROM main.prod_ygl_apfm.zip_region AS zr JOIN main.prod_ygl_apfm.region AS r ON r.region_id = zr.region_id JOIN main.prod_ygl_apfm.region_use ru ON ru.region_id = zr.region_id AND ru.region_type_code =  ..."
6,"WITH cte AS (SELECT hmcr.hmcrequestid, hmcr.hmcprospectid, postalcode, CASE WHEN hmcr.customflow = ? THEN ? ELSE ? END AS funnel, hmcr.createdate, hmcr.requeststatusid, hmcr.requeststatuscode, CASE WHEN hmcr.affiliateid = ? THEN ? WHEN hmcr.affiliateid = ? THEN ? WHEN hmcr.affiliateid IN (?) THEN ? WHEN hmcr.affiliateid = ? THEN ? WHEN hmcr.affiliateid = ? THEN ? WHEN hmcr.affiliateid IN (?) THEN ? WHEN hmcr.affiliateid IN (?) THEN ? WHEN hmcr.url LIKE ? OR hmcr.url LIKE ? OR hmcr.url LIKE ? THEN ? WHEN hmcr.url LIKE ? OR hmcr.affiliateid = ? THEN ? WHEN hmcr.affiliateid IN (?) OR hmcr.url LIK ...","select * from ( WITH CTE2 AS ( WITH CTE1 AS ( WITH CTE AS ( SELECT hmcr.hmcrequestid ,hmcr.hmcprospectid ,postalcode ,CASE WHEN hmcr.customflow = 1 THEN 'NFE' ELSE 'OFE' END as Funnel ,hmcr.createdate ,HMCR.RequestStatusId ,hmcr.requeststatuscode ,CASE WHEN hmcr.affiliateid =140 then ""Grace"" WHEN hm ..."
5,"WITH cte AS (SELECT ref.referralid, CAST(ref.referredon AS DATE) AS referredon, hmcr.hmcrequestid, slpp.careadvisorcoordinator AS ca, LAG(CAST(ref.referredon AS DATE)) OVER (PARTITION BY hmcr.hmcrequestid ORDER BY ref.referredon DESC) AS lag FROM main.prod_homecare_actransactional_seniorliving.referral AS slpp LEFT JOIN main.prod_homecare_insite_directory.hmcrequest AS hmcr ON hmcr.hmcrequestid = slpp.hmcrequestid LEFT JOIN main.prod_homecare_insite_directory.hmclead AS hmcl ON hmcl.hmcrequestid = hmcr.hmcrequestid LEFT JOIN main.prod_homecare_actransactional_homecare.referral AS ref ON ref.hm ...","select * from ( WITH CTE1 AS( WITH CTE AS ( Select ref.referralid ,cast(ref.referredon as date) Referredon ,hmcr.hmcrequestid ,slpp.careadvisorcoordinator CA , lag(cast(ref.referredon as date)) OVER (PARTITION BY hmcr.hmcrequestid ORDER BY ref.referredon desc) lag FROM main.prod_homecare_actransacti ..."
5,"WITH cte AS (SELECT cph.date, DATE_FORMAT(cph.date, ?) AS monthyearid, CONCAT(cph.providerid, ?, cph.orderid) AS providerorders, COUNT(DISTINCT cph.date) AS days FROM main.prod_homecare_acreporting_reporting.cartproviderhistory AS cph WHERE date >= ? AND cph.contracttype = ? AND cph.orderstatusreason = ? GROUP BY ?, ?, ?), cte1 AS (SELECT DISTINCT providerorders, SUM(days) OVER (PARTITION BY monthyearid, providerorders ORDER BY date) AS days, date, monthyearid FROM cte GROUP BY date, monthyearid, days, providerorders) SELECT date, COUNT(DISTINCT providerorders) AS providerorders, SUM(days), mo ...","select `Date`, `ProviderOrders`, `sum(days)`, `monthyearid` from ( WITH CTE1 AS( WITH CTE AS ( Select cph.date ,date_format(cph.date, 'yyyyMM') MonthYearID , concat(cph.providerid, '-',cph.orderid) ProviderOrders ,count(distinct cph.date) Days FROM main.prod_homecare_acreporting_reporting.cartprovid ..."
5,"WITH cte AS (SELECT p.accountid, p.amount, MAX(DATE_FORMAT(CASE WHEN NOT p.forstatementid IS NULL THEN DATE_ADD(MONTH, -?, DATE_TRUNC('MONTH', p.createdon)) ELSE p.createdon END, ?)) AS paymentdate, MAX(p.createdon) AS createdon FROM prod_homecare_actransactional_billing.payment AS p WHERE p.paymentstatustypeid IN (?) GROUP BY ?, ?), ctea AS (SELECT accountid, p.amount, DATE_FORMAT(CASE WHEN NOT p.forstatementid IS NULL THEN DATE_ADD(MONTH, -?, DATE_TRUNC('MONTH', p.createdon)) ELSE p.createdon END, ?) AS paymentdate, p.createdon AS createdon, p.paymentstatustypeid, ROW_NUMBER() OVER (PARTITIO ...","select `accountid`, `amount`, `PaymentDate` from ( WITH CTE AS( Select p.accountid ,p.amount ,max(date_format(case when p.forstatementid is not null then dateadd(Month, -1, date_trunc('Month', p.createdon)) else p.createdon end, 'yyyyMM')) PaymentDate ,max(p.createdon) createdon FROM prod_homecare_a ..."
5,"WITH cte AS (SELECT o.id AS opportunityid, o.close_date, a.hmc_cart_provider_id_c AS providerid FROM main.community_salesforce.opportunity AS o JOIN main.community_salesforce.account AS a ON a.id = o.account_id WHERE o.is_won = TRUE AND o.close_date >= ?), ctec AS (SELECT cte.providerid, p.name AS providername, cph.orderid, cte.close_date, MIN(date) AS firstactivedate, MAX(date) AS lastactivedate FROM cte LEFT JOIN main.prod_homecare_acreporting_reporting.cartproviderhistory AS cph ON cph.providerid = cte.providerid LEFT JOIN main.prod_homecare_actransactional_organization.provider AS p ON p.p ...","select * from ( WITH CTE2 AS( WITH CTE1 AS( WITH CTE AS( Select o.id OpportunityID ,o.close_date ,a.hmc_cart_provider_id_c ProviderID FROM main.community_salesforce.opportunity o JOIN main.community_salesforce.account a on a.id = o.account_id WHERE o.is_won = true and o.close_date >= '2026-01-01' )  ..."
5,"WITH cte AS (SELECT cph.providerid, cph.orderid, MAX(cph.date) AS lastactive, MIN(cph.date) AS firstactive FROM main.prod_homecare_acreporting_reporting.cartproviderhistory AS cph WHERE (cph.orderstatusreason = ? OR cph.orderstatus IN (?)) AND cph.contracttype = ? GROUP BY ?, ?), ctea AS (SELECT DISTINCT cph.providerid, cph.orderid, cph.orderstatus, cph.orderstatusreason FROM main.prod_homecare_acreporting_reporting.cartproviderhistory AS cph WHERE date = CAST(CURRENT_TIMESTAMP() AS DATE)), cteb1 AS (SELECT r.region_id AS regionid, r.region_name AS regionname, zr.zip5 FROM main.prod_ygl_apfm.z ...","select `ProviderID`, `OrderID`, `ProviderOrders`, `FirstActive`, `LastActive`, `ProviderName`, `Org`, `OrderStatus`, `OrderStatusReason`, `ProviderCoverage`, `Status` from ( WITH CTE AS( Select cph.providerid ,cph.orderid ,max(cph.date) LastActive ,min(cph.date) FirstActive FROM main.prod_homecare_a ..."
5,"SELECT DISTINCT p.accountid, CASE WHEN p.paymentstatustypeid = ? THEN p.amount ELSE -p.amount END AS amount, DATE_FORMAT(CASE WHEN p.forstatementid IS NULL THEN DATE_ADD(MONTH, ?, DATE_TRUNC('MONTH', p.createdon)) ELSE DATE_ADD(MONTH, -?, DATE_TRUNC('MONTH', p.createdon)) END, ?) AS paymentdate FROM prod_homecare_actransactional_billing.payment AS p","select `accountid`, `amount`, `PaymentDate` from ( Select distinct p.accountid ,case when p.paymentstatustypeid = 1 then p.amount else -p.amount end amount ,date_format(case when p.forstatementid is null then dateadd(Month, 0, date_trunc('Month', p.createdon)) else dateadd(Month, -1, date_trunc('Mon ..."
5,"WITH cte AS (SELECT sr.hmcprospectid, sr.outcomeid, CAST(sr.createdate AS DATE) AS surveycallcreatedate, hmcfollowupsurveyresultid, usercode, CASE WHEN resultactionid = ? THEN sr.hmcprospectid ELSE NULL END AS slpp, ROW_NUMBER() OVER (PARTITION BY sr.hmcprospectid ORDER BY sr.createdate) AS attemptcount, CASE WHEN outcomeid IN (?) THEN hmcfollowupsurveyresultid ELSE NULL END AS connnections FROM prod_homecare_insite_directory.hmcfollowupsurveyresult AS sr LEFT JOIN main.prod_homecare_insite_dbo.users AS u ON u.userid = sr.userid WHERE sr.createdate >= ? AND sr.outcomeid <> ?) SELECT COUNT(DIST ...","select `TotalCalls`, `AttemptCount`, `Connections`, `CA`, `SurveyCallCreateDate` from ( WITH CTE AS ( Select sr.hmcprospectid ,sr.outcomeid ,cast(sr.createdate as date) SurveyCallCreateDate ,hmcfollowupsurveyresultid ,usercode ,Case when resultactionid = 1 then sr.hmcprospectid else null end SLPP ,R ..."
5,"WITH cte AS (SELECT hmcr.hmcrequestid, hmcr.hmcprospectid, postalcode, CASE WHEN hmcr.customflow = ? THEN ? ELSE ? END AS funnel, hmcr.createdate, hmcr.requeststatusid, hmcr.requeststatuscode, CASE WHEN hmcr.affiliateid = ? THEN ? WHEN hmcr.affiliateid = ? THEN ? WHEN hmcr.affiliateid IN (?) THEN ? WHEN hmcr.affiliateid = ? THEN ? WHEN hmcr.affiliateid = ? THEN ? WHEN hmcr.affiliateid IN (?) THEN ? WHEN hmcr.affiliateid IN (?) THEN ? WHEN hmcr.url LIKE ? OR hmcr.url LIKE ? OR hmcr.url LIKE ? THEN ? WHEN hmcr.url LIKE ? OR hmcr.affiliateid = ? THEN ? WHEN hmcr.affiliateid IN (?) OR hmcr.url LIK ...","select * from ( WITH CTE2 AS ( WITH CTE1 AS ( WITH CTE AS ( SELECT hmcr.hmcrequestid ,hmcr.hmcprospectid ,postalcode ,CASE WHEN hmcr.customflow = 1 THEN 'NFE' ELSE 'OFE' END as Funnel ,hmcr.createdate ,HMCR.RequestStatusId ,hmcr.requeststatuscode ,CASE WHEN hmcr.affiliateid =140 then ""Grace"" WHEN hm ..."
5,"WITH cte AS (SELECT DISTINCT hmcr.hmcrequestid, CAST(hmcr.createdate AS DATE) AS createdate, DATE_ADD(DAY, ?, DATE_TRUNC('MONTH', hmcr.createdate)) AS first3days, DATE_ADD(DAY, -?, LAST_DAY(hmcr.createdate)) AS last3days, DATE_FORMAT(hmcr.createdate, ?) AS monthyearid, dma.dma FROM main.prod_homecare_insite_directory.hmcrequest AS hmcr LEFT JOIN main.prod_homecare_insite_directory.hmclead AS hmcl ON hmcr.hmcrequestid = hmcl.hmcleadid LEFT JOIN main.reporting.dim_geography_zip_dma AS dma ON dma.zip = TRIM(hmcr.postalcode) WHERE hmcr.createdate >= ? AND hmcr.requeststatusid = ?), cte1 AS (SELECT ...","select `DMA`, `MonthYearID`, `TotalRls`, `Last3DayRls`, `First3DayRls` from ( WITH CTE1 AS ( WITH CTE AS ( Select DISTINCT hmcr.hmcrequestid ,date(hmcr.createdate) CreateDate ,dateadd(Day, 2, date_trunc(""Month"", hmcr.createdate)) First3Days ,dateadd(Day, -2, last_day(hmcr.createdate)) Last3Days ,dat ..."
5,"WITH cte AS (SELECT DISTINCT o.accountid, a.name AS accountname, o.orderid, o.name AS ordername, ot.name AS orderstatus, ost.name AS orderstatusreason, o.createdon AS ordercreatedate, u.firstname AS hcam, o.prepaidautorenew, o.prepaidtotal FROM prod_homecare_actransactional_ordermanagement.order AS o LEFT JOIN prod_homecare_actransactional_billing.account AS a ON a.accountid = o.accountid LEFT JOIN prod_homecare_actransactional_ordermanagement.orderstatusreasontype AS ost ON ost.orderstatusreasontypeid = o.orderstatusreasontypeid LEFT JOIN prod_homecare_actransactional_ordermanagement.ordersta ...","select `AccountID`, `AccountName`, `OrderID`, `OrderName`, `CurrentOrderStatus`, `CurrentOrderStatusReason`, `OrderCreateDate`, `HCAM`, `HomecareChargeID`, `amount`, `ChargeCreateDate`, `CPHOrderStatus`, `CPHOrderStatusReason`, `prepaidautorenew`, `prepaidtotal`, `RN`, `LagDate`, `LastOrderStatus`,  ..."
5,"WITH cte AS (SELECT hmcr.hmcrequestid, hmcr.hmcprospectid, postalcode, CASE WHEN hmcr.customflow = ? THEN ? ELSE ? END AS funnel, hmcr.createdate, hmcr.requeststatusid, hmcr.requeststatuscode, CASE WHEN hmcr.affiliateid = ? THEN ? WHEN hmcr.affiliateid = ? THEN ? WHEN hmcr.affiliateid IN (?) THEN ? WHEN hmcr.affiliateid = ? THEN ? WHEN hmcr.affiliateid = ? THEN ? WHEN hmcr.affiliateid IN (?) THEN ? WHEN hmcr.affiliateid IN (?) THEN ? WHEN hmcr.url LIKE ? OR hmcr.url LIKE ? OR hmcr.url LIKE ? THEN ? WHEN hmcr.url LIKE ? OR hmcr.affiliateid = ? THEN ? WHEN hmcr.affiliateid IN (?) OR hmcr.url LIK ...","select `hmcrequestid`, `Funnel`, `createdate`, `RequestStatusId`, `AdjChannel`, `ScreeningDate`, `userid`, `outcomeid`, `ISDJ`, `DJStep`, `DJType`, `SourceP` from ( WITH CTE2 AS ( WITH CTE1 AS ( WITH CTE AS ( SELECT hmcr.hmcrequestid ,hmcr.hmcprospectid ,postalcode ,CASE WHEN hmcr.customflow = 1 THE ..."
5,"WITH cte AS (SELECT hmcr.hmcrequestid, hmcr.hmcprospectid, postalcode, CASE WHEN hmcr.customflow = ? THEN ? ELSE ? END AS funnel, hmcr.createdate, hmcr.requeststatusid, hmcr.requeststatuscode, CASE WHEN hmcr.affiliateid = ? THEN ? WHEN hmcr.affiliateid = ? THEN ? WHEN hmcr.affiliateid IN (?) THEN ? WHEN hmcr.affiliateid = ? THEN ? WHEN hmcr.affiliateid = ? THEN ? WHEN hmcr.affiliateid IN (?) THEN ? WHEN hmcr.affiliateid IN (?) THEN ? WHEN hmcr.url LIKE ? OR hmcr.url LIKE ? OR hmcr.url LIKE ? THEN ? WHEN hmcr.url LIKE ? OR hmcr.affiliateid = ? THEN ? WHEN hmcr.affiliateid IN (?) OR hmcr.url LIK ...","select `SLRl`, `hmcrequestid`, `Funnel`, `createdate`, `RequestStatusId`, `AdjChannel`, `ScreeningDate`, `userid`, `outcomeid`, `ISDJ`, `DJStep`, `DJType`, `SourceP`, `C1`, `C2`, `C2` - `C1` as `C3` from ( select `SLRl`, `hmcrequestid`, `Funnel`, `createdate`, `RequestStatusId`, `AdjChannel`, `Scree ..."
5,"WITH cte AS (SELECT DISTINCT date, DATE_FORMAT(cph.date, ?) AS monthyear, monthlysent, monthlycap FROM main.prod_homecare_acreporting_reporting.cartproviderhistory AS cph WHERE cph.orderid = ? AND date >= ? AND (date = LAST_DAY(date) OR date = CAST(CURRENT_TIMESTAMP() AS DATE))), cte1 AS (SELECT DISTINCT cph.date, DATE_FORMAT(cph.date, ?) AS monthyear, CASE WHEN cte.date = LAST_DAY(cte.date) THEN cte.monthlysent ELSE cte.monthlycap END AS hicap FROM cte LEFT JOIN main.prod_homecare_acreporting_reporting.cartproviderhistory AS cph ON cte.monthyear = DATE_FORMAT(cph.date, ?) AND DAY(cph.date) =  ...","select `Date`, cast({ fn round(cast(`MonthYear` as DOUBLE), 0) } as BIGINT) as `C1`, `Adjust_MonthlyCap`, `Orders` from ( WITH CTE2 AS( WITH CTE1 AS( WITH CTE AS ( Select Distinct date ,date_format( cph.date, 'MMyyyy') MonthYear ,monthlysent ,monthlycap FROM main.prod_homecare_acreporting_reporting. ..."
5,"SELECT oc.accountid, oc.createdon, CASE WHEN otherchargetypeid = ? THEN -oc.amount ELSE oc.amount END AS amount, DATE_FORMAT(oc.createdon, ?) AS writeoff, oc.otherchargetypeid FROM prod_homecare_actransactional_billing.othercharge AS oc WHERE oc.otherchargetypeid IN (?)","select `accountid`, cast(`createdon` as DATE) as `C1`, `amount`, `Writeoff`, `otherchargetypeid` from ( Select oc.accountid ,oc.createdon ,case when otherchargetypeid = 10 then -oc.amount else oc.amount end amount ,date_format(oc.createdon, 'MM-yyyy') Writeoff ,oc.otherchargetypeid FROM prod_homecar ..."
5,"WITH cte AS (SELECT o.id AS opportunityid, o.close_date, a.hmc_cart_provider_id_c AS providerid FROM main.community_salesforce.opportunity AS o JOIN main.community_salesforce.account AS a ON a.id = o.account_id WHERE o.close_date >= ?), ctec AS (SELECT cte.providerid, p.name AS providername, cph.orderid, cte.close_date, MIN(date) AS firstactivedate, MAX(date) AS lastactivedate FROM cte LEFT JOIN main.prod_homecare_acreporting_reporting.cartproviderhistory AS cph ON cph.providerid = cte.providerid LEFT JOIN main.prod_homecare_actransactional_organization.provider AS p ON p.providerid = cte.prov ...","select `ProviderID`, `ProviderName`, `OrderID`, `ProviderOrderID`, `OrderStatus`, `OrderStatusReason`, `Close_Date`, `FirstActiveDate`, `LastActiveDate`, `DaysActive`, `Status`, `FirstActivation`, `HasActivation`, `FirstCaseDate` from ( WITH CTE3 AS( WITH CTE2 AS( WITH CTE1 AS( WITH CTE AS( Select o ..."
5,"WITH cte AS (SELECT DISTINCT COUNT(DISTINCT referralid) AS referrals, DATE_FORMAT(referredon, ?) AS monthyearid, CASE WHEN p.providerorganizationid IS NULL THEN ? ELSE ? END AS org, dma.dma, TRIM(hmcr.postalcode) AS postalcode FROM prod_homecare_actransactional_homecare.referral AS ref LEFT JOIN main.prod_homecare_actransactional_organization.provider AS p ON p.providerid = ref.providerid LEFT JOIN main.prod_homecare_insite_directory.hmclead AS hmcl ON hmcl.hmcleadid = ref.hmcleadid LEFT JOIN main.prod_homecare_insite_directory.hmcrequest AS hmcr ON hmcr.hmcrequestid = hmcl.hmcleadid LEFT JOIN ...","select * from ( WITH CTE AS( Select DISTINCT count(distinct referralid) Referrals -- ,date(Referredon) ReferredOn ,date_format(Referredon, 'yyyyMM') MonthYearID ,CASE WHEN p.providerorganizationid is null then ""Independent"" else ""Franchise"" END Org ,dma.dma ,trim(hmcr.postalcode) postalcode FROM pro ..."
5,"WITH cte AS (SELECT CASE WHEN ref.activatedon IS NULL THEN NULL ELSE ref.referralid END AS activation, ref.providerid, ref.orderid, ref.referralid, CASE WHEN ref.returnapproved = TRUE THEN ref.referralid ELSE NULL END AS returnedreferrals, CONCAT(ref.providerid, ?, ref.orderid) AS providerorderid, CASE WHEN ref.billingtypeid = ? THEN ? WHEN hcc.accountid = ? AND log.deliverystatustypeid IN (?) AND hcc.createdon >= ? AND hcc.ishottransfer = ? THEN ? WHEN hcc.accountid = ? AND hcc.amount < ? AND hcc.createdon >= ? AND hcc.ishottransfer = ? THEN hcc.amount WHEN hcc.accountid = ? AND hcc.amount >  ...","select * from ( WITH CTE AS( Select case when ref.activatedon is null then null else ref.referralid end Activation ,ref.providerID ,ref.orderid ,ref.referralid ,CASE WHEN ref.returnapproved = true then ref.referralid else null end ReturnedReferrals ,concat(ref.providerid, ""-"", ref.orderid) ProviderO ..."
5,"WITH cte AS (SELECT hmcr.hmcrequestid, hmcr.hmcprospectid, hmcpd.disqualifier AS disqualifier2, hmcp.disqualifierreason, hmcr.affiliateid FROM prod_homecare_insite_directory.hmcrequest AS hmcr LEFT JOIN prod_homecare_insite_directory.hmcprospect AS hmcp ON hmcp.hmcprospectid = hmcr.hmcprospectid LEFT JOIN prod_homecare_insite_directory.hmcprospectdisqualifier AS hmcpd ON hmcpd.hmcprospectdisqualifierid = hmcp.disqualifier), cte1 AS (SELECT hmcrequestid, hmcprospectid AS hmcprospectid2, disqualifier2, disqualifierreason, affiliateid AS affiliateid2 FROM cte WHERE affiliateid IN (?)), ctea AS (S ...","select `HMCRequestID`, `HMCProspectID`, `disqualifier`, `Channel`, `userid`, `requeststatusid`, `ISDJ`, `DJStep`, `DJType`, `adjust_createdate`, `Time`, `disqualifierfixed`, `disqualifierreason_fixed`, `disqualifierreason`, `ContactFirstName`, `ContactLastName`, `Prospect_Date`, `postalcode`, `Scree ..."
5,"SELECT p.accountid, p.amount, DATE_FORMAT(CASE WHEN NOT p.forstatementid IS NULL THEN DATE_ADD(MONTH, -?, DATE_TRUNC('MONTH', p.createdon)) ELSE p.createdon END, ?) AS paymentdate, p.createdon FROM prod_homecare_actransactional_billing.payment AS p WHERE p.paymentstatustypeid = ?","select `accountid`, `amount`, `PaymentDate`, `createdon` from ( Select p.accountid ,p.amount ,date_format(case when p.forstatementid is not null then dateadd(Month, -1, date_trunc('Month', p.createdon)) else p.createdon end, 'yyyyMM') PaymentDate ,p.createdon FROM prod_homecare_actransactional_billi ..."
5,"WITH cte AS (SELECT DISTINCT hmcr.hmcrequestid, CAST(hmcr.createdate AS DATE) AS createdate, DATE_ADD(DAY, ?, DATE_TRUNC('MONTH', hmcr.createdate)) AS first3days, DATE_ADD(DAY, -?, LAST_DAY(hmcr.createdate)) AS last3days, DATE_FORMAT(hmcr.createdate, ?) AS monthyearid, dma.dma, TRIM(hmcr.postalcode) AS postalcode FROM main.prod_homecare_insite_directory.hmcrequest AS hmcr LEFT JOIN main.prod_homecare_insite_directory.hmclead AS hmcl ON hmcr.hmcrequestid = hmcl.hmcleadid LEFT JOIN main.reporting.dim_geography_zip_dma AS dma ON dma.zip = TRIM(hmcr.postalcode) WHERE hmcr.createdate >= ? AND hmcr. ...","select `DMA`, `MonthYearID`, `postalcode`, `TotalRls`, `Last3DayRls`, `First3DayRls` from ( WITH CTE1 AS ( WITH CTE AS ( Select DISTINCT hmcr.hmcrequestid ,date(hmcr.createdate) CreateDate ,dateadd(Day, 2, date_trunc(""Month"", hmcr.createdate)) First3Days ,dateadd(Day, -2, last_day(hmcr.createdate))  ..."
5,"WITH cte AS (SELECT hmcr.hmcrequestid, hmcr.hmcprospectid, postalcode, CASE WHEN hmcr.customflow = ? THEN ? ELSE ? END AS funnel, hmcr.createdate, hmcr.requeststatusid, hmcr.requeststatuscode, CASE WHEN hmcr.affiliateid = ? THEN ? WHEN hmcr.affiliateid = ? THEN ? WHEN hmcr.affiliateid IN (?) THEN ? WHEN hmcr.affiliateid = ? THEN ? WHEN hmcr.affiliateid = ? THEN ? WHEN hmcr.affiliateid IN (?) THEN ? WHEN hmcr.affiliateid IN (?) THEN ? WHEN hmcr.url LIKE ? OR hmcr.url LIKE ? OR hmcr.url LIKE ? THEN ? WHEN hmcr.url LIKE ? OR hmcr.affiliateid = ? THEN ? WHEN hmcr.affiliateid IN (?) OR hmcr.url LIK ...","select * from ( WITH CTE2 AS ( WITH CTE1 AS ( WITH CTE AS ( SELECT hmcr.hmcrequestid ,hmcr.hmcprospectid ,postalcode ,CASE WHEN hmcr.customflow = 1 THEN 'NFE' ELSE 'OFE' END as Funnel ,hmcr.createdate ,HMCR.RequestStatusId ,hmcr.requeststatuscode ,CASE WHEN hmcr.affiliateid =140 then ""Grace"" WHEN hm ..."
5,"WITH cte AS (SELECT o.id AS opportunityid, o.close_date, a.hmc_cart_provider_id_c AS providerid FROM main.community_salesforce.opportunity AS o JOIN main.community_salesforce.account AS a ON a.id = o.account_id WHERE o.is_won = TRUE AND o.close_date >= ?), ctea1 AS (SELECT cte.providerid, p.name AS providername, cph.orderid, cte.close_date, cph.date, cph.orderstatus, LAG(cph.orderstatus) OVER (PARTITION BY cte.providerid, cph.orderid ORDER BY cph.date) AS lag FROM cte LEFT JOIN main.prod_homecare_acreporting_reporting.cartproviderhistory AS cph ON cph.providerid = cte.providerid LEFT JOIN main ...","select * from ( WITH CTE3 AS( WITH CTE2 AS( WITH CTE1 AS( WITH CTE AS( Select o.id OpportunityID ,o.close_date ,a.hmc_cart_provider_id_c ProviderID FROM main.community_salesforce.opportunity o JOIN main.community_salesforce.account a on a.id = o.account_id WHERE o.is_won = true and o.close_date >= ' ..."
5,"WITH cte AS (SELECT hmcr.hmcrequestid, hmcr.hmcprospectid, postalcode, CASE WHEN hmcr.customflow = ? THEN ? ELSE ? END AS funnel, hmcr.createdate, hmcr.requeststatusid, hmcr.requeststatuscode, CASE WHEN hmcr.affiliateid = ? THEN ? WHEN hmcr.affiliateid = ? THEN ? WHEN hmcr.affiliateid IN (?) THEN ? WHEN hmcr.affiliateid = ? THEN ? WHEN hmcr.affiliateid = ? THEN ? WHEN hmcr.affiliateid IN (?) THEN ? WHEN hmcr.affiliateid IN (?) THEN ? WHEN hmcr.url LIKE ? OR hmcr.url LIKE ? OR hmcr.url LIKE ? THEN ? WHEN hmcr.url LIKE ? OR hmcr.affiliateid = ? THEN ? WHEN hmcr.affiliateid IN (?) OR hmcr.url LIK ...","select * from ( WITH CTE2 AS ( WITH CTE1 AS ( WITH CTE AS ( SELECT hmcr.hmcrequestid ,hmcr.hmcprospectid ,postalcode ,CASE WHEN hmcr.customflow = 1 THEN 'NFE' ELSE 'OFE' END as Funnel ,hmcr.createdate ,HMCR.RequestStatusId ,hmcr.requeststatuscode ,CASE WHEN hmcr.affiliateid =140 then ""Grace"" WHEN hm ..."
5,"WITH cte AS (SELECT hmcr.hmcrequestid, hmcr.hmcprospectid, hmcpd.disqualifier AS disqualifier2, hmcp.disqualifierreason, hmcr.affiliateid FROM prod_homecare_insite_directory.hmcrequest AS hmcr LEFT JOIN prod_homecare_insite_directory.hmcprospect AS hmcp ON hmcp.hmcprospectid = hmcr.hmcprospectid LEFT JOIN prod_homecare_insite_directory.hmcprospectdisqualifier AS hmcpd ON hmcpd.hmcprospectdisqualifierid = hmcp.disqualifier), cte1 AS (SELECT hmcrequestid, hmcprospectid AS hmcprospectid2, disqualifier2, disqualifierreason, affiliateid AS affiliateid2 FROM cte WHERE affiliateid IN (?)), ctea AS (S ...","select * from ( WITH CTE2 AS( WITH CTEB AS( WITH CTEA AS ( WITH CTE1 AS ( WITH CTE AS ( Select hmcr.HMCRequestID ,hmcr.HMCProspectID ,hmcpd.disqualifier Disqualifier2 ,hmcp.disqualifierreason ,hmcr.affiliateid FROM prod_homecare_insite_directory.hmcrequest hmcr LEFT JOIN prod_homecare_insite_directo ..."
5,"WITH cte AS (SELECT o.id AS opportunityid, o.close_date, a.hmc_cart_provider_id_c AS providerid FROM main.community_salesforce.opportunity AS o JOIN main.community_salesforce.account AS a ON a.id = o.account_id WHERE o.is_won = TRUE AND o.close_date >= ?), ctea1 AS (SELECT cte.providerid, p.name AS providername, cph.orderid, cte.close_date, cph.date, cph.orderstatus, LAG(cph.orderstatus) OVER (PARTITION BY cte.providerid, cph.orderid ORDER BY cph.date) AS lag FROM cte LEFT JOIN main.prod_homecare_acreporting_reporting.cartproviderhistory AS cph ON cph.providerid = cte.providerid LEFT JOIN main ...","select `ProviderID`, `ProviderName`, `OrderID`, `ProviderOrderID`, `OrderStatus`, `OrderStatusReason`, `Close_Date`, `FirstActiveDate`, `LastActiveDate`, `DaysActive`, `Status`, `FirstActivation`, `HasActivation`, `FirstCaseDate`, `ProviderOrder_Age`, `DaystoActivation` from ( WITH CTE3 AS( WITH CTE ..."
5,"WITH cte AS (SELECT DISTINCT COUNT(DISTINCT referralid) AS referrals, DATE_FORMAT(referredon, ?) AS monthyearid, CASE WHEN p.providerorganizationid IS NULL THEN ? ELSE ? END AS org, dma.dma FROM prod_homecare_actransactional_homecare.referral AS ref LEFT JOIN main.prod_homecare_actransactional_organization.provider AS p ON p.providerid = ref.providerid LEFT JOIN main.prod_homecare_insite_directory.hmclead AS hmcl ON hmcl.hmcleadid = ref.hmcleadid LEFT JOIN main.prod_homecare_insite_directory.hmcrequest AS hmcr ON hmcr.hmcrequestid = hmcl.hmcleadid LEFT JOIN main.reporting.dim_geography_zip_dma ...","select * from ( WITH CTE AS( Select DISTINCT count(distinct referralid) Referrals -- ,date(Referredon) ReferredOn ,date_format(Referredon, 'yyyyMM') MonthYearID ,CASE WHEN p.providerorganizationid is null then ""Independent"" else ""Franchise"" END Org ,dma.dma FROM prod_homecare_actransactional_homecar ..."
5,"WITH cte AS (SELECT hmcr.hmcrequestid, hmcr.hmcprospectid, hmcpd.disqualifier AS disqualifier2, hmcp.disqualifierreason, hmcr.affiliateid FROM prod_homecare_insite_directory.hmcrequest AS hmcr LEFT JOIN prod_homecare_insite_directory.hmcprospect AS hmcp ON hmcp.hmcprospectid = hmcr.hmcprospectid LEFT JOIN prod_homecare_insite_directory.hmcprospectdisqualifier AS hmcpd ON hmcpd.hmcprospectdisqualifierid = hmcp.disqualifier), cte1 AS (SELECT hmcrequestid, hmcprospectid AS hmcprospectid2, disqualifier2, disqualifierreason, affiliateid AS affiliateid2 FROM cte WHERE affiliateid IN (?)), ctea AS (S ...","select * from ( WITH CTE2 AS( WITH CTEB AS( WITH CTEA AS ( WITH CTE1 AS ( WITH CTE AS ( Select hmcr.HMCRequestID ,hmcr.HMCProspectID ,hmcpd.disqualifier Disqualifier2 ,hmcp.disqualifierreason ,hmcr.affiliateid FROM prod_homecare_insite_directory.hmcrequest hmcr LEFT JOIN prod_homecare_insite_directo ..."
5,"WITH cte AS (SELECT r.region_id AS regionid, r.region_name AS regionname, zr.zip5 FROM main.prod_ygl_apfm.zip_region AS zr JOIN main.prod_ygl_apfm.region AS r ON r.region_id = zr.region_id JOIN main.prod_ygl_apfm.region_use AS ru ON ru.region_id = zr.region_id AND ru.region_type_code = zr.region_type_code WHERE ru.region_type_code = ? AND r.region_name = ? AND r.active = ? AND zr._fivetran_deleted = FALSE AND r._fivetran_deleted = FALSE AND ru._fivetran_deleted = FALSE ORDER BY r.region_id, zr.zip5), cted AS (SELECT dateid, date, dayofyear, dayofmonth, dayofweek, weekdayname, month, monthname, ...","select * from ( with cte1 as( WITH CTE AS( SELECT r.region_id AS regionId, r.region_name AS regionName, zr.zip5 FROM main.prod_ygl_apfm.zip_region AS zr JOIN main.prod_ygl_apfm.region AS r ON r.region_id = zr.region_id JOIN main.prod_ygl_apfm.region_use ru ON ru.region_id = zr.region_id AND ru.regio ..."
5,"SELECT ref.referralid, ref.orderid, ref.providerid, CASE WHEN ref.orderid = ? THEN ? ELSE ? END AS ordertype, CAST(ref.referredon AS DATE) AS referraldate FROM main.prod_homecare_actransactional_homecare.referral AS ref LEFT JOIN main.prod_homecare_actransactional_organization.provider AS p ON p.providerid = ref.providerid WHERE p.providerorganizationid = ? AND ref.referredon >= ? AND ref.billingtypeid = ? AND NOT ref.hmcleadid IS NULL","select `referralid`, `orderid`, `providerid`, `OrderType`, `ReferralDate` from ( Select ref.referralid ,ref.orderid ,ref.providerid ,Case when ref.orderid = 3265 then 'Corporate Order' else 'Individual Order' end OrderType ,date(ref.referredon) ReferralDate FROM main.prod_homecare_actransactional_ho ..."
5,"SELECT p.accountid, p.amount, MAX(DATE_FORMAT(CASE WHEN NOT p.forstatementid IS NULL THEN DATE_ADD(MONTH, -?, DATE_TRUNC('MONTH', p.createdon)) ELSE p.createdon END, ?)) AS paymentdate, MAX(p.createdon) AS createdon FROM prod_homecare_actransactional_billing.payment AS p WHERE p.paymentstatustypeid IN (?) AND accountid = ? GROUP BY ?, ?","select * from ( Select p.accountid ,p.amount ,max(date_format(case when p.forstatementid is not null then dateadd(Month, -1, date_trunc('Month', p.createdon)) else p.createdon end, 'yyyyMM')) PaymentDate ,max(p.createdon) createdon FROM prod_homecare_actransactional_billing.payment p where p.payment ..."
5,"SELECT c.id AS caseid, c.type, c.status, CAST(c.created_date AS DATE) AS casecreatedate, CAST(c.closed_date AS DATE) AS caseclosedate, c.origin, c.initial_onboarding_c, c.service_area_set_up_guide_c, c.the_art_of_conversion_c, c.rise_above_c, c.nurturing_for_results_c, c.portal_proficiency_c, c.catered_follow_up_c, c.hmc_ob_outreach_attempts_c, c.apfm_internal_onboarding_comments_c, u.name AS csm, c.account_id, c.first_activation_c AS firstactivation, CASE WHEN NOT c.initial_onboarding_c IS NULL THEN ? ELSE ? END AS initialonboarding, a.hmc_cart_provider_id_c AS providerid FROM main.community_ ...","select `CaseID`, `type`, `status`, `CaseCreateDate`, `CaseCloseDate`, `origin`, `initial_onboarding_c`, `service_area_set_up_guide_c`, `the_art_of_conversion_c`, `rise_above_c`, `nurturing_for_results_c`, `portal_proficiency_c`, `catered_follow_up_c`, `hmc_ob_outreach_attempts_c`, `apfm_internal_onb ..."
5,"WITH cte AS (SELECT DISTINCT date, DATE_FORMAT(cph.date, ?) AS monthyear, monthlysent, monthlycap FROM main.prod_homecare_acreporting_reporting.cartproviderhistory AS cph WHERE cph.orderid = ? AND date >= ? AND (date = LAST_DAY(date) OR date = CAST(CURRENT_TIMESTAMP() AS DATE))), cte1 AS (SELECT DISTINCT cph.date, DATE_FORMAT(cph.date, ?) AS monthyear, CASE WHEN cte.date = LAST_DAY(cte.date) THEN cte.monthlysent ELSE cte.monthlycap END AS hicap FROM cte LEFT JOIN main.prod_homecare_acreporting_reporting.cartproviderhistory AS cph ON IF(DAY(cte.date) >= ?, (DAY(cph.date) = ? AND MONTH(cph.date) ...","select `Date`, `DMA`, `MonthYear`, `Org`, `Adjust_MonthlyCap`, `Orders` from ( WITH CTE3 AS ( WITH CTE2 AS( WITH CTE1 AS( WITH CTE AS ( Select Distinct date ,date_format( cph.date, 'MMyyyy') MonthYear ,monthlysent ,monthlycap FROM main.prod_homecare_acreporting_reporting.cartproviderhistory cph WHER ..."
5,"SELECT *, DATE_FORMAT(date, ?) AS monthyearcharge, DATE_FORMAT(DATE_ADD(MONTH, -?, DATE_TRUNC('MONTH', date)), ?) AS 3monthago, CAST(DATE_ADD(MONTH, -?, DATE_TRUNC('MONTH', date)) AS DATE) AS 3monthagodate FROM prod_homecare_acreporting_reporting.dimdate WHERE date >= DATE_ADD(YEAR, -?, DATE_TRUNC('YEAR', CURRENT_TIMESTAMP())) AND date < DATE_ADD(YEAR, ?, DATE_TRUNC('YEAR', CURRENT_TIMESTAMP()))","select `dateid`, `quarter`, `dayofweek`, `weekenddate`, `dayofmonth`, `monthyearid`, `date`, `month`, `year`, `weekstartdate`, `dayofyear`, `weekdayname`, `monthname`, `_fivetran_deleted`, `_fivetran_synced`, `MonthYearCharge`, `3Monthago`, `3MonthagoDate` from ( Select * ,date_format(date,'MM-yyyy' ..."
5,"WITH cte AS (SELECT o.id AS opportunityid, o.close_date, a.hmc_cart_provider_id_c AS providerid FROM main.community_salesforce.opportunity AS o JOIN main.community_salesforce.account AS a ON a.id = o.account_id WHERE o.is_won = TRUE AND o.close_date >= ?), cte1 AS (SELECT cte.providerid, p.name AS providername, cph.orderid, cte.close_date, MIN(date) AS firstactivedate, MAX(date) AS lastactivedate FROM cte JOIN main.prod_homecare_acreporting_reporting.cartproviderhistory AS cph ON cph.providerid = cte.providerid LEFT JOIN main.prod_homecare_actransactional_organization.provider AS p ON p.provid ...","select `ProviderID`, `ProviderName`, `OrderID`, `ProviderOrderID`, `OrderStatus`, `OrderStatusReason`, `Close_Date`, `FirstActiveDate`, `LastActiveDate`, `DaysActive`, `Status` from ( WITH CTE2 AS( WITH CTE1 AS( WITH CTE AS( Select o.id OpportunityID ,o.close_date ,a.hmc_cart_provider_id_c ProviderI ..."
5,"WITH cte AS (SELECT DISTINCT MIN(cph.date) AS date, LAST_DAY(cph.date) AS lastday, cph.providerid, psc.postalcode FROM main.prod_homecare_acreporting_reporting.cartproviderhistory AS cph LEFT JOIN main.prod_homecare_actransactional_organization.providerservicecoverage AS psc ON psc.providerid = cph.providerid WHERE cph.date >= ? AND cph.orderstatusreason = ? AND LOWER(cph.providername) LIKE ? AND psc.deleted = ? GROUP BY ?, ?, ?) SELECT hmcr.hmcrequestid, hmcr.hmcprospectid, TRIM(hmcr.postalcode) AS postalcode, CAST(hmcr.createdate AS DATE) AS requestcreatedate, CASE WHEN hmcp.residentname IS  ...","select `hmcrequestid`, `hmcprospectid`, `PostalCode`, `RequestCreateDate`, `ResidentName` from ( WITH CTE AS( SELECT DISTINCT min(cph.date) Date ,last_day(cph.date) LastDay ,cph.providerid ,psc.postalcode FROM main.prod_homecare_acreporting_reporting.cartproviderhistory cph LEFT JOIN main.prod_homec ..."
5,"WITH cte AS (SELECT o.id AS opportunityid, o.close_date, a.hmc_cart_provider_id_c AS providerid FROM main.community_salesforce.opportunity AS o JOIN main.community_salesforce.account AS a ON a.id = o.account_id WHERE o.is_won = TRUE AND o.close_date >= ?), cte1 AS (SELECT cte.providerid, p.name AS providername, cph.orderid, cte.close_date, MIN(date) AS firstactivedate, MAX(date) AS lastactivedate FROM cte JOIN main.prod_homecare_acreporting_reporting.cartproviderhistory AS cph ON cph.providerid = cte.providerid LEFT JOIN main.prod_homecare_actransactional_organization.provider AS p ON p.provid ...","select * from ( WITH CTE2 AS( WITH CTE1 AS( WITH CTE AS( Select o.id OpportunityID ,o.close_date ,a.hmc_cart_provider_id_c ProviderID FROM main.community_salesforce.opportunity o JOIN main.community_salesforce.account a on a.id = o.account_id WHERE o.is_won = true and o.close_date >= '2026-01-01' )  ..."
5,"SELECT id, owner_id, name, CAST(created_date AS DATE) AS createddate, hmc_balance_c, hmc_provider_account_c, hmc_cart_account_id_c, hmc_payment_method_c FROM main.community_salesforce.billing_c","select `id`, `owner_id`, `Name`, `CreatedDate`, `hmc_balance_c`, `hmc_provider_account_c`, `hmc_cart_account_id_c`, `hmc_payment_method_c` from ( Select id ,owner_id ,Name ,date(created_date) CreatedDate ,hmc_balance_c ,hmc_provider_account_c ,hmc_cart_account_id_c ,hmc_payment_method_c FROM main.co ..."
5,"WITH cte AS (SELECT hmcr.hmcrequestid, hmcr.hmcprospectid, postalcode, CASE WHEN hmcr.customflow = ? THEN ? ELSE ? END AS funnel, hmcr.createdate, hmcr.requeststatusid, hmcr.requeststatuscode, CASE WHEN hmcr.affiliateid = ? THEN ? WHEN hmcr.affiliateid = ? THEN ? WHEN hmcr.affiliateid IN (?) THEN ? WHEN hmcr.affiliateid = ? THEN ? WHEN hmcr.affiliateid = ? THEN ? WHEN hmcr.affiliateid IN (?) THEN ? WHEN hmcr.affiliateid IN (?) THEN ? WHEN hmcr.url LIKE ? OR hmcr.url LIKE ? OR hmcr.url LIKE ? THEN ? WHEN hmcr.url LIKE ? OR hmcr.affiliateid = ? THEN ? WHEN hmcr.affiliateid IN (?) OR hmcr.url LIK ...","select `SLRl`, `hmcrequestid`, `Funnel`, `createdate`, `RequestStatusId`, `AdjChannel`, `ScreeningDate`, `userid`, `outcomeid`, `ISDJ`, `DJStep`, `DJType`, `SourceP`, `C1`, `C2`, `C2` - `C1` as `C3` from ( select `SLRl`, `hmcrequestid`, `Funnel`, `createdate`, `RequestStatusId`, `AdjChannel`, `Scree ..."
5,"WITH cte AS (SELECT c.case_number AS casenumber, c.hmc_case_subject_c AS casesubject, c.created_date AS createddate, c.hmc_date_opened_c AS dateopened, c.hmc_date_resolved_c AS dateresolved, c.hmc_save_method_used_c AS savemethodused, c.account_id, CONCAT(u.first_name, ?, u.last_name) AS name, u.id AS userid, a.id AS accountid, a.name AS accoutname, a.hmc_cart_provider_id_c AS providerid, CONCAT(?, a.id, ?) AS accounturl FROM main.community_salesforce.case AS c LEFT JOIN main.community_salesforce.user AS u ON u.id = c.owner_id LEFT JOIN main.community_salesforce.account AS a ON a.id = c.accoun ...","select `CaseNumber`, `CaseSubject`, `CreatedDate`, `DateOpened`, `DateResolved`, `SaveMethodUsed`, `account_id`, `Name`, `UserID`, `AccountID`, `AccoutName`, `ProviderID`, `AccountUrl`, `LastDateSaved` from ( WITH CTE AS( Select c.case_number CaseNumber ,c.hmc_case_subject_c CaseSubject ,c.created_d ..."
5,"SELECT a.accountid, a.name AS accountname, ast.name AS accountstatus, o.orderid, o.name AS ordername, o.createdon AS ordercreatedate, ost.name AS orderstatus, osrt.name AS orderstatusreason, o.prepaidtotal, a.balance FROM main.prod_homecare_actransactional_billing.account AS a LEFT JOIN main.prod_homecare_actransactional_billing.accountstatustype AS ast ON ast.accountstatustypeid = a.accountstatustypeid LEFT JOIN main.prod_homecare_actransactional_ordermanagement.order AS o ON o.accountid = a.accountid LEFT JOIN main.prod_homecare_actransactional_ordermanagement.orderstatustype AS ost ON ost.o ...","select * from ( Select a.accountid ,a.name AccountName ,ast.name AccountStatus ,o.orderid ,o.name OrderName ,o.createdon AS OrderCreateDate ,ost.name OrderStatus ,osrt.name OrderStatusReason ,o.prepaidtotal ,a.balance FROM main.prod_homecare_actransactional_billing.account a LEFT JOIN main.prod_home ..."
5,"WITH cte AS (SELECT o.id AS opportunityid, o.close_date, a.hmc_cart_provider_id_c AS providerid FROM main.community_salesforce.opportunity AS o JOIN main.community_salesforce.account AS a ON a.id = o.account_id WHERE o.close_date >= ?), ctec AS (SELECT cte.providerid, p.name AS providername, cph.orderid, cte.close_date, MIN(date) AS firstactivedate, MAX(date) AS lastactivedate FROM cte LEFT JOIN main.prod_homecare_acreporting_reporting.cartproviderhistory AS cph ON cph.providerid = cte.providerid LEFT JOIN main.prod_homecare_actransactional_organization.provider AS p ON p.providerid = cte.prov ...","select * from ( WITH CTE2 AS( WITH CTE1 AS( WITH CTE AS( Select o.id OpportunityID ,o.close_date ,a.hmc_cart_provider_id_c ProviderID FROM main.community_salesforce.opportunity o JOIN main.community_salesforce.account a on a.id = o.account_id WHERE --o.is_won = true o.close_date >= '2025-10-01' --an ..."
5,"SELECT oc.accountid, oc.createdon, oc.amount, DATE_FORMAT(oc.createdon, ?) AS promos, oc.otherchargetypeid, statementid FROM prod_homecare_actransactional_billing.othercharge AS oc WHERE oc.otherchargetypeid = ?","select `accountid`, cast(`createdon` as DATE) as `C1`, `amount`, `Promos`, `otherchargetypeid`, `statementid` from ( Select oc.accountid ,oc.createdon ,oc.amount ,date_format(oc.createdon, 'MM-yyyy') Promos ,oc.otherchargetypeid ,statementid FROM prod_homecare_actransactional_billing.othercharge oc  ..."
5,"SELECT DISTINCT COUNT(DISTINCT referralid) AS referrals, CAST(referredon AS DATE) AS referredon, DATE_FORMAT(referredon, ?) AS monthyearid, CASE WHEN p.providerorganizationid IS NULL THEN ? ELSE ? END AS org, dma.dma FROM prod_homecare_actransactional_homecare.referral AS ref LEFT JOIN main.prod_homecare_actransactional_organization.provider AS p ON p.providerid = ref.providerid LEFT JOIN main.prod_homecare_insite_directory.hmclead AS hmcl ON hmcl.hmcleadid = ref.hmcleadid LEFT JOIN main.prod_homecare_insite_directory.hmcrequest AS hmcr ON hmcr.hmcrequestid = hmcl.hmcleadid LEFT JOIN main.repo ...","select `Referrals`, `ReferredOn`, `MonthYearID`, `Org`, `dma` from ( Select DISTINCT count(distinct referralid) Referrals ,date(Referredon) ReferredOn ,date_format(Referredon, 'yyyyMM') MonthYearID ,CASE WHEN p.providerorganizationid is null then ""Independent"" else ""Franchise"" END Org ,dma.dma FROM  ..."
5,"WITH cte AS (SELECT cph.providerid, p.name AS providername, cph.orderid, o.createdon AS ordercreatedate, MIN(date) AS firstactivedate, MAX(date) AS lastactivedate, ost.name AS currentorderstatus, osrt.name AS currentorderstatusreason, cph.accountid FROM prod_homecare_acreporting_reporting.cartproviderhistory AS cph LEFT JOIN prod_homecare_actransactional_ordermanagement.order AS o ON o.orderid = cph.orderid LEFT JOIN prod_homecare_actransactional_ordermanagement.orderstatustype AS ost ON ost.orderstatustypeid = o.orderstatustypeid LEFT JOIN prod_homecare_actransactional_ordermanagement.orderst ...","select `AccountID`, `ProviderID`, `ProviderName`, `OrderID`, `OrderCreateDate`, `FirstActiveDate`, `LastActiveDate`, `CurrentOrderStatus`, `CurrentOrderStatusReason`, `DaystoCancel`, `ReturnedReferrals`, `Referrals`, `Activations` from ( WITH CTE1 AS ( WITH CTE AS ( SELECT cph.ProviderID ,p.name Pro ..."
5,"SELECT code, c.name AS city, sp.name AS state, dma.dma FROM main.prod_homecare_actransactional_geo.postalcode_01072025 AS pc LEFT JOIN main.prod_homecare_actransactional_geo.city AS c ON c.cityid = pc.cityid LEFT JOIN main.prod_homecare_actransactional_geo.stateprovince AS sp ON sp.stateprovinceid = pc.stateprovinceid LEFT JOIN main.reporting.dim_geography_zip_dma AS dma ON dma.zip = pc.code WHERE pc.countryid = ? AND dma.dma <> ?","select * from ( Select code ,c.name City ,sp.name State ,dma.dma FROM main.prod_homecare_actransactional_geo.postalcode_01072025 pc LEFT JOIN main.prod_homecare_actransactional_geo.city c on c.cityid = pc.cityid LEFT JOIN main.prod_homecare_actransactional_geo.stateprovince sp on sp.stateprovinceid  ..."
5,"WITH cte AS (SELECT hmcr.hmcrequestid, hmcr.hmcprospectid, postalcode, CASE WHEN hmcr.customflow = ? THEN ? ELSE ? END AS funnel, hmcr.createdate, hmcr.requeststatusid, hmcr.requeststatuscode, CASE WHEN hmcr.affiliateid = ? THEN ? WHEN hmcr.affiliateid = ? THEN ? WHEN hmcr.affiliateid IN (?) THEN ? WHEN hmcr.affiliateid = ? THEN ? WHEN hmcr.affiliateid = ? THEN ? WHEN hmcr.affiliateid IN (?) THEN ? WHEN hmcr.affiliateid IN (?) THEN ? WHEN hmcr.url LIKE ? OR hmcr.url LIKE ? OR hmcr.url LIKE ? THEN ? WHEN hmcr.url LIKE ? OR hmcr.affiliateid = ? THEN ? WHEN hmcr.affiliateid IN (?) OR hmcr.url LIK ...","select `SLRl`, `hmcrequestid`, `Funnel`, `createdate`, `RequestStatusId`, `AdjChannel`, `ScreeningDate`, `userid`, `outcomeid`, `ISDJ`, `DJStep`, `DJType`, `SourceP` from ( WITH CTE2 AS ( WITH CTE1 AS ( WITH CTE AS ( SELECT hmcr.hmcrequestid ,hmcr.hmcprospectid ,postalcode ,CASE WHEN hmcr.customflow ..."
5,"WITH cte AS (SELECT o.id AS opportunityid, o.close_date, a.hmc_cart_provider_id_c AS providerid FROM main.community_salesforce.opportunity AS o JOIN main.community_salesforce.account AS a ON a.id = o.account_id WHERE o.is_won = TRUE AND o.close_date >= ?), cte1 AS (SELECT cte.providerid, p.name AS providername, cph.orderid, cte.close_date, MIN(date) AS firstactivedate, MAX(date) AS lastactivedate FROM cte JOIN main.prod_homecare_acreporting_reporting.cartproviderhistory AS cph ON cph.providerid = cte.providerid LEFT JOIN main.prod_homecare_actransactional_organization.provider AS p ON p.provid ...","select `ProviderID`, `ProviderName`, `OrderID`, `ProviderOrderID`, `OrderStatus`, `OrderStatusReason`, `Close_Date`, `FirstActiveDate`, `LastActiveDate`, `DaysActive`, `Status`, `FirstActivation`, `HasActivation` from ( WITH CTE2 AS( WITH CTE1 AS( WITH CTE AS( Select o.id OpportunityID ,o.close_date ..."
5,"SELECT DISTINCT c.hmc_case_subject_c AS casesubject, c.account_id AS salesforceaccount, a.id AS accountid, a.name AS accoutname, a.hmc_cart_provider_id_c AS providerid, o.accountid FROM main.community_salesforce.case AS c LEFT JOIN main.community_salesforce.account AS a ON a.id = c.account_id LEFT JOIN main.prod_homecare_actransactional_ordermanagement.orderprovider AS op ON op.providerid = a.hmc_cart_provider_id_c LEFT JOIN main.prod_homecare_actransactional_ordermanagement.order AS o ON o.orderid = op.orderid WHERE c.hmc_case_subject_c LIKE ? OR c.hmc_case_subject_c = ?","select `CaseSubject`, `SalesforceAccount`, `AccountID`, `AccoutName`, `ProviderID`, `accountid` from ( Select DISTINCT c.hmc_case_subject_c CaseSubject ,c.account_id SalesforceAccount ,a.id AccountID ,a.name AccoutName ,a.hmc_cart_provider_id_c ProviderID ,o.accountid FROM main.community_salesforce. ..."
5,"WITH cte AS (SELECT COUNT(DISTINCT referralid) AS referrals, CAST(referredon AS DATE) AS referredon, DATE_FORMAT(referredon, ?) AS monthyearid FROM prod_homecare_actransactional_homecare.referral AS ref WHERE NOT hmcleadid IS NULL AND ref.referredon >= ? AND billingtypeid = ? GROUP BY ?, ?), ctea AS (SELECT referredon, monthyearid, SUM(referrals) OVER (PARTITION BY monthyearid ORDER BY referredon) AS runningreferrals FROM cte GROUP BY referredon, monthyearid, referrals) SELECT cte.*, runningreferrals FROM cte LEFT JOIN ctea ON ctea.referredon = cte.referredon","select `Referrals`, `ReferredOn`, `MonthYearID`, `RunningReferrals` from ( with cte as ( Select count(distinct referralid) Referrals ,date(Referredon) ReferredOn ,date_format(Referredon, 'yyyyMM') MonthYearID FROM prod_homecare_actransactional_homecare.referral ref where hmcleadid is not null and re ..."
5,"WITH cte AS (SELECT DISTINCT hmcr.hmcrequestid, hmcr.hmcprospectid, hmcr.postalcode, hmcr.affiliateid, hmcr.affiliateinquiryid, apfm.lt_form_submit_channel, CASE WHEN hmcr.customflow = ? THEN ? ELSE ? END AS flow, CASE WHEN hmcr.affiliateid IN (?) THEN ? WHEN hmcr.affiliateid = ? THEN ? WHEN hmcr.affiliateid IN (?) THEN ? WHEN hmcr.affiliateid = ? THEN ? WHEN hmcr.affiliateid = ? THEN ? WHEN hmcr.affiliateid IN (?) THEN ? WHEN hmcr.affiliateid IN (?) THEN ? WHEN hmcr.url LIKE ? OR hmcr.url LIKE ? OR hmcr.url LIKE ? THEN ? WHEN hmcr.url LIKE ? OR hmcr.affiliateid = ? THEN ? WHEN hmcr.affiliatei ...","select `HMCRequestID`, `HMCProspectID`, `Flow`, `lastoutcomeid`, `affiliateID`, `Channel`, `IsDJ`, `DJStep`, `djstepid`, `DJType`, `Source`, `formname`, `TimeID`, `SiteSection`, `SEMForm`, `EmailType`, `RequestDateTime`, `RequestStatusID`, `Lead`, `LSTF`, `RL`, `CampaignID`, `CampaignName` from ( WI ..."
5,"WITH cte AS (SELECT cph.providerid, cph.providername, CASE WHEN p.providerorganizationid IS NULL THEN ? ELSE ? END AS providertype, cph.orderid, o.createdon AS ordercreatedate, MIN(date) AS firstactivedate, MAX(date) AS lastactivedate, ost.name AS currentorderstatus, osrt.name AS currentorderstatusreasontype, u2.firstname AS hcam, u.firstname AS csm FROM prod_homecare_acreporting_reporting.cartproviderhistory AS cph LEFT JOIN prod_homecare_actransactional_ordermanagement.order AS o ON o.orderid = cph.orderid LEFT JOIN prod_homecare_actransactional_ordermanagement.orderstatustype AS ost ON ost. ...","select `ProviderID`, `ProviderName`, `ProviderType`, `OrderID`, `OrderCreateDate`, `FirstActiveDate`, `LastActiveDate`, `CurrentOrderStatus`, `CurrentOrderStatusReasonType`, `HCAM`, `CSM`, `Days_Active`, cast(`OrderCreateDate` as DATE) as `C1`, `OrderID` as `C2`, `ProviderID` as `C3` from ( WITH CTE ..."
5,"WITH cte AS (SELECT o.id AS opportunityid, o.close_date, a.hmc_cart_provider_id_c AS providerid FROM main.community_salesforce.opportunity AS o JOIN main.community_salesforce.account AS a ON a.id = o.account_id WHERE o.is_won = TRUE AND o.close_date >= ?), cte1 AS (SELECT cte.providerid, p.name AS providername, cph.orderid, cte.close_date, MIN(date) AS firstactivedate, MAX(date) AS lastactivedate FROM cte JOIN main.prod_homecare_acreporting_reporting.cartproviderhistory AS cph ON cph.providerid = cte.providerid LEFT JOIN main.prod_homecare_actransactional_organization.provider AS p ON p.provid ...","select `ProviderID`, `ProviderName`, `OrderID`, `ProviderOrderID`, `OrderStatus`, `OrderStatusReason`, `Close_Date`, `FirstActiveDate`, `LastActiveDate`, `DaysActive` from ( WITH CTE1 AS( WITH CTE AS( Select o.id OpportunityID ,o.close_date ,a.hmc_cart_provider_id_c ProviderID FROM main.community_sa ..."
5,"WITH cte AS (SELECT cph.accountid, cph.providerid, p.name AS providername, cph.orderid, o.createdon AS ordercreatedate, MIN(date) AS firstactivedate, MAX(date) AS lastactivedate, ost.name AS currentorderstatus, osrt.name AS currentorderstatusreasontype, u2.firstname AS hcam, u.firstname AS csm FROM prod_homecare_acreporting_reporting.cartproviderhistory AS cph LEFT JOIN prod_homecare_actransactional_ordermanagement.order AS o ON o.orderid = cph.orderid LEFT JOIN prod_homecare_actransactional_ordermanagement.orderstatustype AS ost ON ost.orderstatustypeid = o.orderstatustypeid LEFT JOIN prod_ho ...","select `accountid`, `ProviderID`, `ProviderName`, `OrderID`, `OrderCreateDate`, `FirstActiveDate`, `LastActiveDate`, `CurrentOrderStatus`, `CurrentOrderStatusReasonType`, `HCAM`, `CSM`, `FirstActiveMonth`, `ActiveMonthYearID`, `OrderMonthYearID`, concat(concat(cast(`ProviderID` as STRING), '-'), cas ..."
5,"WITH cte AS (SELECT o.id AS opportunityid, o.close_date, a.hmc_cart_provider_id_c AS providerid FROM main.community_salesforce.opportunity AS o JOIN main.community_salesforce.account AS a ON a.id = o.account_id WHERE o.is_won = TRUE AND o.close_date >= ?), ctec AS (SELECT cte.providerid, p.name AS providername, cph.orderid, cte.close_date, MIN(date) AS firstactivedate, MAX(date) AS lastactivedate FROM cte LEFT JOIN main.prod_homecare_acreporting_reporting.cartproviderhistory AS cph ON cph.providerid = cte.providerid LEFT JOIN main.prod_homecare_actransactional_organization.provider AS p ON p.p ...","select `ProviderID`, `ProviderName`, `OrderID`, `ProviderOrderID`, `OrderStatus`, `OrderStatusReason`, `Close_Date`, `FirstActiveDate`, `LastActiveDate`, `DaysActive`, `Status`, `FirstActivation`, `HasActivation` from ( WITH CTE2 AS( WITH CTE1 AS( WITH CTE AS( Select o.id OpportunityID ,o.close_date ..."
5,"WITH cte AS (SELECT DISTINCT COUNT(DISTINCT cph.providerid) AS providers, DATE_FORMAT(cph.date, ?) AS monthyearid, dma, CASE WHEN p.providerorganizationid IS NULL THEN ? ELSE ? END AS org FROM main.prod_homecare_acreporting_reporting.cartproviderhistory AS cph LEFT JOIN main.prod_homecare_actransactional_organization.providerservicecoverage AS psc ON psc.providerid = cph.providerid LEFT JOIN main.reporting.dim_geography_zip_dma AS dma ON dma.zip = psc.postalcode LEFT JOIN main.prod_homecare_actransactional_organization.provider AS p ON p.providerid = cph.providerid WHERE (cph.date = LAST_DAY(c ...","select `MonthyearID`, `DMA`, `Org`, `Providers`, `Last3Providers`, `First3Providers` from ( WITH CTE AS ( Select Distinct count(distinct cph.providerid) Providers ,date_format(cph.date, 'yyyyMM') MonthYearID ,DMA ,CASE WHEN p.providerorganizationid is null then ""Independent"" else ""Franchise"" END Org ..."
5,"WITH ctea AS (SELECT DISTINCT s.accountid, s.balance, s.duedate, DATE_FORMAT(s.duedate, ?) AS paymentmonth, LAG(s.balance) OVER (PARTITION BY s.accountid ORDER BY s.duedate) AS priormonth FROM main.prod_homecare_actransactional_billing.statement AS s LEFT JOIN main.prod_homecare_actransactional_billing.account AS a ON a.accountid = s.accountid LEFT JOIN main.prod_homecare_actransactional_ordermanagement.order AS o ON o.accountid = s.accountid LEFT JOIN main.prod_homecare_actransactional_ordermanagement.orderprovider AS op ON op.orderid = o.orderid LEFT JOIN main.prod_homecare_actransactional_o ...","select * from ( with cte1 as ( with CTEA AS ( Select DISTINCT s.accountid ,s.balance ,s.duedate ,date_format(s.duedate, 'yyyyMM') paymentMonth ,lag(s.balance) OVER (PARTITION BY s.accountid ORDER BY s.duedate ) PriorMonth FROM main.prod_homecare_actransactional_billing.statement s LEFT JOIN main.pro ..."
5,"WITH cte AS (SELECT DISTINCT hmcr.hmcrequestid, DATE_ADD(SECOND, -sr.secondsinprospect, sr.createdate) AS screeningstartdatetime, DATEDIFF(SECOND, hmcr.createdate, DATE_ADD(SECOND, -sr.secondsinprospect, sr.createdate)) AS firstscreeninglagseconds, CASE WHEN hmcr.affiliateid IN (?) THEN ? WHEN hmcr.affiliateid = ? THEN ? WHEN hmcr.affiliateid IN (?) THEN ? WHEN hmcr.affiliateid = ? THEN ? WHEN hmcr.affiliateid = ? THEN ? WHEN hmcr.affiliateid IN (?) THEN ? WHEN hmcr.affiliateid IN (?) THEN ? WHEN hmcr.url LIKE ? OR hmcr.url LIKE ? OR hmcr.url LIKE ? THEN ? WHEN hmcr.url LIKE ? OR hmcr.affiliat ...","select `hmcrequestid`, `ScreeningStartDateTime`, `FirstScreeningLagSeconds`, `AdjChannel`, `requeststatusid`, `outcomeid`, `ScreeningDateTime`, `postalcode`, `RequestDateTime`, `systimezone`, `Adjust_CreateDate`, `DuringOperatingHours`, `RequestHour`, `ScreeningHour`, `TOD`, `RequestHalfHour`, `Seco ..."
5,"WITH cte AS (SELECT DISTINCT hmcr.hmcrequestid, DATE_ADD(SECOND, -sr.secondsinprospect, sr.createdate) AS screeningstartdatetime, DATEDIFF(SECOND, hmcr.createdate, DATE_ADD(SECOND, -sr.secondsinprospect, sr.createdate)) AS firstscreeninglagseconds, CASE WHEN hmcr.affiliateid IN (?) THEN ? WHEN hmcr.affiliateid = ? THEN ? WHEN hmcr.affiliateid IN (?) THEN ? WHEN hmcr.affiliateid = ? THEN ? WHEN hmcr.affiliateid = ? THEN ? WHEN hmcr.affiliateid IN (?) THEN ? WHEN hmcr.affiliateid IN (?) THEN ? WHEN hmcr.url LIKE ? OR hmcr.url LIKE ? OR hmcr.url LIKE ? THEN ? WHEN hmcr.url LIKE ? OR hmcr.affiliat ...","select `hmcrequestid`, `ScreeningStartDateTime`, `FirstScreeningLagSeconds`, `AdjChannel`, `requeststatusid`, `outcomeid`, `ScreeningDateTime`, `postalcode`, `RequestDateTime`, `systimezone`, `Adjust_CreateDate`, `DuringOperatingHours`, `RequestHour`, `ScreeningHour`, `TOD`, `TODFilter`, `CreateDate ..."
5,"SELECT DISTINCT a.accountid, a.name AS accountname, ast.name AS accountstatus, a.iscorporateaccount, o.orderid, o.name AS ordername, ost.name AS orderstatus, CASE WHEN LOWER(o.name) LIKE ? OR LOWER(o.name) LIKE ? THEN ? ELSE ? END AS corporatenationalorder, p.providerid, p.name AS providername, pst.name AS yglproviderstatus, po.name AS organizationname FROM prod_hc1_actransactional_billing.account AS a LEFT JOIN prod_hc1_actransactional_ordermanagement.order AS o ON o.accountid = a.accountid LEFT JOIN prod_hc1_actransactional_billing.accountstatustype AS ast ON ast.accountstatustypeid = a.acco ...","select * from ( SELECT distinct a.accountid ,a.name AccountName ,ast.name AccountStatus ,a.iscorporateaccount ,o.orderid ,o.name OrderName ,ost.name OrderStatus ,case when lower(o.name) like '%corporate%' or lower(o.name) like '%national%' then 'Yes' else 'No' end CorporateNationalOrder ,p.provideri ..."
4,"SELECT id, owner_id, name, stage_name, account_id, hmc_franchise_c, close_date AS closedate, created_date AS createddate FROM main.community_salesforce.opportunity WHERE created_date >= ?","select `id`, `owner_id`, `Name`, `stage_name`, `account_id`, `hmc_franchise_c`, `CloseDate`, `CreatedDate` from ( Select id ,owner_id ,Name ,stage_name ,account_id ,hmc_franchise_c ,close_date CloseDate ,created_date CreatedDate FROM main.community_salesforce.opportunity where created_date >= '2025' ..."
4,"WITH cte AS (SELECT cph.providerid, p.name AS providername, cph.orderid, ost.name AS orderstatus, osrt.name AS orderstatusreason, MIN(cph.date) AS firstactive, MAX(cph.date) AS lastactive FROM main.prod_homecare_acreporting_reporting.cartproviderhistory AS cph LEFT JOIN main.prod_homecare_actransactional_organization.provider AS p ON p.providerid = cph.providerid LEFT JOIN main.prod_homecare_actransactional_ordermanagement.order AS o ON o.orderid = cph.orderid LEFT JOIN main.prod_homecare_actransactional_ordermanagement.orderstatusreasontype AS osrt ON osrt.orderstatusreasontypeid = o.ordersta ...","select `ProviderID`, `ProviderName`, `OrderID`, `FirstActive`, `LastActive`, `OrderStatus`, `OrderStatusReason`, `ProviderOrderID`, `Status`, `Org`, `DaysActive` from ( WITH CTE1 AS( WITH CTE AS( Select cph.providerid ,p.name ProviderName ,cph.orderid ,ost.name OrderStatus ,osrt.name OrderStatusReas ..."
4,"WITH cte AS (SELECT DISTINCT COUNT(DISTINCT referralid) AS referrals, CAST(referredon AS DATE) AS referredon, DATE_FORMAT(referredon, ?) AS monthyearid, CASE WHEN p.providerorganizationid IS NULL THEN ? ELSE ? END AS org, dma.dma FROM prod_homecare_actransactional_homecare.referral AS ref LEFT JOIN main.prod_homecare_actransactional_organization.provider AS p ON p.providerid = ref.providerid LEFT JOIN main.prod_homecare_insite_directory.hmclead AS hmcl ON hmcl.hmcleadid = ref.hmcleadid LEFT JOIN main.prod_homecare_insite_directory.hmcrequest AS hmcr ON hmcr.hmcrequestid = hmcl.hmcleadid LEFT J ...","select `Referrals`, `MonthYearID`, `ReferredOn`, `Org`, `DMA`, `first3dayreferrals`, `last3dayreferrals` from ( WITH CTE AS( Select DISTINCT count(distinct referralid) Referrals ,date(Referredon) ReferredOn ,date_format(Referredon, 'yyyyMM') MonthYearID ,CASE WHEN p.providerorganizationid is null th ..."
4,"SELECT o.id AS sf_opportunityid, CAST(o.created_date AS DATE) AS createddate, CAST(o.close_date AS DATE) AS closeddate, o.is_closed, o.is_won, o.owner_id, o.name AS opportunityname, a.hmc_cart_provider_id_c AS providerid, a.name AS accountname, a.id AS sfaccountid, a.hmc_lead_volume_sold_c AS leadvolumesold FROM main.community_salesforce.opportunity AS o LEFT JOIN main.community_salesforce.account AS a ON a.id = o.account_id WHERE close_date >= ?","select `SF_OpportunityId`, `CreatedDate`, `ClosedDate`, `is_closed`, `is_won`, `owner_id`, `OpportunityName`, `ProviderID`, `AccountName`, `SFAccountID`, `LeadVolumeSold` from ( Select o.id SF_OpportunityId ,date(o.created_date) CreatedDate ,date(o.close_date) ClosedDate ,o.is_closed ,o.is_won ,o.ow ..."
4,"SELECT p.providerid, o.orderid, CASE WHEN ost.name = ? THEN ? ELSE ost.name END AS orderstatus, orst.name AS orderstatusreason FROM main.prod_homecare_actransactional_organization.provider AS p JOIN main.prod_homecare_actransactional_ordermanagement.orderprovider AS op ON op.providerid = p.providerid JOIN main.prod_homecare_actransactional_ordermanagement.order AS o ON o.orderid = op.orderid JOIN main.prod_homecare_actransactional_ordermanagement.orderstatustype AS ost ON ost.orderstatustypeid = o.orderstatustypeid JOIN main.prod_homecare_actransactional_ordermanagement.orderstatusreasontype A ...","select `providerid`, `orderid`, `OrderStatus`, `OrderStatusReason` from ( Select p.providerid ,o.orderid ,case when ost.name = ""Suspended"" then ""Monthly Cap Reached"" else ost.name end OrderStatus ,orst.name OrderStatusReason FROM main.prod_homecare_actransactional_organization.provider p JOIN main.p ..."
4,"SELECT id, owner_id, name, stage_name, account_id, hmc_franchise_c, close_date AS closedate, CAST(created_date AS DATE) AS createddate FROM main.community_salesforce.opportunity WHERE created_date >= ?","select `id`, `owner_id`, `Name`, `stage_name`, `account_id`, `hmc_franchise_c`, `CloseDate`, `CreatedDate` from ( Select id ,owner_id ,Name ,stage_name ,account_id ,hmc_franchise_c ,close_date CloseDate ,date(created_date) CreatedDate FROM main.community_salesforce.opportunity where created_date >=  ..."
4,"WITH cte AS (SELECT cph.providerid, p.name AS providername, cph.orderid, o.createdon AS ordercreatedate, MIN(date) AS firstactivedate, MAX(date) AS lastactivedate, ost.name AS currentorderstatus, osrt.name AS currentorderstatusreasontype, u2.firstname AS hcam, u.firstname AS csm FROM prod_homecare_acreporting_reporting.cartproviderhistory AS cph LEFT JOIN prod_homecare_actransactional_ordermanagement.order AS o ON o.orderid = cph.orderid LEFT JOIN prod_homecare_actransactional_ordermanagement.orderstatustype AS ost ON ost.orderstatustypeid = o.orderstatustypeid LEFT JOIN prod_homecare_actransa ...","select * from ( WITH CTE AS ( SELECT cph.ProviderID ,p.name ProviderName ,cph.OrderID ,o.createdon AS OrderCreateDate ,MIN(Date) AS FirstActiveDate ,Max(date) AS LastActiveDate ,ost.name As CurrentOrderStatus ,osrt.name As CurrentOrderStatusReasonType ,u2.FirstName AS HCAM ,u.FirstName AS CSM FROM p ..."
4,"SELECT p.providerid, o.orderid, CASE WHEN ost.name = ? THEN ? ELSE ost.name END AS orderstatus, orst.name AS orderstatusreason, po.name AS organization, p.providerorganizationid FROM main.prod_homecare_actransactional_organization.provider AS p JOIN main.prod_homecare_actransactional_ordermanagement.orderprovider AS op ON op.providerid = p.providerid JOIN main.prod_homecare_actransactional_ordermanagement.order AS o ON o.orderid = op.orderid JOIN main.prod_homecare_actransactional_ordermanagement.orderstatustype AS ost ON ost.orderstatustypeid = o.orderstatustypeid JOIN main.prod_homecare_actr ...","select `providerid`, `orderid`, `OrderStatus`, `OrderStatusReason`, `Organization`, `providerorganizationid` from ( Select p.providerid ,o.orderid ,case when ost.name = ""Suspended"" then ""Monthly Cap Reached"" else ost.name end OrderStatus ,orst.name OrderStatusReason ,po.name Organization ,p.provider ..."
4,"WITH cte AS (SELECT ref.referralid, CASE WHEN ref.activatedon IS NULL THEN NULL ELSE ref.referralid END AS activation, ref.providerid, ref.orderid, CONCAT(ref.providerid, ?, ref.orderid) AS providerorderid, CASE WHEN ref.billingtypeid = ? THEN ? WHEN hcc.accountid = ? AND log.deliverystatustypeid IN (?) AND hcc.createdon >= ? AND hcc.ishottransfer = ? THEN ? WHEN hcc.accountid = ? AND hcc.amount < ? AND hcc.createdon >= ? AND hcc.ishottransfer = ? THEN hcc.amount WHEN hcc.accountid = ? AND hcc.amount > ? AND hcc.createdon >= ? AND hcc.ishottransfer = ? THEN hcc.amount WHEN hcc.accountid = ? AN ...","select `ProviderOrderID`, `Referrals`, `Activations`, `Rev` from ( WITH CTE AS( Select ref.referralid ,case when ref.activatedon is null then null else ref.referralid end Activation ,ref.providerID ,ref.orderid ,concat(ref.providerid, ""-"", ref.orderid) ProviderOrderID , CASE WHEN ref.BillingTypeID = ..."
4,"WITH cte AS (SELECT DISTINCT date, DATE_FORMAT(cph.date, ?) AS monthyear, monthlysent, monthlycap FROM main.prod_homecare_acreporting_reporting.cartproviderhistory AS cph WHERE cph.orderid = ? AND date >= ? AND (date = LAST_DAY(date) OR date = CAST(CURRENT_TIMESTAMP() AS DATE))), cte1 AS (SELECT DISTINCT cph.date, DATE_FORMAT(cph.date, ?) AS monthyear, CASE WHEN cte.date = LAST_DAY(cte.date) THEN cte.monthlysent ELSE cte.monthlycap END AS hicap FROM cte LEFT JOIN main.prod_homecare_acreporting_reporting.cartproviderhistory AS cph ON YEAR(cte.date) = YEAR(cph.date) AND IF(DAY(cte.date) >= ?, (D ...","select `Date`, `DMA`, cast({ fn round(cast(`MonthYear` as DOUBLE), 0) } as BIGINT) as `C1`, `Org`, `Adjust_MonthlyCap`, `Orders` from ( WITH CTE3 AS ( WITH CTE2 AS( WITH CTE1 AS( WITH CTE AS ( Select Distinct date ,date_format( cph.date, 'MMyyyy') MonthYear ,monthlysent ,monthlycap FROM main.prod_ho ..."
4,"WITH cte AS (SELECT p.accountid, p.amount, MAX(DATE_FORMAT(CASE WHEN NOT p.forstatementid IS NULL THEN DATE_ADD(MONTH, -?, DATE_TRUNC('MONTH', p.createdon)) ELSE p.createdon END, ?)) AS paymentdate, MAX(p.createdon) AS createdon FROM prod_homecare_actransactional_billing.payment AS p WHERE p.paymentstatustypeid IN (?) GROUP BY ?, ?), ctea AS (SELECT accountid, p.amount, DATE_FORMAT(CASE WHEN NOT p.forstatementid IS NULL THEN DATE_ADD(MONTH, -?, DATE_TRUNC('MONTH', p.createdon)) ELSE p.createdon END, ?) AS paymentdate, p.createdon AS createdon, p.paymentstatustypeid, ROW_NUMBER() OVER (PARTITIO ...","select `accountid`, `amount`, `PaymentDate` from ( WITH CTE AS( Select p.accountid ,p.amount ,max(date_format(case when p.forstatementid is not null then dateadd(Month, -1, date_trunc('Month', p.createdon)) else p.createdon end, 'yyyyMM')) PaymentDate ,max(p.createdon) createdon FROM prod_homecare_a ..."
4,"SELECT id, owner_id, name, CAST(created_date AS DATE) AS createddate, hmc_balance_c, hmc_provider_account_c, hmc_payment_method_c FROM main.community_salesforce.billing_c","select `id`, `owner_id`, `Name`, `CreatedDate`, `hmc_balance_c`, `hmc_provider_account_c`, `hmc_payment_method_c` from ( Select id ,owner_id ,Name ,date(created_date) CreatedDate ,hmc_balance_c ,hmc_provider_account_c ,hmc_payment_method_c FROM main.community_salesforce.billing_c ) as `_`"
4,"WITH cte AS (SELECT p.accountid, p.amount, MAX(DATE_FORMAT(CASE WHEN NOT p.forstatementid IS NULL THEN DATE_ADD(MONTH, -?, DATE_TRUNC('MONTH', p.createdon)) ELSE p.createdon END, ?)) AS paymentdate, MAX(p.createdon) AS createdon FROM prod_homecare_actransactional_billing.payment AS p WHERE p.paymentstatustypeid IN (?) GROUP BY ?, ?), ctea AS (SELECT DISTINCT accountid, p.amount, DATE_FORMAT(CASE WHEN NOT p.forstatementid IS NULL THEN DATE_ADD(MONTH, -?, DATE_TRUNC('MONTH', p.createdon)) ELSE p.createdon END, ?) AS paymentdate, p.createdon AS createdon, p.paymentstatustypeid, ROW_NUMBER() OVER  ...","select * from ( WITH CTE AS( Select p.accountid ,p.amount ,max(date_format(case when p.forstatementid is not null then dateadd(Month, -1, date_trunc('Month', p.createdon)) else p.createdon end, 'yyyyMM')) PaymentDate ,max(p.createdon) createdon FROM prod_homecare_actransactional_billing.payment p wh ..."
4,"WITH cte AS (SELECT cph.providerid, cph.orderid, MIN(cph.date) AS firstactive, MAX(cph.date) AS lastactive FROM main.prod_homecare_acreporting_reporting.cartproviderhistory AS cph JOIN main.prod_homecare_actransactional_organization.provider AS p ON p.providerid = cph.providerid WHERE (cph.orderstatusreason = ? OR cph.orderstatus IN (?)) AND cph.contracttype = ? AND p.providerorganizationid IS NULL GROUP BY ?, ?), cte1 AS (SELECT cte.providerid, cte.orderid, cte.firstactive, cte.lastactive, DATEDIFF(DAY, cte.firstactive, cte.lastactive) AS daysactive, ost.name AS orderstatus, CASE WHEN o.prepa ...","select `ProviderID`, `OrderID`, `FirstActive`, `LastActive`, `DaysActive`, `OrderStatus`, `OrderReason`, `OrderType`, `Referrals90`, `LifetimeReferrals`, `FreeLeads`, `ProviderOrderID`, `lastfreelead`, `FirstActivation`, `HasActivation`, `datediff(lastfreelead, firstactive)`, `ProvOrderAge`, `Status ..."
4,"SELECT id, owner_id, name, CAST(created_date AS DATE) AS createddate, hmc_balance_c, hmc_provider_account_c FROM main.community_salesforce.billing_c","select * from ( Select id ,owner_id ,Name ,date(created_date) CreatedDate ,hmc_balance_c ,hmc_provider_account_c FROM main.community_salesforce.billing_c ) as `_` limit 0"
4,"WITH cte AS (SELECT r.region_id AS regionid, r.region_name AS regionname, zr.zip5 FROM main.prod_ygl_apfm.zip_region AS zr JOIN main.prod_ygl_apfm.region AS r ON r.region_id = zr.region_id JOIN main.prod_ygl_apfm.region_use AS ru ON ru.region_id = zr.region_id AND ru.region_type_code = zr.region_type_code WHERE ru.region_type_code = ? AND r.region_name = ? AND r.active = ? AND zr._fivetran_deleted = FALSE AND r._fivetran_deleted = FALSE AND ru._fivetran_deleted = FALSE ORDER BY r.region_id, zr.zip5), cted AS (SELECT dateid, date, dayofyear, dayofmonth, dayofweek, weekdayname, month, monthname, ...","select `RequestCreatedate`, `hmcrequestid`, `Referredby`, `affiliateid`, `leadsource`, `referralid`, `requeststatusid`, `ReturnStatus`, `ProviderOrders`, `ReferralDate`, `TimeFrame`, `AdjChannel`, `DaystoActivation`, `Activation`, `ActivationDate`, `htrreferral`, `PilotGroup`, `DayofWeekNumberMonth` ..."
4,"SELECT DISTINCT dma, CASE WHEN dma IN (?) THEN ? ELSE ? END AS gracedma FROM main.reporting.dim_geography_zip_dma WHERE dma <> ?","select `DMA`, `GraceDMA` from ( Select DISTINCT DMA ,CASE WHEN dma in ('Atlanta','Houston','Boston') then ""Grace DMA"" else 'Non Grace DMA' end GraceDMA FROM main.reporting.dim_geography_zip_dma where dma <> 'NA' ) as `_` limit 1000"
4,"SELECT DISTINCT psc.providerid, countryid FROM main.prod_homecare_actransactional_organization.providerservicecoverage AS psc LEFT JOIN main.prod_homecare_actransactional_geo.postalcode_01072025 AS pc ON pc.code = psc.postalcode WHERE psc.deleted = ?","select * from ( Select distinct psc.providerid ,countryid FROM main.prod_homecare_actransactional_organization.providerservicecoverage psc LEFT JOIN main.prod_homecare_actransactional_geo.postalcode_01072025 pc on pc.code = psc.postalcode WHERE psc.deleted = 0 ) as `_` limit 0"
4,"SELECT p.name AS providername, p.providerid, o.name AS ordername, o.orderid, CONCAT(p.providerid, ?, o.orderid) AS providerorder, DATEDIFF(DAY, o.createdon, CURRENT_TIMESTAMP()) AS daysactive, ost.name AS currentorderstatus, osrt.name AS currentorderreason FROM main.prod_homecare_actransactional_organization.provider AS p JOIN main.prod_homecare_actransactional_ordermanagement.orderprovider AS op ON op.providerid = p.providerid JOIN main.prod_homecare_actransactional_ordermanagement.order AS o ON o.orderid = op.orderid LEFT JOIN main.prod_homecare_actransactional_ordermanagement.orderstatustyp ...","select * from ( Select p.name ProviderName ,p.providerid ,o.name OrderName ,o.orderid ,concat(p.providerid, ""-"", o.orderid) ProviderOrder ,datediff(getdate(), o.createdon) DaysActive ,ost.name CurrentOrderStatus ,osrt.name CurrentOrderReason FROM main.prod_homecare_actransactional_organization.provi ..."
4,"WITH cte AS (SELECT DISTINCT COUNT(DISTINCT referralid) AS referrals, DATE_FORMAT(referredon, ?) AS monthyearid, CASE WHEN p.providerorganizationid IS NULL THEN ? ELSE ? END AS org, dma.dma, TRIM(hmcr.postalcode) AS postalcode FROM prod_homecare_actransactional_homecare.referral AS ref LEFT JOIN main.prod_homecare_actransactional_organization.provider AS p ON p.providerid = ref.providerid LEFT JOIN main.prod_homecare_insite_directory.hmclead AS hmcl ON hmcl.hmcleadid = ref.hmcleadid LEFT JOIN main.prod_homecare_insite_directory.hmcrequest AS hmcr ON hmcr.hmcrequestid = hmcl.hmcleadid LEFT JOIN ...","select `Referrals`, `MonthYearID`, `Org`, `DMA`, `first3dayreferrals`, `last3dayreferrals`, `postalcode` from ( WITH CTE AS( Select DISTINCT count(distinct referralid) Referrals -- ,date(Referredon) ReferredOn ,date_format(Referredon, 'yyyyMM') MonthYearID ,CASE WHEN p.providerorganizationid is null ..."
4,"WITH cte AS (SELECT hmcr.hmcrequestid, hmcr.affiliateid, a.affiliatename, url, CASE WHEN hmcr.customflow = ? THEN ? ELSE ? END AS flow, src.hmcprospectid AS srcprospect, CASE WHEN NOT src.hmcprospectid IS NULL THEN ? WHEN hmcr.affiliateid = ? THEN ? WHEN hmcr.affiliateid IN (?) THEN ? WHEN hmcr.affiliateid = ? THEN ? WHEN hmcr.affiliateid = ? THEN ? WHEN hmcr.affiliateid IN (?) THEN ? WHEN hmcr.affiliateid IN (?) THEN ? WHEN hmcr.url LIKE ? OR hmcr.url LIKE ? OR hmcr.url LIKE ? THEN ? WHEN hmcr.url LIKE ? OR hmcr.affiliateid = ? THEN ? WHEN hmcr.affiliateid IN (?) OR hmcr.url LIKE ? OR hmcr.ur ...","select * from ( WITH CTE2 AS ( WITH CTE1 AS ( with CTE AS ( select hmcr.hmcrequestid ,hmcr.affiliateid ,a.affiliatename ,url ,CASE WHEN hmcr.customflow =1 then 'NFE' ELSE 'OFE' END as Flow ,src.HMCProspectID AS SRCProspect ,CASE WHEN src.HMCProspectID IS NOT NULL THEN 'APFM DQ' WHEN hmcr.affiliateid ..."
4,"WITH cte AS (SELECT o.id AS opportunityid, o.close_date, a.hmc_cart_provider_id_c AS providerid FROM main.community_salesforce.opportunity AS o JOIN main.community_salesforce.account AS a ON a.id = o.account_id WHERE o.is_won = TRUE AND o.close_date >= ?), cte1 AS (SELECT cte.providerid, p.name AS providername, cph.orderid, cte.close_date, MIN(date) AS firstactivedate, MAX(date) AS lastactivedate FROM cte JOIN main.prod_homecare_acreporting_reporting.cartproviderhistory AS cph ON cph.providerid = cte.providerid LEFT JOIN main.prod_homecare_actransactional_organization.provider AS p ON p.provid ...","select `ProviderID`, `ProviderName`, `OrderID`, `ProviderOrderID`, `OrderStatus`, `OrderStatusReason`, `Close_Date`, `FirstActiveDate`, `LastActiveDate`, `DaysActive`, `Status`, `FirstActivation`, `HasActivation` from ( WITH CTE2 AS( WITH CTE1 AS( WITH CTE AS( Select o.id OpportunityID ,o.close_date ..."
4,"SELECT id, opportunity_id, field, old_value, new_value, CAST(created_date AS DATE) AS createddate FROM main.community_salesforce.opportunity_field_history WHERE created_date >= ?","select * from ( Select Id ,Opportunity_Id ,Field ,Old_Value ,New_Value ,date(created_date) CreatedDate FROM main.community_salesforce.opportunity_field_history WHERE created_date >= '2024-10-15' ) as `_` limit 0"
4,"SELECT DISTINCT ref.referralid, ref.providerid, ref.referredon, ref.orderid, op.createdon, p.name AS providername, CASE WHEN ref.returnapproved = TRUE THEN ? ELSE ? END AS returnapproved, CASE WHEN ref.billingtypeid = ? THEN ? WHEN hcc.accountid = ? AND log.deliverystatustypeid IN (?) AND hcc.createdon >= ? AND hcc.ishottransfer = ? THEN ? WHEN hcc.accountid = ? AND hcc.amount < ? AND hcc.createdon >= ? AND hcc.ishottransfer = ? THEN hcc.amount WHEN hcc.accountid = ? AND hcc.amount > ? AND hcc.createdon >= ? AND hcc.ishottransfer = ? THEN hcc.amount WHEN hcc.accountid = ? AND log.deliverystatu ...","select `referralid`, `providerid`, cast(`referredon` as DATE) as `C1`, `orderid`, cast(`createdon` as DATE) as `C2`, `ProviderName`, `ReturnApproved`, `ReferralRevenue` from ( Select distinct ref.referralid ,ref.providerid ,ref.referredon ,ref.orderid ,op.createdon ,p.name ProviderName ,case when re ..."
4,"SELECT DISTINCT hmcr.hmcrequestid, ref.referralid, rpt.name AS primary, rsr.name AS secondary FROM main.prod_homecare_insite_directory.hmcrequest AS hmcr JOIN main.prod_homecare_insite_directory.hmclead AS hmcl ON hmcl.hmcrequestid = hmcr.hmcrequestid JOIN main.prod_homecare_actransactional_homecare.referral AS ref ON ref.hmcleadid = hmcl.hmcleadid JOIN main.prod_homecare_actransactional_homecare.referralreturnrequest AS rrr ON rrr.referralid = ref.referralid JOIN main.prod_homecare_actransactional_homecare.referralreturnprimaryreasontype AS rpt ON rpt.referralreturnprimaryreasontypeid = rrr.p ...","select `hmcrequestid`, `referralid`, `Primary`, `Secondary` from ( Select distinct hmcr.hmcrequestid ,ref.referralid ,rpt.name Primary ,rsr.name Secondary ---,rrrt.name FROM main.prod_homecare_insite_directory.hmcrequest hmcr JOIN main.prod_homecare_insite_directory.hmclead hmcl on hmcl.hmcrequestid ..."
4,"WITH cte AS (SELECT DISTINCT COUNT(DISTINCT referralid) AS referrals, DATE_FORMAT(referredon, ?) AS monthyearid, CASE WHEN p.providerorganizationid IS NULL THEN ? ELSE ? END AS org, dma.dma, TRIM(hmcr.postalcode) AS postalcode FROM prod_homecare_actransactional_homecare.referral AS ref LEFT JOIN main.prod_homecare_actransactional_organization.provider AS p ON p.providerid = ref.providerid LEFT JOIN main.prod_homecare_insite_directory.hmclead AS hmcl ON hmcl.hmcleadid = ref.hmcleadid LEFT JOIN main.prod_homecare_insite_directory.hmcrequest AS hmcr ON hmcr.hmcrequestid = hmcl.hmcrequestid LEFT J ...","select `Referrals`, `MonthYearID`, `Org`, `DMA`, `first3dayreferrals`, `last3dayreferrals`, `postalcode` from ( WITH CTE AS( Select DISTINCT count(distinct referralid) Referrals -- ,date(Referredon) ReferredOn ,date_format(Referredon, 'yyyyMM') MonthYearID ,CASE WHEN p.providerorganizationid is null ..."
4,"SELECT p.accountid, p.amount, p.createdon, DATE_FORMAT(p.createdon, ?) AS paymentmonthyearid, oct.name AS otherchargetype FROM main.prod_homecare_actransactional_billing.othercharge AS p LEFT JOIN main.prod_homecare_actransactional_billing.otherchargetype AS oct ON oct.otherchargetypeid = p.otherchargetypeid WHERE p.otherchargetypeid IN (?)","select `AccountID`, `amount`, `createdon`, `PaymentMonthYearId`, `OtherChargeType` from ( Select p.AccountID ,p.amount ,p.createdon ,date_format(p.createdon, 'yyyyMM') PaymentMonthYearId ,oct.name OtherChargeType FROM main.prod_homecare_actransactional_billing.othercharge p LEFT JOIN main.prod_homec ..."
4,"WITH cte AS (SELECT DISTINCT date, DATE_FORMAT(cph.date, ?) AS monthyear, monthlysent, monthlycap FROM main.prod_homecare_acreporting_reporting.cartproviderhistory AS cph WHERE cph.orderid = ? AND date >= ? AND (date = LAST_DAY(date) OR date = CAST(CURRENT_TIMESTAMP() AS DATE))), cte1 AS (SELECT DISTINCT cph.date, DATE_FORMAT(cph.date, ?) AS monthyear, CASE WHEN cte.date = LAST_DAY(cte.date) THEN cte.monthlysent ELSE cte.monthlycap END AS hicap FROM cte LEFT JOIN main.prod_homecare_acreporting_reporting.cartproviderhistory AS cph ON cte.monthyear = DATE_FORMAT(cph.date, ?) AND DAY(cph.date) =  ...","select `date`, `orderid`, `monthlycap`, `Cap`, `Org`, `monthlysent` from ( WITH CTE1 AS( WITH CTE AS ( Select Distinct date ,date_format( cph.date, 'MMyyyy') MonthYear ,monthlysent ,monthlycap FROM main.prod_homecare_acreporting_reporting.cartproviderhistory cph WHERE cph.orderid = 2774 and date >=  ..."
4,"SELECT p.providerid, o.orderid, CASE WHEN ost.name = ? THEN ? ELSE ost.name END AS orderstatus, orst.name AS orderstatusreason, po.name AS organization, p.providerorganizationid, p.name AS providername FROM main.prod_homecare_actransactional_organization.provider AS p JOIN main.prod_homecare_actransactional_ordermanagement.orderprovider AS op ON op.providerid = p.providerid JOIN main.prod_homecare_actransactional_ordermanagement.order AS o ON o.orderid = op.orderid JOIN main.prod_homecare_actransactional_ordermanagement.orderstatustype AS ost ON ost.orderstatustypeid = o.orderstatustypeid JOIN ...","select `providerid`, `orderid`, `OrderStatus`, `OrderStatusReason`, `Organization`, `providerorganizationid`, `ProviderName` from ( Select p.providerid ,o.orderid ,case when ost.name = ""Suspended"" then ""Monthly Cap Reached"" else ost.name end OrderStatus ,orst.name OrderStatusReason ,po.name Organiza ..."
4,"WITH cte AS (SELECT r.region_id AS regionid, r.region_name AS regionname, zr.zip5 FROM main.prod_ygl_apfm.zip_region AS zr JOIN main.prod_ygl_apfm.region AS r ON r.region_id = zr.region_id JOIN main.prod_ygl_apfm.region_use AS ru ON ru.region_id = zr.region_id AND ru.region_type_code = zr.region_type_code WHERE ru.region_type_code = ? AND r.region_name = ? AND r.active = ? AND zr._fivetran_deleted = FALSE AND r._fivetran_deleted = FALSE AND ru._fivetran_deleted = FALSE ORDER BY r.region_id, zr.zip5) SELECT CAST(hmcr.createdate AS DATE) AS requestcreatedate, hmcr.hmcrequestid, CASE WHEN hmcr.dj ...","select `RequestCreatedate`, `hmcrequestid`, `Referredby`, `referralid`, `ReturnStatus`, `ProviderOrders`, `ReferralDate`, `TimeFrame`, `DaystoActivation`, `Activation`, `ActivationDate`, `PilotGroup` from ( WITH CTE AS( SELECT r.region_id AS regionId, r.region_name AS regionName, zr.zip5 FROM main.p ..."
4,"SELECT p.accountid, p.amount, p.createdon, DATE_FORMAT(p.createdon, ?) AS paymentmonthyearid, p.paymentstatustypeid FROM main.prod_homecare_actransactional_billing.payment AS p WHERE p.paymentstatustypeid = ? AND p.createdon >= ?","select `AccountID`, `amount`, `createdon`, `PaymentMonthYearId`, `paymentstatustypeid` from ( Select p.AccountID ,p.amount ,p.createdon ,date_format(p.createdon, 'yyyyMM') PaymentMonthYearId ,p.paymentstatustypeid FROM main.prod_homecare_actransactional_billing.payment p WHERE p.paymentstatustypeid  ..."
4,"SELECT id, owner_id, name, stage_name, account_id, hmc_franchise_c, CAST(close_date AS DATE) AS closedate, CAST(created_date AS DATE) AS createddate FROM main.community_salesforce.opportunity WHERE created_date >= ?","select * from ( Select id ,owner_id ,Name ,stage_name ,account_id ,hmc_franchise_c ,date(close_date) CloseDate ,date(created_date) CreatedDate FROM main.community_salesforce.opportunity where created_date >= '2025' ) as `_` limit 0"
4,"WITH cte AS (SELECT DISTINCT COUNT(DISTINCT referralid) AS referrals, DATE_FORMAT(hmcr.createdate, ?) AS monthyearid, CASE WHEN p.providerorganizationid IS NULL THEN ? ELSE ? END AS org, dma.dma, TRIM(hmcr.postalcode) AS postalcode FROM prod_homecare_actransactional_homecare.referral AS ref LEFT JOIN main.prod_homecare_actransactional_organization.provider AS p ON p.providerid = ref.providerid LEFT JOIN main.prod_homecare_insite_directory.hmclead AS hmcl ON hmcl.hmcleadid = ref.hmcleadid LEFT JOIN main.prod_homecare_insite_directory.hmcrequest AS hmcr ON hmcr.hmcrequestid = hmcl.hmcrequestid L ...","select `Referrals`, `MonthYearID`, `Org`, `DMA`, `first3dayreferrals`, `last3dayreferrals`, `postalcode` from ( WITH CTE AS( Select DISTINCT count(distinct referralid) Referrals -- ,date(Referredon) ReferredOn ,date_format(hmcr.createdate, 'yyyyMM') MonthYearID ,CASE WHEN p.providerorganizationid is ..."
4,"WITH cte AS (SELECT cph.providerid, p.name AS providername, cph.orderid, o.createdon AS ordercreatedate, MIN(date) AS firstactivedate, MAX(date) AS lastactivedate, ost.name AS currentorderstatus, osrt.name AS currentorderstatusreasontype, u2.firstname AS hcam, u.firstname AS csm FROM prod_homecare_acreporting_reporting.cartproviderhistory AS cph LEFT JOIN prod_homecare_actransactional_ordermanagement.order AS o ON o.orderid = cph.orderid LEFT JOIN prod_homecare_actransactional_ordermanagement.orderstatustype AS ost ON ost.orderstatustypeid = o.orderstatustypeid LEFT JOIN prod_homecare_actransa ...","select `ProviderID`, `ProviderName`, `OrderID`, `OrderCreateDate`, `FirstActiveDate`, `LastActiveDate`, `CurrentOrderStatus`, `CurrentOrderStatusReasonType`, `HCAM`, `CSM`, `providerorders`, `DaystoCancel` from ( WITH CTE AS ( SELECT cph.ProviderID ,p.name ProviderName ,cph.OrderID ,o.createdon AS O ..."
4,"SELECT c.case_number AS casenumber, c.hmc_case_subject_c AS casesubject, c.account_id, a.id AS accountid, a.name AS accoutname, a.hmc_cart_provider_id_c AS providerid FROM main.community_salesforce.case AS c LEFT JOIN main.community_salesforce.account AS a ON a.id = c.account_id WHERE c.hmc_case_subject_c LIKE ? OR c.hmc_case_subject_c = ?","select `CaseNumber`, `CaseSubject`, `account_id`, `AccountID`, `AccoutName`, `ProviderID` from ( Select c.case_number CaseNumber ,c.hmc_case_subject_c CaseSubject ,c.account_id ,a.id AccountID ,a.name AccoutName ,a.hmc_cart_provider_id_c ProviderID FROM main.community_salesforce.case c LEFT JOIN mai ..."
4,"WITH cte AS (SELECT cph.providerid, cph.orderid, MIN(cph.date) AS firstactive, MAX(cph.date) AS lastactive FROM main.prod_homecare_acreporting_reporting.cartproviderhistory AS cph JOIN main.prod_homecare_actransactional_organization.provider AS p ON p.providerid = cph.providerid WHERE (cph.orderstatusreason = ? OR cph.orderstatus IN (?)) AND cph.contracttype = ? AND p.providerorganizationid IS NULL GROUP BY ?, ?), cte1 AS (SELECT cte.providerid, cte.orderid, cte.firstactive, cte.lastactive, DATEDIFF(DAY, cte.firstactive, cte.lastactive) AS daysactive, ost.name AS orderstatus, CASE WHEN o.prepa ...","select `ProviderID`, `OrderID`, `FirstActive`, `LastActive`, `DaysActive`, `OrderStatus`, `OrderReason`, `OrderType`, `Referrals90`, `LifetimeReferrals`, `FreeLeads`, `lastfreelead`, `FirstActivation`, `ProviderOrderID`, `HasActivation`, `datediff(lastfreelead, firstactive)`, `ProvOrderAge`, `Status ..."
4,"WITH cte AS (SELECT cph.providerid, cph.orderid, MAX(cph.date) AS lastactive, MIN(cph.date) AS firstactive FROM main.prod_homecare_acreporting_reporting.cartproviderhistory AS cph WHERE (cph.orderstatusreason = ? OR cph.orderstatus IN (?)) AND cph.contracttype = ? GROUP BY ?, ?), ctea AS (SELECT DISTINCT cph.providerid, cph.orderid, cph.orderstatus, cph.orderstatusreason FROM main.prod_homecare_acreporting_reporting.cartproviderhistory AS cph WHERE date = CAST(CURRENT_TIMESTAMP() AS DATE)), cteb1 AS (SELECT r.region_id AS regionid, r.region_name AS regionname, zr.zip5 FROM main.prod_ygl_apfm.z ...","select `ProviderID`, `OrderID`, `ProviderOrders`, `FirstActive`, `LastActive`, `ProviderName`, `Org`, `OrderStatus`, `OrderStatusReason`, `ProviderCoverage`, `DaysActive`, `Status` from ( WITH CTE AS( Select cph.providerid ,cph.orderid ,max(cph.date) LastActive ,min(cph.date) FirstActive FROM main.p ..."
4,"WITH cte AS (SELECT cph.providerid, p.name AS providername, cph.orderid, ost.name AS orderstatus, osrt.name AS orderstatusreason, MIN(cph.date) AS firstactive, MAX(cph.date) AS lastactive FROM main.prod_homecare_acreporting_reporting.cartproviderhistory AS cph LEFT JOIN main.prod_homecare_actransactional_organization.provider AS p ON p.providerid = cph.providerid LEFT JOIN main.prod_homecare_actransactional_ordermanagement.order AS o ON o.orderid = cph.orderid LEFT JOIN main.prod_homecare_actransactional_ordermanagement.orderstatusreasontype AS osrt ON osrt.orderstatusreasontypeid = o.ordersta ...","select `ProviderID`, `ProviderName`, `OrderID`, `FirstActive`, `LastActive`, `OrderStatus`, `OrderStatusReason`, `ProviderOrderID`, `Status`, `Org`, `DaysActive` from ( WITH CTE1 AS( WITH CTE AS( Select cph.providerid ,p.name ProviderName ,cph.orderid ,ost.name OrderStatus ,osrt.name OrderStatusReas ..."
4,"WITH cte AS (SELECT DISTINCT date, DATE_FORMAT(cph.date, ?) AS monthyear, monthlysent, monthlycap FROM main.prod_homecare_acreporting_reporting.cartproviderhistory AS cph WHERE cph.orderid = ? AND date >= ? AND (date = LAST_DAY(date) OR date = CAST(CURRENT_TIMESTAMP() AS DATE))), cte1 AS (SELECT DISTINCT cph.date, DATE_FORMAT(cph.date, ?) AS monthyear, CASE WHEN cte.date = LAST_DAY(cte.date) THEN cte.monthlysent ELSE cte.monthlycap END AS hicap FROM cte LEFT JOIN main.prod_homecare_acreporting_reporting.cartproviderhistory AS cph ON cte.monthyear = DATE_FORMAT(cph.date, ?) AND DAY(cph.date) =  ...","select `date`, `orderid`, `monthlycap`, `Adjust_MonthlyCap`, `Org`, `monthlysent` from ( WITH CTE1 AS( WITH CTE AS ( Select Distinct date ,date_format( cph.date, 'MMyyyy') MonthYear ,monthlysent ,monthlycap FROM main.prod_homecare_acreporting_reporting.cartproviderhistory cph WHERE cph.orderid = 277 ..."
4,SELECT DISTINCT usercode FROM main.prod_homecare_insite_dbo.users,select * from ( Select distinct usercode from main.prod_homecare_insite_dbo.users ) as `_` limit 0
4,"SELECT a.hmc_cart_provider_id_c AS providerid, a.id AS sf_accountid, u.name AS csm FROM main.community_salesforce.account AS a LEFT JOIN main.community_salesforce.user AS u ON u.id = a.hmc_csm_assignee_c WHERE NOT a.hmc_cart_provider_id_c IS NULL","select `ProviderID`, `SF_AccountID`, `CSM` from ( Select a.hmc_cart_provider_id_c ProviderID ,a.id SF_AccountID ,u.name CSM FROM main.community_salesforce.account a LEFT JOIN main.community_salesforce.user u on u.id = a.hmc_csm_assignee_c where a.hmc_cart_provider_id_c is not null ) as `_` limit 100 ..."
4,"WITH cte AS (SELECT DISTINCT ref.referralid, ref.providerid, ref.referredon, CONCAT(ref.orderid, ?, ref.providerid) AS providerorder, ref.orderid, op.createdon, DATEDIFF(DAY, o.createdon, CURRENT_TIMESTAMP()) AS orderage, DATEDIFF(DAY, o.createdon, ref.referredon) AS referralage, p.name AS providername, CASE WHEN p.providerorganizationid IS NULL THEN ? ELSE ? END AS org, CASE WHEN ref.returnapproved = TRUE THEN ? ELSE ? END AS returnapproved, CASE WHEN ref.billingtypeid = ? THEN ? WHEN hcc.accountid = ? AND log.deliverystatustypeid IN (?) AND hcc.createdon >= ? AND hcc.ishottransfer = ? THEN ? ...","select * from ( WITH CTE1 AS ( WITH CTE AS ( Select distinct ref.referralid ,ref.providerid ,ref.referredon ,concat(ref.orderid,""-"",ref.providerid ) ProviderOrder ,ref.orderid ,op.createdon ,datediff(getdate(),o.createdon) OrderAge ,datediff(ref.referredon,o.createdon) ReferralAge ,p.name ProviderNa ..."
4,"WITH cte AS (SELECT hmcr.hmcrequestid, hmcr.hmcprospectid, postalcode, CASE WHEN hmcr.customflow = ? THEN ? ELSE ? END AS funnel, hmcr.createdate, hmcr.requeststatusid, hmcr.requeststatuscode, CASE WHEN hmcr.affiliateid = ? THEN ? WHEN hmcr.affiliateid = ? THEN ? WHEN hmcr.affiliateid IN (?) THEN ? WHEN hmcr.affiliateid = ? THEN ? WHEN hmcr.affiliateid = ? THEN ? WHEN hmcr.affiliateid IN (?) THEN ? WHEN hmcr.affiliateid IN (?) THEN ? WHEN hmcr.url LIKE ? OR hmcr.url LIKE ? OR hmcr.url LIKE ? THEN ? WHEN hmcr.url LIKE ? OR hmcr.affiliateid = ? THEN ? WHEN hmcr.affiliateid IN (?) OR hmcr.url LIK ...","select `SLRl`, `hmcrequestid`, `Funnel`, `createdate`, `RequestStatusId`, `AdjChannel`, `ScreeningDate`, `userid`, `outcomeid`, `ISDJ`, `DJStep`, `DJType`, `SourceP` from ( WITH CTE2 AS ( WITH CTE1 AS ( WITH CTE AS ( SELECT hmcr.hmcrequestid ,hmcr.hmcprospectid ,postalcode ,CASE WHEN hmcr.customflow ..."
4,"WITH cte AS (SELECT cph.accountid, cph.providerid, p.name AS providername, cph.orderid, o.createdon AS ordercreatedate, MIN(date) AS firstactivedate, MAX(date) AS lastactivedate, ost.name AS currentorderstatus, osrt.name AS currentorderstatusreasontype, CASE WHEN u2.firstname = ? THEN ? ELSE u2.firstname END AS hcam, u.firstname AS csm FROM prod_homecare_acreporting_reporting.cartproviderhistory AS cph LEFT JOIN prod_homecare_actransactional_ordermanagement.order AS o ON o.orderid = cph.orderid LEFT JOIN prod_homecare_actransactional_ordermanagement.orderstatustype AS ost ON ost.orderstatustyp ...","select * from ( WITH CTE AS ( SELECT cph.accountid ,cph.ProviderID ,p.name ProviderName ,cph.OrderID ,o.createdon AS OrderCreateDate ,MIN(Date) AS FirstActiveDate ,Max(date) AS LastActiveDate ,ost.name As CurrentOrderStatus ,osrt.name As CurrentOrderStatusReasonType ,CASE WHEN u2.FirstName = ""Elizab ..."
4,"SELECT c.case_number, c.hmc_case_subject_c, c.created_date, c.hmc_date_opened_c, c.hmc_date_resolved_c, c.hmc_save_method_used_c, c.account_id, CONCAT(u.first_name, ?, u.last_name) AS name, u.id AS userid, a.id AS accountid, a.name AS accoutname, a.hmc_cart_provider_id_c, CONCAT(?, a.id, ?) AS accounturl FROM main.community_salesforce.case AS c LEFT JOIN main.community_salesforce.user AS u ON u.id = c.owner_id LEFT JOIN main.community_salesforce.account AS a ON a.id = c.account_id WHERE c.owner_id = ? AND c.account_id = ?","select `case_number`, `hmc_case_subject_c`, `created_date`, `hmc_date_opened_c`, `hmc_date_resolved_c`, `hmc_save_method_used_c`, `account_id`, `Name`, `UserID`, `AccountID`, `AccoutName`, `hmc_cart_provider_id_c`, `AccountUrl` from ( Select c.case_number ,c.hmc_case_subject_c ,c.created_date ,c.hmc ..."
4,"SELECT * FROM (SELECT hmcr.hmcrequestid, hmcr.requeststatusid, CASE WHEN hmcp.disqualifier IS NULL THEN ? ELSE ? END AS disqualifier, hmcr.createdate, CASE WHEN hmcp.hmcwhencareneededid = ? THEN ? WHEN hmcp.hmcwhencareneededid = ? THEN ? WHEN hmcp.hmcwhencareneededid = ? THEN ? WHEN hmcp.hmcwhencareneededid = ? THEN ? WHEN hmcp.hmcwhencareneededid = ? THEN ? WHEN hmcp.hmcwhencareneededid = ? THEN ? ELSE NULL END AS whencareneeded, CASE WHEN hmcp.hmcwhencareneededid IN (?) THEN ? ELSE ? END AS lessthan30days, CASE WHEN NOT hmcl.hottransferred IS NULL THEN ? ELSE ? END AS ht, ref.referralid, ref ...","select * from ( Select hmcr.hmcrequestid ,hmcr.requeststatusid ,CASE WHEN hmcp.disqualifier is null then 0 ELSE 1 END Disqualifier ,hmcr.createdate ,CASE WHEN hmcp.hmcwhencareneededid = 1 then ""Immediately"" WHEN hmcp.hmcwhencareneededid = 2 then ""Within 30 days"" WHEN hmcp.hmcwhencareneededid = 3 the ..."
4,"WITH cte AS (SELECT DISTINCT date, DATE_FORMAT(cph.date, ?) AS monthyear, monthlysent, monthlycap FROM main.prod_homecare_acreporting_reporting.cartproviderhistory AS cph WHERE cph.orderid = ? AND date >= ? AND (date = LAST_DAY(date) OR date = CAST(CURRENT_TIMESTAMP() AS DATE))), cte1 AS (SELECT DISTINCT cph.date, DATE_FORMAT(cph.date, ?) AS monthyear, CASE WHEN cte.date = LAST_DAY(cte.date) THEN cte.monthlysent ELSE cte.monthlycap END AS hicap FROM cte LEFT JOIN main.prod_homecare_acreporting_reporting.cartproviderhistory AS cph ON cte.monthyear = DATE_FORMAT(cph.date, ?) AND DAY(cph.date) =  ...","select * from ( WITH CTE2 AS( WITH CTE1 AS( WITH CTE AS ( Select Distinct date ,date_format( cph.date, 'MMyyyy') MonthYear ,monthlysent ,monthlycap FROM main.prod_homecare_acreporting_reporting.cartproviderhistory cph WHERE cph.orderid = 2774 and date >= '2025' and (date = last_day(date) or date= da ..."
4,"SELECT id, owner_id, name, CAST(created_date AS DATE) AS createddate, hmc_balance_c FROM main.community_salesforce.billing_c","select `id`, `owner_id`, `Name`, `CreatedDate`, `hmc_balance_c` from ( Select id ,owner_id ,Name ,date(created_date) CreatedDate ,hmc_balance_c FROM main.community_salesforce.billing_c ) as `_`"
4,"WITH cte AS (SELECT cph.providerid, p.name AS providername, cph.orderid, o.createdon AS ordercreatedate, LAST_DAY(cph.date) AS lastday, MIN(date) AS firstactivedate, MAX(date) AS lastactivedate, ost.name AS currentorderstatus, osrt.name AS currentorderstatusreasontype, u2.firstname AS hcam, u.firstname AS csm FROM prod_homecare_acreporting_reporting.cartproviderhistory AS cph LEFT JOIN prod_homecare_actransactional_ordermanagement.order AS o ON o.orderid = cph.orderid LEFT JOIN prod_homecare_actransactional_ordermanagement.orderstatustype AS ost ON ost.orderstatustypeid = o.orderstatustypeid L ...","select `ProviderID`, `ProviderName`, `OrderID`, `OrderCreateDate`, `LastDay`, `FirstActiveDate`, `LastActiveDate`, `CurrentOrderStatus`, `CurrentOrderStatusReasonType`, `HCAM`, `CSM`, `providerorders`, `DaystoCancel`, `Attrition`, `Retention`, `rn`, `prepaid` from ( WITH CTE AS ( SELECT cph.Provider ..."
4,"WITH cte AS (SELECT DISTINCT o.accountid, a.name AS accountname, hcamacc.hcam AS hcams, o.orderid, o.orderstatusreasontypeid, o.orderstatustypeid, ot.name AS oorderstatus, ost.name AS orderstatusreason, o.createdon AS ordercreatedate, prepaidautorenew FROM prod_homecare_actransactional_ordermanagement.order AS o LEFT JOIN prod_homecare_actransactional_billing.account AS a ON a.accountid = o.accountid LEFT JOIN prod_homecare_actransactional_ordermanagement.orderstatusreasontype AS ost ON ost.orderstatusreasontypeid = o.orderstatusreasontypeid LEFT JOIN prod_homecare_actransactional_ordermanagem ...","select * from ( WITH CTE1 AS ( WITH CTE AS ( SELECT DISTINCT o.AccountID ,a.Name AS AccountName ,hcamacc.HCAM HCAMs ,o.orderid ,o.orderstatusreasontypeid ,o.orderstatustypeid ,ot.NAme OOrderStatus ,ost.Name OrderStatusReason ,o.createdon OrderCreateDate ,prepaidautorenew FROM prod_homecare_actransac ..."
4,"WITH cte AS (SELECT DISTINCT date, DATE_FORMAT(cph.date, ?) AS monthyear, monthlysent, monthlycap FROM main.prod_homecare_acreporting_reporting.cartproviderhistory AS cph WHERE cph.orderid = ? AND date >= ? AND (date = LAST_DAY(date) OR date = CAST(CURRENT_TIMESTAMP() AS DATE))), cte1 AS (SELECT DISTINCT cph.date, DATE_FORMAT(cph.date, ?) AS monthyear, CASE WHEN cte.date = LAST_DAY(cte.date) THEN cte.monthlysent ELSE cte.monthlycap END AS hicap FROM cte LEFT JOIN main.prod_homecare_acreporting_reporting.cartproviderhistory AS cph ON cte.monthyear = DATE_FORMAT(cph.date, ?) AND DAY(cph.date) =  ...","select `date`, `orderid`, `Monthyear`, `monthlycap`, `Adjust_MonthlyCap`, `Org`, `monthlysent` from ( WITH CTE1 AS( WITH CTE AS ( Select Distinct date ,date_format( cph.date, 'MMyyyy') MonthYear ,monthlysent ,monthlycap FROM main.prod_homecare_acreporting_reporting.cartproviderhistory cph WHERE cph. ..."
4,"WITH cte AS (SELECT DISTINCT hmcr.hmcrequestid, CAST(hmcr.createdate AS DATE) AS createdate, DATE_ADD(DAY, ?, DATE_TRUNC('MONTH', hmcr.createdate)) AS first3days, DATE_ADD(DAY, -?, LAST_DAY(hmcr.createdate)) AS last3days, DATE_FORMAT(hmcr.createdate, ?) AS monthyearid, dma.dma, TRIM(hmcr.postalcode) AS postalcode FROM main.prod_homecare_insite_directory.hmcrequest AS hmcr LEFT JOIN main.prod_homecare_insite_directory.hmclead AS hmcl ON hmcr.hmcrequestid = hmcl.hmcrequestid LEFT JOIN main.reporting.dim_geography_zip_dma AS dma ON dma.zip = TRIM(hmcr.postalcode) LEFT JOIN main.prod_homecare_actr ...","select * from ( WITH CTE1 AS ( WITH CTE AS ( Select DISTINCT hmcr.hmcrequestid ,date(hmcr.createdate) CreateDate ,dateadd(Day, 2, date_trunc(""Month"", hmcr.createdate)) First3Days ,dateadd(Day, -2, last_day(hmcr.createdate)) Last3Days ,date_format(hmcr.createdate, 'yyyyMM') MonthYearID ,dma.dma ,trim ..."
4,"SELECT hottransferresultid, htr.providerid, lid.leadid, htr.hottransferresponseid, hs.name AS hottransferresponse, CAST(r.referredon AS DATE) AS referraldate, r.providerid, p.warmtransferphonenumber, CONCAT(l.contactfirstname, ?, l.contactlastname) AS contactname, CONCAT(l.firstname, ?, l.lastname) AS residentname, l.contactphone, l.contactemail FROM prod_homecare_actransactional_homecare.hottransferresult AS htr LEFT JOIN prod_homecare_actransactional_homecare.lead AS l ON l.leadid = htr.leadid LEFT JOIN prod_homecare_actransactional_homecare.referral AS r ON htr.providerid = r.providerid AND ...","select `HotTransferResultID`, `ProviderID`, `LeadID`, `HotTransferResponseID`, `HotTransferResponse`, `ReferralDate`, `providerid`, `warmtransferphonenumber`, `ContactName`, `ResidentName`, `ContactPhone`, `ContactEmail` from ( SELECT HotTransferResultID ,htr.ProviderID ,lid.LeadID ,htr.HotTransferR ..."
4,"SELECT DISTINCT referralid, req.hmcrequestid, activatedon, CAST(req.createdate AS DATE) AS createdate, CAST(ref.referredon AS DATE) AS referredon FROM prod_homecare_actransactional_homecare.referral AS ref JOIN prod_homecare_insite_directory.hmclead AS l ON l.hmcleadid = ref.hmcleadid JOIN prod_homecare_insite_directory.hmcrequest AS req ON l.hmcrequestid = req.hmcrequestid WHERE NOT activatedon IS NULL AND ref.createdon > ?","select `ReferralID`, `HMCRequestID`, `ActivatedOn`, `createdate`, `ReferredOn` from ( SELECT DISTINCT ReferralID ,req.HMCRequestID ,ActivatedOn ,cast(req.createdate as date) createdate ,CAST(ref.ReferredOn as date) ReferredOn FROM prod_homecare_actransactional_homecare.referral ref Join prod_homecar ..."
4,"WITH ctea AS (SELECT DISTINCT s.accountid, s.balance, s.duedate, DATE_FORMAT(s.duedate, ?) AS paymentmonth, LAG(s.balance) OVER (PARTITION BY s.accountid ORDER BY s.duedate) AS priormonth FROM main.prod_homecare_actransactional_billing.statement AS s LEFT JOIN main.prod_homecare_actransactional_billing.account AS a ON a.accountid = s.accountid LEFT JOIN main.prod_homecare_actransactional_ordermanagement.order AS o ON o.accountid = s.accountid LEFT JOIN main.prod_homecare_actransactional_ordermanagement.orderprovider AS op ON op.orderid = o.orderid LEFT JOIN main.prod_homecare_actransactional_o ...","select `AccountID`, `Payment`, `DueDate`, `PaymentMonth` from ( with CTEA AS ( Select DISTINCT s.accountid ,s.balance ,s.duedate ,date_format(s.duedate, 'yyyyMM') paymentMonth ,lag(s.balance) OVER (PARTITION BY s.accountid ORDER BY s.duedate ) PriorMonth FROM main.prod_homecare_actransactional_billi ..."
4,"WITH cte AS (SELECT DISTINCT COUNT(DISTINCT referralid) AS referrals, DATE_FORMAT(hmcr.createdate, ?) AS monthyearid, CASE WHEN p.providerorganizationid IS NULL THEN ? ELSE ? END AS org, dma.dma, TRIM(hmcr.postalcode) AS postalcode FROM prod_homecare_actransactional_homecare.referral AS ref LEFT JOIN main.prod_homecare_actransactional_organization.provider AS p ON p.providerid = ref.providerid LEFT JOIN main.prod_homecare_insite_directory.hmclead AS hmcl ON hmcl.hmcleadid = ref.hmcleadid LEFT JOIN main.prod_homecare_insite_directory.hmcrequest AS hmcr ON hmcr.hmcrequestid = hmcl.hmcrequestid L ...","select `Referrals`, `MonthYearID`, `Org`, `DMA`, `first3dayreferrals`, `last3dayreferrals`, `postalcode` from ( WITH CTE AS( Select DISTINCT count(distinct referralid) Referrals -- ,date(Referredon) ReferredOn ,date_format(hmcr.createdate, 'yyyyMM') MonthYearID ,CASE WHEN p.providerorganizationid is ..."
4,"WITH cte AS (SELECT o.id AS opportunityid, o.close_date, a.hmc_cart_provider_id_c AS providerid FROM main.community_salesforce.opportunity AS o JOIN main.community_salesforce.account AS a ON a.id = o.account_id WHERE o.is_won = TRUE AND o.close_date >= ?), cte1 AS (SELECT cte.providerid, p.name AS providername, cph.orderid, cte.close_date, MIN(date) AS firstactivedate, MAX(date) AS lastactivedate FROM cte JOIN main.prod_homecare_acreporting_reporting.cartproviderhistory AS cph ON cph.providerid = cte.providerid LEFT JOIN main.prod_homecare_actransactional_organization.provider AS p ON p.provid ...","select `ProviderID`, `ProviderName`, `OrderID`, `ProviderOrderID`, `OrderStatus`, `OrderStatusReason`, `Close_Date`, `FirstActiveDate`, `LastActiveDate`, `DaysActive`, `Status`, `FirstActivation` from ( WITH CTE2 AS( WITH CTE1 AS( WITH CTE AS( Select o.id OpportunityID ,o.close_date ,a.hmc_cart_prov ..."
4,"WITH cte AS (SELECT o.id AS opportunityid, o.close_date, a.hmc_cart_provider_id_c AS providerid FROM main.community_salesforce.opportunity AS o JOIN main.community_salesforce.account AS a ON a.id = o.account_id WHERE o.close_date >= ?), ctec AS (SELECT cte.providerid, p.name AS providername, cph.orderid, cte.close_date, MIN(date) AS firstactivedate, MAX(date) AS lastactivedate FROM cte LEFT JOIN main.prod_homecare_acreporting_reporting.cartproviderhistory AS cph ON cph.providerid = cte.providerid LEFT JOIN main.prod_homecare_actransactional_organization.provider AS p ON p.providerid = cte.prov ...","select `ProviderID`, `ProviderName`, `OrderID`, `ProviderOrderID`, `OrderStatus`, `OrderStatusReason`, `Close_Date`, `FirstActiveDate`, `LastActiveDate`, `DaysActive`, `Status`, `FirstActivation`, `HasActivation`, `FirstCaseDate` from ( WITH CTE3 AS( WITH CTE2 AS( WITH CTE1 AS( WITH CTE AS( Select o ..."
4,"WITH cte AS (SELECT CASE WHEN agentname = ? THEN ? ELSE agentname END AS agentname, manager, powerbi name FROM main.reporting.hcam_staffing WHERE NOT manager IS NULL), ctea AS (SELECT DISTINCT o.id, o.name AS opportunityname, CAST(o.created_date AS DATE) AS createddate, o.close_date, o.is_won, o.is_closed, o.stage_name AS currentstage, u.name AS hcam, o.account_id, oh.old_value, oh.new_value FROM cte JOIN main.community_salesforce.user AS u ON u.name = cte.agentname JOIN main.community_salesforce.opportunity AS o ON o.owner_id = u.id JOIN main.community_salesforce.opportunity_field_history AS  ...","select `AgentName`, `MTDGongCalls`, `duration_seconds`, `call_start_at` from ( WITH CTE1 AS( WITH CTE AS( Select CASE WHEN AgentName = 'Karen Isaak' then 'Karen isaak' else AgentName end AgentName ,Manager ,`PowerBI Name` FROM main.reporting.hcam_staffing where Manager is not null ) ,CTEA AS ( Selec ..."
4,SELECT * FROM reporting.dim_geography_zip_dma,select * from ( select * FROM reporting.dim_geography_zip_dma ) as `_` limit 0
4,"WITH cte AS (SELECT cph.providerid, p.name AS providername, cph.orderid, o.createdon AS ordercreatedate, LAST_DAY(cph.date) AS lastday, MIN(date) AS firstactivedate, MAX(date) AS lastactivedate, ost.name AS currentorderstatus, osrt.name AS currentorderstatusreasontype, u2.firstname AS hcam, u.firstname AS csm FROM prod_homecare_acreporting_reporting.cartproviderhistory AS cph LEFT JOIN prod_homecare_actransactional_ordermanagement.order AS o ON o.orderid = cph.orderid LEFT JOIN prod_homecare_actransactional_ordermanagement.orderstatustype AS ost ON ost.orderstatustypeid = o.orderstatustypeid L ...","select * from ( WITH CTE AS ( SELECT cph.ProviderID ,p.name ProviderName ,cph.OrderID ,o.createdon AS OrderCreateDate ,last_day(cph.date) LastDay ,MIN(Date) AS FirstActiveDate ,Max(date) AS LastActiveDate ,ost.name As CurrentOrderStatus ,osrt.name As CurrentOrderStatusReasonType ,u2.FirstName AS HCA ..."
4,"SELECT p.name AS providername, p.providerid, o.name AS ordername, o.orderid, o.createdon AS ordercreatedate, CONCAT(p.providerid, ?, o.orderid) AS providerorder, DATEDIFF(DAY, o.createdon, CURRENT_TIMESTAMP()) AS daysactive, ost.name AS currentorderstatus, osrt.name AS currentorderreason FROM main.prod_homecare_actransactional_organization.provider AS p JOIN main.prod_homecare_actransactional_ordermanagement.orderprovider AS op ON op.providerid = p.providerid JOIN main.prod_homecare_actransactional_ordermanagement.order AS o ON o.orderid = op.orderid LEFT JOIN main.prod_homecare_actransactiona ...","select * from ( Select p.name ProviderName ,p.providerid ,o.name OrderName ,o.orderid ,o.createdon OrderCreateDate ,concat(p.providerid, ""-"", o.orderid) ProviderOrder ,datediff(getdate(), o.createdon) DaysActive ,ost.name CurrentOrderStatus ,osrt.name CurrentOrderReason FROM main.prod_homecare_actra ..."
4,"WITH cte AS (SELECT dateid, date, CASE WHEN dayofweek = ? THEN date WHEN dayofweek > ? THEN DATE_ADD(DAY, ? - dayofweek, date) ELSE DATE_ADD(DAY, -?, date) END AS weekstart, dayofyear, dayofmonth, dayofweek, weekdayname, month, monthname, year, YEAR(CURRENT_TIMESTAMP()) AS modyear, CONCAT(monthname, ?, YEAR(CURRENT_TIMESTAMP())) AS modmonthyear, CONCAT(monthname, ?, year) AS monthyear, monthyearid FROM prod_homecare_acreporting_reporting.dimdate WHERE dateid BETWEEN CAST(YEAR(DATE_ADD(YEAR, -?, CURRENT_TIMESTAMP())) * ? AS DECIMAL) AND CAST(YEAR(DATE_ADD(YEAR, ?, CURRENT_TIMESTAMP())) * ? AS D ...","select `DateID`, `Date`, `ModDate`, `WeekStart`, `ModWeekStart`, `DayOfYear`, `DayOfMonth`, `DayOfWeek`, `WeekDayName`, `Month`, `MonthName`, `Year`, `ModYear`, `ModMonthYear`, `MonthYear`, `MonthYearID`, `datediff(date, getdate())`, cast({ fn year(`ModDate`) } as DOUBLE) * 1.000000000000000E+002 +  ..."
4,"WITH cte AS (SELECT cph.providerid, p.name AS providername, cph.orderid, ost.name AS orderstatus, osrt.name AS orderstatusreason, MIN(cph.date) AS firstactive, MAX(cph.date) AS lastactive FROM main.prod_homecare_acreporting_reporting.cartproviderhistory AS cph LEFT JOIN main.prod_homecare_actransactional_organization.provider AS p ON p.providerid = cph.providerid LEFT JOIN main.prod_homecare_actransactional_ordermanagement.order AS o ON o.orderid = cph.orderid LEFT JOIN main.prod_homecare_actransactional_ordermanagement.orderstatusreasontype AS osrt ON osrt.orderstatusreasontypeid = o.ordersta ...","select `ProviderID`, `ProviderName`, `OrderID`, `FirstActive`, `LastActive`, `OrderStatus`, `OrderStatusReason`, `ProviderOrderID`, `Status`, `Org`, `DaysActive` from ( WITH CTE1 AS( WITH CTE AS( Select cph.providerid ,p.name ProviderName ,cph.orderid ,ost.name OrderStatus ,osrt.name OrderStatusReas ..."
4,"SELECT DISTINCT code, c.name AS city, sp.name AS state, dma.dma, p.name AS providername FROM main.prod_homecare_actransactional_geo.postalcode_01072025 AS pc LEFT JOIN main.prod_homecare_actransactional_geo.city AS c ON c.cityid = pc.cityid LEFT JOIN main.prod_homecare_actransactional_geo.stateprovince AS sp ON sp.stateprovinceid = pc.stateprovinceid LEFT JOIN main.reporting.dim_geography_zip_dma AS dma ON dma.zip = pc.code LEFT JOIN main.prod_homecare_actransactional_organization.providerservicecoverage AS psc ON psc.postalcodeid = pc.postalcodeid LEFT JOIN main.prod_homecare_actransactional_ ...","select * from ( Select DISTINCT code ,c.name City ,sp.name State ,dma.dma ,p.name ProviderName FROM main.prod_homecare_actransactional_geo.postalcode_01072025 pc LEFT JOIN main.prod_homecare_actransactional_geo.city c on c.cityid = pc.cityid LEFT JOIN main.prod_homecare_actransactional_geo.stateprov ..."
4,"WITH cte AS (SELECT dateid, date, dayofyear, dayofmonth, dayofweek, weekdayname, month, monthname, year, monthyearid, ROW_NUMBER() OVER (PARTITION BY dayofweek, year, month ORDER BY date) AS weekday FROM prod_homecare_acreporting_reporting.dimdate WHERE year IN (?)) SELECT * FROM (SELECT cte.*, CONCAT(dayofweek, ?, weekday) AS dayofweeknumbermonth FROM cte) AS _ WHERE ? = ?","select * from ( WITH CTE AS( SELECT DateID ,Date ,DayOfYear ,DayOfMonth ,DayOfWeek ,WeekDayName ,Month ,MonthName ,Year ,MonthYearID ,ROW_NUMBER() OVER(PARTITION BY dayofweek,year, month ORDER BY date) WeekDay FROM prod_homecare_acreporting_reporting.dimdate where year in ('2026', '2025') ) Select C ..."
4,"SELECT DISTINCT c.firstname, c.lastname, c.email, p.providerid FROM prod_homecare_actransactional_organization.providercontact AS pc LEFT JOIN prod_homecare_actransactional_organization.contact AS c ON c.contactid = pc.contactid LEFT JOIN prod_homecare_actransactional_organization.provider AS p ON p.providerid = pc.providerid LEFT JOIN prod_homecare_actransactional_organization.providercontactcontacttype AS pcct ON pcct.providercontactid = pc.providercontactid LEFT JOIN prod_homecare_actransactional_organization.contacttype AS ct ON ct.contacttypeid = pcct.contacttypeid LEFT JOIN prod_homecare ...","select `FirstName`, `LastName`, `Email`, `ProviderID` from ( SELECT DISTINCT --p.Name AS 'Provider Name', c.FirstName ,c.LastName ,c.Email ,p.ProviderID --,p.ProviderOrganizationID --,c.Phone --,ct.Name --,c.Title FROM prod_homecare_actransactional_organization.providercontact pc LEFT JOIN prod_home ..."
4,"WITH cte AS (SELECT a.accountid, a.name AS acccountname, ast.name AS accountstatus, a.accountstatusreasonnote, o.orderid, o.name AS ordername, ost.name AS orderstatus, osrt.name AS orderstatusreason, p.providerid, p.name AS providername FROM main.prod_homecare_actransactional_billing.account AS a LEFT JOIN main.prod_homecare_actransactional_billing.accountstatustype AS ast ON ast.accountstatustypeid = a.accountstatustypeid LEFT JOIN main.prod_homecare_actransactional_ordermanagement.order AS o ON o.accountid = a.accountid LEFT JOIN main.prod_homecare_actransactional_ordermanagement.orderstatus ...","select `AccountID`, `AcccountName`, `AccountStatus`, `accountstatusreasonnote`, `orderid`, `OrderName`, `OrderStatus`, `OrderStatusReason`, `providerid`, `ProviderName`, `OtherOrders`, `onboardingorders` from ( WITH CTE AS ( Select a.AccountID ,a.name AcccountName ,ast.name AccountStatus ,a.accounts ..."
4,"WITH cte AS (SELECT p.accountid, p.amount, p.createdon, DATE_FORMAT(p.createdon, ?) AS paymentmonthyearid, CASE WHEN p.paymentstatustypeid = ? THEN ? ELSE NULL END AS payment FROM main.prod_homecare_actransactional_billing.payment AS p WHERE p.paymentstatustypeid = ? AND p.createdon >= ? UNION SELECT p.accountid, p.amount, p.createdon, DATE_FORMAT(p.createdon, ?) AS paymentmonthyearid, oct.name AS otherchargetype FROM main.prod_homecare_actransactional_billing.othercharge AS p LEFT JOIN main.prod_homecare_actransactional_billing.otherchargetype AS oct ON oct.otherchargetypeid = p.otherchargety ...","select `AccountID`, `amount`, `createdon`, `PaymentMonthYearId`, `Payment` from ( WITH CTE AS (Select p.AccountID ,p.amount ,p.createdon ,date_format(p.createdon, 'yyyyMM') PaymentMonthYearId ,CASE WHEN p.paymentstatustypeid = 1 then 'Payment' else null end Payment FROM main.prod_homecare_actransact ..."
4,"WITH cte AS (SELECT DISTINCT hmcr.hmcrequestid, CAST(hmcr.createdate AS DATE) AS createdate, DATE_ADD(DAY, ?, DATE_TRUNC('MONTH', hmcr.createdate)) AS first3days, DATE_ADD(DAY, -?, LAST_DAY(hmcr.createdate)) AS last3days, DATE_FORMAT(hmcr.createdate, ?) AS monthyearid, dma.dma, TRIM(hmcr.postalcode) AS postalcode FROM main.prod_homecare_insite_directory.hmcrequest AS hmcr LEFT JOIN main.prod_homecare_insite_directory.hmclead AS hmcl ON hmcr.hmcrequestid = hmcl.hmcleadid LEFT JOIN main.reporting.dim_geography_zip_dma AS dma ON dma.zip = TRIM(hmcr.postalcode) LEFT JOIN main.prod_homecare_actrans ...","select `DMA`, `MonthYearID`, `postalcode`, `TotalRls`, `Last3DayRls`, `First3DayRls` from ( WITH CTE1 AS ( WITH CTE AS ( Select DISTINCT hmcr.hmcrequestid ,date(hmcr.createdate) CreateDate ,dateadd(Day, 2, date_trunc(""Month"", hmcr.createdate)) First3Days ,dateadd(Day, -2, last_day(hmcr.createdate))  ..."
4,"WITH cte AS (SELECT sr.hmcprospectid, sr.outcomeid, MONTH(sr.createdate) AS month, hmcfollowupsurveyresultid, usercode, CASE WHEN resultactionid = ? THEN sr.hmcprospectid ELSE NULL END AS slpp, ROW_NUMBER() OVER (PARTITION BY sr.hmcprospectid ORDER BY sr.createdate) AS attemptcount, CASE WHEN outcomeid IN (?) THEN hmcfollowupsurveyresultid ELSE NULL END AS connnections FROM prod_homecare_insite_directory.hmcfollowupsurveyresult AS sr LEFT JOIN main.prod_homecare_insite_dbo.users AS u ON u.userid = sr.userid WHERE sr.createdate >= ? AND sr.outcomeid <> ?), cte1 AS (SELECT cte.hmcprospectid, cte ...","select * from ( WITH CTE2 AS( WITH CTE1 AS( WITH CTE AS ( Select sr.hmcprospectid ,sr.outcomeid ,Month(sr.createdate) Month ,hmcfollowupsurveyresultid ,usercode ,Case when resultactionid = 1 then sr.hmcprospectid else null end SLPP ,ROW_NUMBER() OVER(PARTITION BY sr.hmcprospectid ORDER BY sr.created ..."
4,"SELECT hmcr.hmcrequestid, dma FROM main.prod_homecare_insite_directory.hmcrequest AS hmcr LEFT JOIN main.reporting.dim_geography_zip_dma AS dma ON dma.zip = TRIM(hmcr.postalcode) WHERE hmcr.createdate >= ? AND dma IN (?)","select `hmcrequestid`, `DMA` from ( Select hmcr.hmcrequestid ,DMA FROM main.prod_homecare_insite_directory.hmcrequest hmcr LEFT JOIN main.reporting.dim_geography_zip_dma dma on dma.zip = trim(hmcr.postalcode) WHERE hmcr.createdate >= '2024' and dma in ('Boston', 'Houston', 'Atlanta') ) as `_`"
4,"WITH cte AS (SELECT DISTINCT COUNT(DISTINCT referralid) AS referrals, CAST(referredon AS DATE) AS referredon, DATE_FORMAT(referredon, ?) AS monthyearid, CASE WHEN p.providerorganizationid IS NULL THEN ? ELSE ? END AS org, dma.dma FROM prod_homecare_actransactional_homecare.referral AS ref LEFT JOIN main.prod_homecare_actransactional_organization.provider AS p ON p.providerid = ref.providerid LEFT JOIN main.prod_homecare_insite_directory.hmclead AS hmcl ON hmcl.hmcleadid = ref.hmcleadid LEFT JOIN main.prod_homecare_insite_directory.hmcrequest AS hmcr ON hmcr.hmcrequestid = hmcl.hmcleadid LEFT J ...","select * from ( with cte as ( Select DISTINCT count(distinct referralid) Referrals ,date(Referredon) ReferredOn ,date_format(Referredon, 'yyyyMM') MonthYearID ,CASE WHEN p.providerorganizationid is null then ""Independent"" else ""Franchise"" END Org ,dma.dma FROM prod_homecare_actransactional_homecare. ..."
4,"SELECT id, opportunity_id, field, old_value, new_value, created_date AS createddate FROM main.community_salesforce.opportunity_field_history WHERE created_date >= ?","select `Id`, `Opportunity_Id`, `Field`, `Old_Value`, `New_Value`, `CreatedDate` from ( Select Id ,Opportunity_Id ,Field ,Old_Value ,New_Value ,created_date CreatedDate FROM main.community_salesforce.opportunity_field_history WHERE created_date >= '2024-10-15' ) as `_`"
4,"WITH cte AS (SELECT YEAR(date), MONTH(date), orderid, cph.providerid, MAX(date) AS lastday, MAX(CASE WHEN monthlycap IS NULL THEN ? ELSE ? END) AS unlimitedcap, MAX(CASE WHEN monthlycap IS NULL AND NOT monthlysent IS NULL THEN monthlysent WHEN monthlycap IS NULL AND monthlysent IS NULL THEN ? ELSE monthlycap END) AS monthlycap FROM prod_homecare_acreporting_reporting.cartproviderhistory AS cph LEFT JOIN prod_homecare_actransactional_organization.provider AS p ON p.providerid = cph.providerid LEFT JOIN prod_homecare_actransactional_organization.providerorganization AS org ON org.providerorganiz ...","select * from ( WITH CTE AS ( SELECT YEAR(Date), MONTH(Date), OrderID, cph.ProviderID, MAX(Date) AS LastDay, MAX(CASE WHEN monthlycap is null then 'Yes' ELSE 'No' END) UnlimitedCap, MAX(CASE WHEN monthlycap IS NULL AND MonthlySent IS NOT NULL THEN MonthlySent WHEN monthlycap is NULL AND Monthlysent  ..."
4,"WITH cte AS (SELECT slpp.hmcrequestid, CAST(slpp.referraldate AS DATE) AS slppreferraldate, slpp.careadvisorcoordinator AS ca, hmcr.hmcprospectid, CAST(hmcr.createdate AS DATE) AS slppleadcreatedate, req.createdate, ref.referralid, ref.referredon, req.hmcrequestid AS additonalreq FROM main.prod_homecare_actransactional_seniorliving.referral AS slpp LEFT JOIN main.prod_homecare_insite_directory.hmcrequest AS hmcr ON hmcr.hmcrequestid = slpp.hmcrequestid LEFT JOIN main.prod_homecare_insite_directory.hmcrequest AS req ON req.hmcprospectid = hmcr.hmcprospectid LEFT JOIN main.prod_homecare_insite_d ...","select * from ( WITH CTE AS( Select slpp.hmcrequestid ,cast(slpp.referraldate as date) SLPPReferralDate ,slpp.careadvisorcoordinator CA ,hmcr.hmcprospectid ,CAST(hmcr.createdate as date) SLPPLeadCreateDate ,req.createdate ,ref.referralid ,ref.referredon ,req.hmcrequestid AdditonalReq from main.prod_ ..."
4,"WITH cte AS (SELECT DISTINCT MIN(cph.date) AS date, LAST_DAY(cph.date) AS lastday, cph.providerid, psc.postalcode FROM main.prod_homecare_acreporting_reporting.cartproviderhistory AS cph LEFT JOIN main.prod_homecare_actransactional_organization.providerservicecoverage AS psc ON psc.providerid = cph.providerid WHERE cph.date >= ? AND cph.orderstatusreason = ? AND LOWER(cph.providername) LIKE ? AND psc.deleted = ? GROUP BY ?, ?, ?), ctea AS (SELECT CAST(hmcr.createdate AS DATE) AS requestcreatedate, hmcr.hmcrequestid, hmcr.hmcprospectid, COUNT(DISTINCT ref.referralid) AS referrals FROM cte JOIN  ...","select `RequestCreateDate`, `hmcrequestid`, `Referrals`, `PostalCode`, `ResidentName`, `ReferralActivated`, `HotTransferred` from ( WITH CTE AS( SELECT DISTINCT min(cph.date) Date ,last_day(cph.date) LastDay ,cph.providerid ,psc.postalcode FROM main.prod_homecare_acreporting_reporting.cartproviderhi ..."
4,"WITH ctea AS (SELECT DISTINCT s.accountid, s.balance, s.duedate, DATE_FORMAT(s.duedate, ?) AS paymentmonth, LAG(s.balance) OVER (PARTITION BY s.accountid ORDER BY s.duedate) AS priormonth FROM main.prod_homecare_actransactional_billing.statement AS s LEFT JOIN main.prod_homecare_actransactional_billing.account AS a ON a.accountid = s.accountid LEFT JOIN main.prod_homecare_actransactional_ordermanagement.order AS o ON o.accountid = s.accountid LEFT JOIN main.prod_homecare_actransactional_ordermanagement.orderprovider AS op ON op.orderid = o.orderid LEFT JOIN main.prod_homecare_actransactional_o ...","select `AccountID`, `Payment`, `DueDate`, `PaymentMonth`, `referralpercentage`, `providerid`, `orderid`, `ReferralPayment` from ( with cte1 as ( with CTEA AS ( Select DISTINCT s.accountid ,s.balance ,s.duedate ,date_format(s.duedate, 'yyyyMM') paymentMonth ,lag(s.balance) OVER (PARTITION BY s.accoun ..."
4,"WITH cte AS (SELECT DISTINCT MIN(cph.date) AS date, LAST_DAY(cph.date) AS lastday, cph.providerid, psc.postalcode, CASE WHEN cph.orderid = ? THEN ? ELSE ? END AS ordertype FROM main.prod_homecare_acreporting_reporting.cartproviderhistory AS cph LEFT JOIN main.prod_homecare_actransactional_organization.providerservicecoverage AS psc ON psc.providerid = cph.providerid WHERE cph.date >= ? AND cph.orderstatusreason = ? AND LOWER(cph.providername) LIKE ? AND psc.deleted = ? GROUP BY ?, ?, ?, ?), ctea AS (SELECT CAST(hmcr.createdate AS DATE) AS requestcreatedate, hmcr.hmcrequestid, hmcr.hmcprospecti ...","select * from ( WITH CTE AS( SELECT DISTINCT min(cph.date) Date ,last_day(cph.date) LastDay ,cph.providerid ,psc.postalcode ,CASE WHEN cph.orderid = 2774 then 'Corporate' else 'Individual' end OrderType FROM main.prod_homecare_acreporting_reporting.cartproviderhistory cph LEFT JOIN main.prod_homecar ..."
4,"WITH cte AS (SELECT o.id AS opportunityid, o.close_date, a.hmc_cart_provider_id_c AS providerid FROM main.community_salesforce.opportunity AS o JOIN main.community_salesforce.account AS a ON a.id = o.account_id WHERE o.close_date >= ?), ctec AS (SELECT cte.providerid, p.name AS providername, cph.orderid, cte.close_date, MIN(date) AS firstactivedate, MAX(date) AS lastactivedate FROM cte LEFT JOIN main.prod_homecare_acreporting_reporting.cartproviderhistory AS cph ON cph.providerid = cte.providerid LEFT JOIN main.prod_homecare_actransactional_organization.provider AS p ON p.providerid = cte.prov ...","select `ProviderID`, `ProviderName`, `OrderID`, `ProviderOrderID`, `OrderStatus`, `OrderStatusReason`, `Close_Date`, `FirstActiveDate`, `LastActiveDate`, `DaysActive`, `Status`, `FirstActivation`, `HasActivation` from ( WITH CTE2 AS( WITH CTE1 AS( WITH CTE AS( Select o.id OpportunityID ,o.close_date ..."
4,"SELECT ref.referralid, ref.providerid, ref.orderid, CASE WHEN ref.returnapproved = TRUE THEN ? ELSE ? END AS returnapproved, CAST(ref.referredon AS DATE) AS referredon, CAST(ref.activatedon AS DATE) AS activatedon FROM main.prod_homecare_actransactional_homecare.referral AS ref LEFT JOIN main.prod_homecare_actransactional_organization.provider AS p ON p.providerid = ref.providerid WHERE ref.referredon >= ? AND ref.billingtypeid = ? AND p.providerorganizationid IS NULL","select `referralid`, `providerid`, `orderid`, `ReturnApproved`, `ReferredOn`, `ActivatedOn` from ( Select ref.referralid ,ref.providerid ,ref.orderid ,CASE WHEN ref.returnapproved = true then 1 else 0 end ReturnApproved ,Date(ref.referredon) ReferredOn ,date(ref.activatedon) ActivatedOn FROM main.pr ..."
4,"WITH cte AS (SELECT a.accountid, a.name AS accountname, ast.name AS accountstatus, a.accountstatusreasonnote, o.orderid, o.name AS ordername, ost.name AS orderstatus, osrt.name AS orderstatusreason, p.providerid, p.name AS providername FROM main.prod_homecare_actransactional_billing.account AS a LEFT JOIN main.prod_homecare_actransactional_billing.accountstatustype AS ast ON ast.accountstatustypeid = a.accountstatustypeid LEFT JOIN main.prod_homecare_actransactional_ordermanagement.order AS o ON o.accountid = a.accountid LEFT JOIN main.prod_homecare_actransactional_ordermanagement.orderstatust ...","select `AccountID`, `AccountName`, `AccountStatus`, `AccountStatusReasonNote`, `OrderID`, `OrderName`, `OrderStatus`, `OrderStatusReason`, `OrderSubStatus`, `orderstatusreasonnote`, `FirstActiveDate`, `LastActiveDate`, `ProviderID`, `ProviderName`, `OtherOrders`, `OnboardingOrders`, `ProviderOrderID ..."
4,"WITH cte AS (SELECT cph.providerid, p.name AS providername, cph.orderid, o.createdon AS ordercreatedate, LAST_DAY(cph.date) AS lastday, MIN(date) AS firstactivedate, MAX(date) AS lastactivedate, ost.name AS currentorderstatus, osrt.name AS currentorderstatusreasontype, u2.firstname AS hcam, u.firstname AS csm FROM prod_homecare_acreporting_reporting.cartproviderhistory AS cph LEFT JOIN prod_homecare_actransactional_ordermanagement.order AS o ON o.orderid = cph.orderid LEFT JOIN prod_homecare_actransactional_ordermanagement.orderstatustype AS ost ON ost.orderstatustypeid = o.orderstatustypeid L ...","select `ProviderID`, `ProviderName`, `OrderID`, `LastDay`, `FirstActiveDate`, `LastActiveDate`, `CurrentOrderStatus`, `CurrentOrderStatusReasonType`, `HCAM`, `CSM`, `providerorders`, `DaystoCancel`, `Attrition`, `Retention`, `rn`, `prepaid` from ( WITH CTE AS ( SELECT cph.ProviderID ,p.name Provider ..."
4,"WITH cte AS (SELECT DISTINCT p.accountid, CASE WHEN p.paymentstatustypeid = ? THEN p.amount ELSE -p.amount END AS amount, DATE_FORMAT(CASE WHEN p.forstatementid IS NULL THEN DATE_ADD(MONTH, ?, DATE_TRUNC('MONTH', p.createdon)) ELSE DATE_ADD(MONTH, -?, DATE_TRUNC('MONTH', p.createdon)) END, ?) AS paymentdate FROM prod_homecare_actransactional_billing.payment AS p), cte1 AS (SELECT accountid, ROW_NUMBER() OVER (PARTITION BY accountid, amount ORDER BY paymentdate ASC) AS rn, amount, paymentdate FROM cte) SELECT * FROM cte1 WHERE rn = ?","select * from ( WIth CTE1 AS( WITH CTE AS( Select distinct p.accountid ,case when p.paymentstatustypeid = 1 then p.amount else -p.amount end amount ,date_format(case when p.forstatementid is null then dateadd(Month, 0, date_trunc('Month', p.createdon)) else dateadd(Month, -1, date_trunc('Month', p.c ..."
4,"WITH cte AS (SELECT DISTINCT MIN(cph.date) AS date, LAST_DAY(cph.date) AS lastday, cph.providerid, psc.postalcode, CASE WHEN cph.orderid = ? THEN ? ELSE ? END AS ordertype FROM main.prod_homecare_acreporting_reporting.cartproviderhistory AS cph LEFT JOIN main.prod_homecare_actransactional_organization.providerservicecoverage AS psc ON psc.providerid = cph.providerid WHERE cph.date >= ? AND cph.orderstatusreason = ? AND LOWER(cph.providername) LIKE ? AND psc.deleted = ? GROUP BY ?, ?, ?, ?) SELECT hmcr.hmcrequestid, hmcr.hmcprospectid, TRIM(hmcr.postalcode) AS postalcode, ordertype, CAST(hmcr.c ...","select * from ( WITH CTE AS( SELECT DISTINCT min(cph.date) Date ,last_day(cph.date) LastDay ,cph.providerid ,psc.postalcode ,case when cph.orderid = 2774 then 'Corporate' else 'Individual' end OrderType FROM main.prod_homecare_acreporting_reporting.cartproviderhistory cph LEFT JOIN main.prod_homecar ..."
4,"WITH cte AS (SELECT o.id AS opportunityid, o.close_date, a.hmc_cart_provider_id_c AS providerid FROM main.community_salesforce.opportunity AS o JOIN main.community_salesforce.account AS a ON a.id = o.account_id WHERE o.is_won = TRUE AND o.close_date >= ?), ctea1 AS (SELECT cte.providerid, p.name AS providername, cph.orderid, cte.close_date, cph.date, cph.orderstatus, LAG(cph.orderstatus) OVER (PARTITION BY cte.providerid, cph.orderid ORDER BY cph.date) AS lag FROM cte LEFT JOIN main.prod_homecare_acreporting_reporting.cartproviderhistory AS cph ON cph.providerid = cte.providerid LEFT JOIN main ...","select * from ( WITH CTE5 AS( WITH CTE4 AS( WITH CTE3 AS( WITH CTE2 AS( WITH CTE1 AS( WITH CTE AS( Select o.id OpportunityID ,o.close_date ,a.hmc_cart_provider_id_c ProviderID FROM main.community_salesforce.opportunity o JOIN main.community_salesforce.account a on a.id = o.account_id WHERE o.is_won  ..."
4,"WITH cte AS (SELECT DISTINCT cph.providerid, cph.providername, CASE WHEN p.providerorganizationid IS NULL THEN ? ELSE ? END AS providertype, cph.orderid, CONCAT(cph.providerid, ?, cph.orderid) AS providerorder, o.createdon AS ordercreatedate, MIN(date) AS firstactivedate, MAX(date) AS lastactivedate, ost.name AS currentorderstatus, osrt.name AS currentorderstatusreasontype, u2.firstname AS hcam, u.firstname AS csm FROM prod_homecare_acreporting_reporting.cartproviderhistory AS cph LEFT JOIN prod_homecare_actransactional_ordermanagement.order AS o ON o.orderid = cph.orderid LEFT JOIN prod_homec ...","select `DaysActiveBucket`, `ProviderOrders`, `sort`, `ProviderType` from ( WITH CTE1 AS ( WITH CTE AS( SELECT distinct cph.ProviderID ,cph.ProviderName ,case when p.providerorganizationid IS NULL THEN 'Independent' ELSE 'Franchise' END AS ProviderType ,cph.OrderID ,concat(cph.providerid, ""-"", cph.or ..."
4,"WITH cte AS (SELECT DISTINCT hmcr.hmcrequestid, DATE_ADD(SECOND, -sr.secondsinprospect, sr.createdate) AS screeningstartdatetime, DATEDIFF(SECOND, hmcr.createdate, DATE_ADD(SECOND, -sr.secondsinprospect, sr.createdate)) AS firstscreeninglagseconds, CASE WHEN hmcr.affiliateid IN (?) THEN ? WHEN hmcr.affiliateid = ? THEN ? WHEN hmcr.affiliateid = ? THEN ? WHEN hmcr.affiliateid IN (?) THEN ? WHEN hmcr.affiliateid IN (?) THEN ? WHEN hmcr.url LIKE ? OR hmcr.url LIKE ? OR hmcr.url LIKE ? THEN ? WHEN hmcr.url LIKE ? OR hmcr.affiliateid = ? THEN ? WHEN hmcr.affiliateid IN (?) OR hmcr.url LIKE ? OR hmc ...","select * from ( WITH CTE (Select DISTINCT hmcr.hmcrequestid ,dateadd(second, -sr.SecondsInProspect, sr.createdate) ScreeningStartDateTime ,DATEDIFF(second, hmcr.createdate, DATEADD(second, -sr.SecondsInProspect, sr.createdate)) FirstScreeningLagSeconds ,CASE WHEN hmcr.affiliateID IN (98,100,101,102, ..."
4,"WITH cte AS (SELECT cph.providerid, cph.orderid, MIN(cph.date) AS firstactive, MAX(cph.date) AS lastactive FROM main.prod_homecare_acreporting_reporting.cartproviderhistory AS cph JOIN main.prod_homecare_actransactional_organization.provider AS p ON p.providerid = cph.providerid WHERE (cph.orderstatusreason = ? OR cph.orderstatus IN (?)) AND cph.contracttype = ? AND p.providerorganizationid IS NULL GROUP BY ?, ?), cte1 AS (SELECT cte.providerid, cte.orderid, cte.firstactive, cte.lastactive, DATEDIFF(DAY, cte.firstactive, cte.lastactive) AS daysactive, ost.name AS orderstatus, CASE WHEN o.prepa ...","select * from ( With CTE2 AS( WITH CTE1 AS( WITH CTE AS( Select cph.providerid ,cph.orderid ,min(cph.date) FirstActive ,max(cph.date) LastActive FROM main.prod_homecare_acreporting_reporting.cartproviderhistory cph JOIN main.prod_homecare_actransactional_organization.provider p on p.providerid = cph ..."
4,"SELECT DISTINCT r.referralid, r.leadid, l.hmcprospectid, hmcr.hmcrequestid, l.externalidentifier AS ygl_lead_id, r.providerid, r.billingtypeid, referralstatustypeid, referredon, CASE WHEN NOT r.activatedon IS NULL THEN ? ELSE ? END AS activations, CASE WHEN NOT hmcl.hottransferred IS NULL THEN ? ELSE ? END AS ht, CASE WHEN r.istopoff = ? THEN ? ELSE ? END AS topoffqueue, CASE WHEN r.addontypeid = ? THEN ? WHEN r.addontypeid = ? THEN ? WHEN r.addontypeid = ? THEN ? ELSE NULL END AS addontype, CASE WHEN r.addontypeid IN (?) THEN ? ELSE ? END AS addon, r.createdon, CAST(returnapproved AS INT), r. ...","select `ReferralID`, `LeadID`, `HMCProspectID`, `HMCRequestID`, `YGL_Lead_ID`, `ProviderID`, `BillingTypeID`, `ReferralStatusTypeID`, `ReferredOn`, `Activations`, `HT`, `TopOffQueue`, `AddOnType`, `AddOn`, `CreatedOn`, `ReturnApproved`, `HMCLeadID`, `OrderID`, `digitaljourney`, `PaceReferral`, `IsHo ..."
4,"SELECT dateid, date, dayofyear, dayofmonth, dayofweek, weekdayname, month, monthname, year, weekofyear, monthyearid FROM prod_homecare_acreporting_reporting.dimdate","select * from ( SELECT DateID ,Date ,DayOfYear ,DayOfMonth ,DayOfWeek ,WeekDayName ,Month ,MonthName ,Year ,WeekofYear ,MonthYearID FROM prod_homecare_acreporting_reporting.dimdate ) as `_` limit 0"
4,"SELECT * FROM (SELECT a.hmc_cart_provider_id_c AS providerid, a.id AS sf_accountid, u.name AS csm FROM main.community_salesforce.account AS a LEFT JOIN main.community_salesforce.user AS u ON u.id = a.hmc_csm_assignee_c WHERE NOT a.hmc_cart_provider_id_c IS NULL) AS _ WHERE ? = ?","select * from ( Select a.hmc_cart_provider_id_c ProviderID ,a.id SF_AccountID ,u.name CSM FROM main.community_salesforce.account a LEFT JOIN main.community_salesforce.user u on u.id = a.hmc_csm_assignee_c where a.hmc_cart_provider_id_c is not null ) as `_` where 0 = 1"
4,"WITH cte AS (SELECT ref.referralid, CASE WHEN ref.activatedon IS NULL THEN NULL ELSE ref.referralid END AS activation, ref.providerid, ref.orderid, CONCAT(ref.providerid, ?, ref.orderid) AS providerorderid, CASE WHEN ref.billingtypeid = ? THEN ? WHEN hcc.accountid = ? AND log.deliverystatustypeid IN (?) AND hcc.createdon >= ? AND hcc.ishottransfer = ? THEN ? WHEN hcc.accountid = ? AND hcc.amount < ? AND hcc.createdon >= ? AND hcc.ishottransfer = ? THEN hcc.amount WHEN hcc.accountid = ? AND hcc.amount > ? AND hcc.createdon >= ? AND hcc.ishottransfer = ? THEN hcc.amount WHEN hcc.accountid = ? AN ...","select `ProviderOrderID`, `Referrals`, `Activations` from ( WITH CTE AS( Select ref.referralid ,case when ref.activatedon is null then null else ref.referralid end Activation ,ref.providerID ,ref.orderid ,concat(ref.providerid, ""-"", ref.orderid) ProviderOrderID , CASE WHEN ref.BillingTypeID = 1 then ..."
4,"SELECT id, owner_id, name, account_id, stage_name, hmc_franchise_c, CAST(close_date AS DATE) AS closedate, CAST(created_date AS DATE) AS createddate FROM main.community_salesforce.opportunity WHERE created_date >= ?","select * from ( Select id ,owner_id ,Name ,account_id ,stage_name ,hmc_franchise_c ,date(close_date) CloseDate ,date(created_date) CreatedDate FROM main.community_salesforce.opportunity where created_date >= '2025' ) as `_` limit 0"
4,"WITH cte AS (SELECT cph.providerid, cph.orderid, MIN(cph.date) AS firstactive, MAX(cph.date) AS lastactive FROM main.prod_homecare_acreporting_reporting.cartproviderhistory AS cph JOIN main.prod_homecare_actransactional_organization.provider AS p ON p.providerid = cph.providerid WHERE (cph.orderstatusreason = ? OR cph.orderstatus IN (?)) AND cph.contracttype = ? AND p.providerorganizationid IS NULL GROUP BY ?, ?), cte1 AS (SELECT cte.providerid, cte.orderid, cte.firstactive, cte.lastactive, DATEDIFF(DAY, cte.firstactive, cte.lastactive) AS daysactive, ost.name AS orderstatus, CASE WHEN o.prepa ...","select `ProviderID`, `OrderID`, `FirstActive`, `LastActive`, `DaysActive`, `OrderStatus`, `OrderReason`, `OrderType`, `Referrals90`, `LifetimeReferrals`, `FreeLeads`, `lastfreelead`, `FirstActivation`, `HasActivation`, `datediff(lastfreelead, firstactive)`, `ProvOrderAge`, `Status` from ( WITH CTE1  ..."
4,"WITH cte AS (SELECT c.case_number AS casenumber, c.hmc_case_subject_c AS casesubject, c.created_date AS createddate, c.hmc_date_opened_c AS dateopened, c.hmc_date_resolved_c AS dateresolved, c.hmc_save_method_used_c AS savemethodused, c.account_id, CONCAT(u.first_name, ?, u.last_name) AS name, u.id AS userid, a.id AS accountid, a.name AS accoutname, a.hmc_cart_provider_id_c AS providerid, CONCAT(?, a.id, ?) AS accounturl FROM main.community_salesforce.case AS c LEFT JOIN main.community_salesforce.user AS u ON u.id = c.owner_id LEFT JOIN main.community_salesforce.account AS a ON a.id = c.accoun ...","select * from ( WITH CTE AS( Select c.case_number CaseNumber ,c.hmc_case_subject_c CaseSubject ,c.created_date CreatedDate ,c.hmc_date_opened_c DateOpened ,c.hmc_date_resolved_c DateResolved ,c.hmc_save_method_used_c SaveMethodUsed ,c.account_id ,concat(u.first_name,"" "",u.last_name) Name ,u.id UserI ..."
4,"WITH cte AS (SELECT DISTINCT hmcr.hmcrequestid, DATE_ADD(SECOND, -sr.secondsinprospect, sr.createdate) AS screeningstartdatetime, DATEDIFF(SECOND, hmcr.createdate, DATE_ADD(SECOND, -sr.secondsinprospect, sr.createdate)) AS firstscreeninglagseconds, CASE WHEN hmcr.affiliateid IN (?) THEN ? WHEN hmcr.affiliateid = ? THEN ? WHEN hmcr.affiliateid = ? THEN ? WHEN hmcr.affiliateid IN (?) THEN ? WHEN hmcr.affiliateid IN (?) THEN ? WHEN hmcr.url LIKE ? OR hmcr.url LIKE ? OR hmcr.url LIKE ? THEN ? WHEN hmcr.url LIKE ? OR hmcr.affiliateid = ? THEN ? WHEN hmcr.affiliateid IN (?) OR hmcr.url LIKE ? OR hmc ...","select `hmcrequestid`, `ScreeningStartDateTime`, `FirstScreeningLagSeconds`, `AdjChannel`, `requeststatusid`, `outcomeid`, `ScreeningDateTime`, `postalcode`, `RequestDateTime`, `systimezone`, `Adjust_CreateDate`, `DuringOperatingHours`, `RequestHour`, `ScreeningHour`, `RequestHalfHour`, `SecondstoFi ..."
3,"SELECT DISTINCT date, cph.providerid, cph.orderid, cph.monthlycap, cph.orderstatus, cph.orderstatusreason, DAY(date) FROM prod_homecare_acreporting_reporting.cartproviderhistory AS cph WHERE date >= ? AND orderstatus <> ? AND contracttype = ? ORDER BY date","select `Date`, `providerid`, `orderid`, `monthlycap`, `orderstatus`, `orderstatusreason`, `day(date)`, `providerid` as `C1`, `orderid` as `C2` from ( Select Distinct Date ,cph.providerid ,cph.orderid ,cph.monthlycap ,cph.orderstatus ,cph.orderstatusreason ,Day(date) FROM prod_homecare_acreporting_re ..."
3,"WITH cte AS (SELECT hmcr.hmcrequestid, ref.referralid, CAST(ref.referredon AS DATE) AS referraldate, CASE WHEN NOT ref.activatedon IS NULL THEN ? ELSE ? END AS cornerstone_activation, CONCAT(hmcr.firstname, ?, hmcr.lastname) AS name, hmcr.emailaddress, hpn.phonenumber, ref.providerid, hmcr.postalcode, CASE WHEN hmcr.djtypeid = ? THEN ? WHEN hmcr.djtypeid = ? THEN ? WHEN hmcr.djtypeid = ? THEN ? WHEN hmcr.djtypeid = ? THEN ? WHEN hmcr.djtypeid = ? THEN ? WHEN hmcr.djtypeid = ? THEN ? END AS djtype, CASE WHEN NOT ref.digitaljourney IS NULL THEN ? ELSE ? END AS djreferral FROM main.prod_homecare_ ...","select * from ( WITH CTE AS( Select hmcr.hmcrequestid ,ref.referralid ,date(ref.referredon) ReferralDate ,CASE When ref.activatedon is not null then ""Yes"" else ""No"" end Cornerstone_Activation ,concat(hmcr.firstname, "" "", hmcr.lastname) Name ,hmcr.emailaddress ,hpn.phonenumber ,ref.providerid ,hmcr.p ..."
3,"WITH cte AS (SELECT r.region_id AS regionid, r.region_name AS regionname, zr.zip5 FROM main.prod_ygl_apfm.zip_region AS zr JOIN main.prod_ygl_apfm.region AS r ON r.region_id = zr.region_id JOIN main.prod_ygl_apfm.region_use AS ru ON ru.region_id = zr.region_id AND ru.region_type_code = zr.region_type_code WHERE ru.region_type_code = ? AND r.region_name = ? AND r.active = ? AND zr._fivetran_deleted = FALSE AND r._fivetran_deleted = FALSE AND ru._fivetran_deleted = FALSE ORDER BY r.region_id, zr.zip5), cted AS (SELECT dateid, date, dayofyear, dayofmonth, dayofweek, weekdayname, month, monthname, ...","select `RequestCreatedate`, `hmcrequestid`, `Referredby`, `affiliateid`, `leadsource`, `referralid`, `requeststatusid`, `ReturnStatus`, `ProviderOrders`, `ReferralDate`, `TimeFrame`, `AdjChannel`, `DaystoActivation`, `Activation`, `ActivationDate`, `htrreferral`, `PilotGroup`, `DayofWeekNumberMonth` ..."
3,"WITH cte AS (SELECT DISTINCT o.accountid, a.name AS accountname, o.orderid, o.name AS ordername, ot.name AS orderstatus, ost.name AS orderstatusreason, o.createdon AS ordercreatedate, u.firstname AS hcam, o.prepaidautorenew, o.prepaidtotal FROM prod_homecare_actransactional_ordermanagement.order AS o LEFT JOIN prod_homecare_actransactional_billing.account AS a ON a.accountid = o.accountid LEFT JOIN prod_homecare_actransactional_ordermanagement.orderstatusreasontype AS ost ON ost.orderstatusreasontypeid = o.orderstatusreasontypeid LEFT JOIN prod_homecare_actransactional_ordermanagement.ordersta ...","select * from ( WITH CTE1 AS ( WITH CTE AS ( Select DISTINCT o.AccountID ,a.name AccountName ,o.OrderID ,o.name OrderName ,ot.NAme OrderStatus ,ost.Name OrderStatusReason ,o.createdon OrderCreateDate ,u.firstname HCAM ,o.prepaidautorenew ,o.prepaidtotal FROM prod_homecare_actransactional_ordermanage ..."
3,"WITH cte AS (SELECT DISTINCT referralid, providerid, homecarereferralid, r.firstname, r.lastname, r.emailaddress, phone, carerecipientfirstname, carerecipientlastname, r.whyiscareneeded, r.postalcode, u.firstname AS careadvisor, req.requestdatetime, hmcp.hmcprospectid, referraldate, referralstatustypeid, clientapproval, CASE WHEN hmcr.affiliateid = ? THEN ? WHEN hmcr.affiliateid = ? THEN ? WHEN hmcr.affiliateid IN (?) THEN ? WHEN hmcr.affiliateid = ? THEN ? WHEN hmcr.affiliateid = ? THEN ? WHEN hmcr.affiliateid IN (?) THEN ? WHEN hmcr.affiliateid IN (?) THEN ? WHEN hmcr.url LIKE ? OR hmcr.url  ...","select * from ( WITH CTE AS ( SELECT DISTINCT ReferralID ,ProviderID ,HomeCareReferralID ,r.FirstName ,r.LastName ,r.EmailAddress ,Phone ,CareRecipientFirstName ,CareRecipientLastName ,r.WhyIsCareNeeded ,r.PostalCode ,u.FirstName AS CareAdvisor ,req.RequestDateTime ,hmcp.HMCProspectID ,ReferralDate  ..."
3,"WITH cte AS (SELECT r.region_id AS regionid, r.region_name AS regionname, zr.zip5 FROM main.prod_ygl_apfm.zip_region AS zr JOIN main.prod_ygl_apfm.region AS r ON r.region_id = zr.region_id JOIN main.prod_ygl_apfm.region_use AS ru ON ru.region_id = zr.region_id AND ru.region_type_code = zr.region_type_code WHERE ru.region_type_code = ? AND r.region_name = ? AND r.active = ? AND zr._fivetran_deleted = FALSE AND r._fivetran_deleted = FALSE AND ru._fivetran_deleted = FALSE ORDER BY r.region_id, zr.zip5) SELECT * FROM (SELECT CAST(hmcr.createdate AS DATE) AS requestcreatedate, hmcr.hmcrequestid, CA ...","select * from ( WITH CTE AS( SELECT r.region_id AS regionId, r.region_name AS regionName, zr.zip5 FROM main.prod_ygl_apfm.zip_region AS zr JOIN main.prod_ygl_apfm.region AS r ON r.region_id = zr.region_id JOIN main.prod_ygl_apfm.region_use ru ON ru.region_id = zr.region_id AND ru.region_type_code =  ..."
3,"SELECT DISTINCT c.firstname, c.lastname, c.email, po.name AS organization FROM prod_homecare_actransactional_organization.providercontact AS pc LEFT JOIN prod_homecare_actransactional_organization.contact AS c ON c.contactid = pc.contactid LEFT JOIN prod_homecare_actransactional_organization.provider AS p ON p.providerid = pc.providerid LEFT JOIN prod_homecare_actransactional_organization.providerorganization AS po ON p.providerorganizationid = po.providerorganizationid LEFT JOIN prod_homecare_actransactional_organization.providercontactcontacttype AS pcct ON pcct.providercontactid = pc.provid ...","select `FirstName`, `LastName`, `Email`, `Organization` from ( SELECT DISTINCT --p.p.Name AS 'Provider p.Name', c.FirstName ,c.LastName ,c.Email -- ,p.ProviderID ,po.name Organization FROM prod_homecare_actransactional_organization.providercontact pc LEFT JOIN prod_homecare_actransactional_organizat ..."
3,"SELECT * FROM (SELECT ref.referralid, ref.providerid, htr.hottransferresponseid, hr.name AS hottransferresponse, CAST(hottransferredon AS DATE) AS hottransferredon FROM main.prod_homecare_actransactional_homecare.referral AS ref LEFT JOIN main.prod_homecare_actransactional_organization.provider AS p ON p.providerid = ref.providerid LEFT JOIN main.prod_homecare_actransactional_homecare.hottransferresult AS htr ON htr.referralid = ref.referralid LEFT JOIN main.prod_homecare_actransactional_homecare.hottransferresponse AS hr ON hr.hottransferresponseid = htr.hottransferresponseid WHERE p.provider ...","select * from ( Select ref.referralid ,ref.providerid ,htr.hottransferresponseid ,hr.name HotTransferResponse ,date(hottransferredon) HotTransferredOn FROM main.prod_homecare_actransactional_homecare.referral ref LEFT JOIN main.prod_homecare_actransactional_organization.provider p on p.providerid =  ..."
3,"WITH cte AS (SELECT o.id AS opportunityid, o.close_date, a.hmc_cart_provider_id_c AS providerid FROM main.community_salesforce.opportunity AS o JOIN main.community_salesforce.account AS a ON a.id = o.account_id WHERE o.is_won = TRUE AND o.close_date >= ?), ctea1 AS (SELECT cte.providerid, p.name AS providername, cph.orderid, cte.close_date, cph.date, cph.orderstatus, LAG(cph.orderstatus) OVER (PARTITION BY cte.providerid, cph.orderid ORDER BY cph.date) AS lag FROM cte LEFT JOIN main.prod_homecare_acreporting_reporting.cartproviderhistory AS cph ON cph.providerid = cte.providerid LEFT JOIN main ...","select `ProviderID`, `ProviderName`, `OrderID`, `ProviderOrderID`, `OrderStatus`, `OrderStatusReason`, `Close_Date`, `FirstActiveDate`, `OrderRemoval`, `LastActiveDate`, `DaysActive`, `Status`, `FirstActivation`, `HasActivation`, `FirstCaseDate`, `ProviderOrder_Age`, `DaystoActivation`, `ordernumber ..."
3,"WITH cte AS (SELECT o.id AS opportunityid, o.close_date, a.hmc_cart_provider_id_c AS providerid FROM main.community_salesforce.opportunity AS o JOIN main.community_salesforce.account AS a ON a.id = o.account_id WHERE o.is_won = TRUE AND o.close_date >= ?), ctea1 AS (SELECT cte.providerid, p.name AS providername, cph.orderid, cte.close_date, cph.date, cph.orderstatus, LAG(cph.orderstatus) OVER (PARTITION BY cte.providerid, cph.orderid ORDER BY cph.date) AS lag FROM cte LEFT JOIN main.prod_homecare_acreporting_reporting.cartproviderhistory AS cph ON cph.providerid = cte.providerid LEFT JOIN main ...","select `ProviderID`, `ProviderName`, `OrderID`, `ProviderOrderID`, `OrderStatus`, `OrderStatusReason`, `Close_Date`, `FirstActiveDate`, `LastActiveDate`, `DaysActive`, `Status`, `FirstActivation`, `HasActivation`, `FirstCaseDate`, `ProviderOrder_Age` from ( WITH CTE3 AS( WITH CTE2 AS( WITH CTE1 AS(  ..."
3,"SELECT p.accountid, p.amount, MAX(DATE_FORMAT(CASE WHEN NOT p.forstatementid IS NULL THEN DATE_ADD(MONTH, -?, DATE_TRUNC('MONTH', p.createdon)) ELSE p.createdon END, ?)) AS paymentdate, MAX(p.createdon) FROM prod_homecare_actransactional_billing.payment AS p WHERE p.paymentstatustypeid IN (?) GROUP BY ?, ?","select * from ( Select p.accountid ,p.amount ,max(date_format(case when p.forstatementid is not null then dateadd(Month, -1, date_trunc('Month', p.createdon)) else p.createdon end, 'yyyyMM')) PaymentDate ,max(p.createdon) FROM prod_homecare_actransactional_billing.payment p where p.paymentstatustype ..."
3,"SELECT referralnoteid, referralprocessstageid, rn.createdon, rn.referralid, r.providerid, p.name AS providername, CASE WHEN ref.referredon <= ? THEN LEFT(rn.notes, LOCATE(?, rn.notes)) ELSE rprt.name END AS returnreason, RIGHT(rn.notes, LENGTH(rn.notes) - LOCATE(?, rn.notes)) AS returnnote, u.firstname, po.name AS orgname, r.digitaljourney FROM main.prod_homecare_actransactional_homecare.referral AS ref LEFT JOIN prod_homecare_actransactional_homecare.referralnote AS rn ON ref.referralid = rn.referralid LEFT JOIN main.prod_homecare_actransactional_homecare.referralreturnrequest AS rr ON rr.ref ...","select * from ( SELECT ReferralNoteID ,ReferralProcessStageID ,rn.CreatedOn ,rn.ReferralID ,r.ProviderID ,p.name ProviderName ,CASE WHEN ref.referredon <= '2025-06-23' then LEFT(rn.Notes,CHARINDEX(' -',rn.Notes)) else rprt.name end ReturnReason ,RIGHT(rn.Notes,LEN(rn.Notes) - CHARINDEX('- ',rn.Notes ..."
3,"WITH cte AS (SELECT o.id AS opportunityid, o.close_date, a.hmc_cart_provider_id_c AS providerid FROM main.community_salesforce.opportunity AS o JOIN main.community_salesforce.account AS a ON a.id = o.account_id WHERE o.close_date >= ?), ctec AS (SELECT cte.providerid, p.name AS providername, cph.orderid, cte.close_date, MIN(date) AS firstactivedate, MAX(date) AS lastactivedate FROM cte LEFT JOIN main.prod_homecare_acreporting_reporting.cartproviderhistory AS cph ON cph.providerid = cte.providerid LEFT JOIN main.prod_homecare_actransactional_organization.provider AS p ON p.providerid = cte.prov ...","select `ProviderID`, `ProviderName`, `OrderID`, `ProviderOrderID`, `OrderStatus`, `OrderStatusReason`, `Close_Date`, `FirstActiveDate`, `LastActiveDate`, `DaysActive`, `Status`, `FirstActivation`, `HasActivation` from ( WITH CTE2 AS( WITH CTE1 AS( WITH CTE AS( Select o.id OpportunityID ,o.close_date ..."
3,"WITH cte AS (SELECT YEAR(date), MONTH(date), orderid, cph.providerid, MAX(date) AS lastday, MAX(CASE WHEN monthlycap IS NULL THEN ? ELSE ? END) AS unlimitedcap, MAX(CASE WHEN monthlycap IS NULL AND NOT monthlysent IS NULL THEN monthlysent WHEN monthlycap IS NULL AND monthlysent IS NULL THEN ? ELSE monthlycap END) AS monthlycap FROM prod_homecare_acreporting_reporting.cartproviderhistory AS cph LEFT JOIN prod_homecare_actransactional_organization.provider AS p ON p.providerid = cph.providerid LEFT JOIN prod_homecare_actransactional_organization.providerorganization AS org ON org.providerorganiz ...","select `year(Date)`, `month(Date)`, `OrderID`, `ProviderID`, `LastDay`, `UnlimitedCap`, `MonthlyCap` from ( WITH CTE AS ( SELECT YEAR(Date), MONTH(Date), OrderID, cph.ProviderID, MAX(Date) AS LastDay, MAX(CASE WHEN monthlycap is null then 'Yes' ELSE 'No' END) UnlimitedCap, MAX(CASE WHEN monthlycap I ..."
3,"SELECT DISTINCT req.hmcrequestid, referralid, CASE WHEN returnapproved = TRUE THEN ? ELSE ? END AS return, CAST(modifiedon AS DATE) AS modifiedon, req.createdate, ref.createdon FROM prod_homecare_actransactional_homecare.referral AS ref LEFT JOIN prod_homecare_insite_directory.hmclead AS l ON l.hmcleadid = ref.hmcleadid LEFT JOIN prod_homecare_insite_directory.hmcrequest AS req ON l.hmcrequestid = req.hmcrequestid WHERE (billingtypeid = ? AND NOT ref.hmcleadid IS NULL) AND ref.createdon > ? ORDER BY ref.hmcleadid","select * from ( SELECT DISTINCT req.HMCRequestID ,ReferralID --,ReferralStatusTypeID --,Returnapproved ,case when returnapproved = true then 1 else 0 end return ,CAST(ModifiedOn as date) ModifiedOn ,req.createdate ,ref.CreatedOn -- ,ref.HMCLeadID -- ,OrderID FROM prod_homecare_actransactional_homeca ..."
3,"SELECT ref.referralid, ref.providerid, htr.hottransferresponseid, hr.name AS hottransferresponse, CAST(hottransferredon AS DATE) AS hottransferredon FROM main.prod_homecare_actransactional_homecare.referral AS ref LEFT JOIN main.prod_homecare_actransactional_organization.provider AS p ON p.providerid = ref.providerid LEFT JOIN main.prod_homecare_actransactional_homecare.hottransferresult AS htr ON htr.referralid = ref.referralid LEFT JOIN main.prod_homecare_actransactional_homecare.hottransferresponse AS hr ON hr.hottransferresponseid = htr.hottransferresponseid WHERE p.providerorganizationid  ...","select `referralid`, `providerid`, `hottransferresponseid`, `HotTransferResponse`, `HotTransferredOn` from ( Select ref.referralid ,ref.providerid ,htr.hottransferresponseid ,hr.name HotTransferResponse ,date(hottransferredon) HotTransferredOn FROM main.prod_homecare_actransactional_homecare.referra ..."
3,"WITH cte AS (SELECT o.id AS opportunityid, o.close_date, a.hmc_cart_provider_id_c AS providerid FROM main.community_salesforce.opportunity AS o JOIN main.community_salesforce.account AS a ON a.id = o.account_id WHERE o.is_won = TRUE AND o.close_date >= ?), ctec AS (SELECT cte.providerid, p.name AS providername, cph.orderid, cte.close_date, MIN(date) AS firstactivedate, MAX(date) AS lastactivedate FROM cte LEFT JOIN main.prod_homecare_acreporting_reporting.cartproviderhistory AS cph ON cph.providerid = cte.providerid LEFT JOIN main.prod_homecare_actransactional_organization.provider AS p ON p.p ...","select `ProviderID`, `ProviderName`, `OrderID`, `ProviderOrderID`, `OrderStatus`, `OrderStatusReason`, `Close_Date`, `FirstActiveDate`, `LastActiveDate`, `DaysActive`, `Status`, `FirstActivation`, `HasActivation` from ( WITH CTE2 AS( WITH CTE1 AS( WITH CTE AS( Select o.id OpportunityID ,o.close_date ..."
3,"WITH cte AS (SELECT hmcr.hmcrequestid, hmcr.hmcprospectid, hmcpd.disqualifier AS disqualifier2, hmcp.disqualifierreason, hmcr.affiliateid FROM prod_homecare_insite_directory.hmcrequest AS hmcr LEFT JOIN prod_homecare_insite_directory.hmcprospect AS hmcp ON hmcp.hmcprospectid = hmcr.hmcprospectid LEFT JOIN prod_homecare_insite_directory.hmcprospectdisqualifier AS hmcpd ON hmcpd.hmcprospectdisqualifierid = hmcp.disqualifier), cte1 AS (SELECT hmcrequestid, hmcprospectid AS hmcprospectid2, disqualifier2, disqualifierreason, affiliateid AS affiliateid2 FROM cte WHERE affiliateid IN (?)), ctea AS (S ...","select * from ( WITH CTE2 AS( WITH CTEB AS( WITH CTEA AS ( WITH CTE1 AS ( WITH CTE AS ( Select hmcr.HMCRequestID ,hmcr.HMCProspectID ,hmcpd.disqualifier Disqualifier2 ,hmcp.disqualifierreason ,hmcr.affiliateid FROM prod_homecare_insite_directory.hmcrequest hmcr LEFT JOIN prod_homecare_insite_directo ..."
3,"WITH cte AS (SELECT hmcr.hmcrequestid, ref.referralid, CAST(ref.referredon AS DATE) AS referraldate, CASE WHEN NOT ref.activatedon IS NULL THEN ? ELSE ? END AS cornerstone_activation, CONCAT(hmcr.firstname, ?, hmcr.lastname) AS name, hmcr.emailaddress, hpn.phonenumber, ref.providerid, hmcr.postalcode, CASE WHEN hmcr.djtypeid = ? THEN ? WHEN hmcr.djtypeid = ? THEN ? WHEN hmcr.djtypeid = ? THEN ? WHEN hmcr.djtypeid = ? THEN ? WHEN hmcr.djtypeid = ? THEN ? WHEN hmcr.djtypeid = ? THEN ? END AS djtype, CASE WHEN NOT ref.digitaljourney IS NULL THEN ? ELSE ? END AS djreferral FROM main.prod_homecare_ ...","select `Name`, `emailaddress`, `phonenumber`, `postalcode`, `djtype`, `djreferral`, `referralid`, `providerid`, `referraldate`, `hmcrequestid`, `Providers_Referred`, `ActivatedOn`, `Cornerstone_Activation`, `AnyActivation`, `Cornerstone_HotTransfer`, `Any_HotTransfer` from ( WITH CTE AS( Select hmcr ..."
3,"WITH cte AS (SELECT r.region_id AS regionid, r.region_name AS regionname, zr.zip5 FROM main.prod_ygl_apfm.zip_region AS zr JOIN main.prod_ygl_apfm.region AS r ON r.region_id = zr.region_id JOIN main.prod_ygl_apfm.region_use AS ru ON ru.region_id = zr.region_id AND ru.region_type_code = zr.region_type_code WHERE ru.region_type_code = ? AND r.region_name = ? AND r.active = ? AND zr._fivetran_deleted = FALSE AND r._fivetran_deleted = FALSE AND ru._fivetran_deleted = FALSE ORDER BY r.region_id, zr.zip5) SELECT CAST(hmcr.createdate AS DATE) AS requestcreatedate, hmcr.hmcrequestid, CASE WHEN hmcr.dj ...","select `RequestCreatedate`, `hmcrequestid`, `Referredby`, `referralid`, `ReturnStatus`, `ProviderOrders`, `ReferralDate`, `Activation`, `ActivationDate`, `PilotGroup` from ( WITH CTE AS( SELECT r.region_id AS regionId, r.region_name AS regionName, zr.zip5 FROM main.prod_ygl_apfm.zip_region AS zr JOI ..."
2,"WITH cte AS (SELECT cph.providerid, p.name AS providername, cph.orderid, o.createdon AS ordercreatedate, MIN(date) AS firstactivedate, MAX(date) AS lastactivedate, ost.name AS currentorderstatus, osrt.name AS currentorderstatusreasontype, u2.firstname AS hcam, u.firstname AS csm FROM prod_homecare_acreporting_reporting.cartproviderhistory AS cph LEFT JOIN prod_homecare_actransactional_ordermanagement.order AS o ON o.orderid = cph.orderid LEFT JOIN prod_homecare_actransactional_ordermanagement.orderstatustype AS ost ON ost.orderstatustypeid = o.orderstatustypeid LEFT JOIN prod_homecare_actransa ...","select * from ( WITH CTE AS ( SELECT cph.ProviderID ,p.name ProviderName ,cph.OrderID ,o.createdon AS OrderCreateDate ,MIN(Date) AS FirstActiveDate ,Max(date) AS LastActiveDate ,ost.name As CurrentOrderStatus ,osrt.name As CurrentOrderStatusReasonType ,u2.FirstName AS HCAM ,u.FirstName AS CSM FROM p ..."
2,"WITH cte AS (SELECT DISTINCT p.accountid, CASE WHEN p.paymentstatustypeid = ? THEN p.amount ELSE -p.amount END AS amount, DATE_FORMAT(CASE WHEN p.forstatementid IS NULL THEN DATE_ADD(MONTH, ?, DATE_TRUNC('MONTH', p.createdon)) ELSE DATE_ADD(MONTH, -?, DATE_TRUNC('MONTH', p.createdon)) END, ?) AS paymentdate FROM prod_homecare_actransactional_billing.payment AS p WHERE accountid = ?), cte1 AS (SELECT accountid, ROW_NUMBER() OVER (PARTITION BY accountid, amount ORDER BY paymentdate ASC) AS rn, amount, paymentdate FROM cte) SELECT * FROM cte1 WHERE rn = ?","select `accountid`, `Rn`, `amount`, `PaymentDate` from ( WIth CTE1 AS( WITH CTE AS( Select distinct p.accountid ,case when p.paymentstatustypeid = 1 then p.amount else -p.amount end amount ,date_format(case when p.forstatementid is null then dateadd(Month, 0, date_trunc('Month', p.createdon)) else d ..."
2,"WITH cte AS (SELECT o.id AS opportunityid, o.close_date, a.hmc_cart_provider_id_c AS providerid FROM main.community_salesforce.opportunity AS o JOIN main.community_salesforce.account AS a ON a.id = o.account_id WHERE o.close_date >= ? AND a.hmc_cart_provider_id_c = ?), ctea1 AS (SELECT cte.providerid, p.name AS providername, cph.orderid, cte.close_date, cph.date, cph.orderstatus, LAG(cph.orderstatus) OVER (PARTITION BY cte.providerid, cph.orderid ORDER BY cph.date) AS lag FROM cte LEFT JOIN main.prod_homecare_acreporting_reporting.cartproviderhistory AS cph ON cph.providerid = cte.providerid L ...","select * from ( WITH CTE3 AS( WITH CTE2 AS( WITH CTE1 AS( WITH CTE AS( Select o.id OpportunityID ,o.close_date ,a.hmc_cart_provider_id_c ProviderID FROM main.community_salesforce.opportunity o JOIN main.community_salesforce.account a on a.id = o.account_id WHERE --o.is_won = true o.close_date >= '20 ..."
2,"SELECT hmcr.hmcrequestid, hmcr.requeststatusid, CASE WHEN hmcp.disqualifier IS NULL THEN ? ELSE ? END AS disqualifier, hmcr.createdate, CASE WHEN hmcp.hmcwhencareneededid = ? THEN ? WHEN hmcp.hmcwhencareneededid = ? THEN ? WHEN hmcp.hmcwhencareneededid = ? THEN ? WHEN hmcp.hmcwhencareneededid = ? THEN ? WHEN hmcp.hmcwhencareneededid = ? THEN ? WHEN hmcp.hmcwhencareneededid = ? THEN ? ELSE NULL END AS whencareneeded, CASE WHEN hmcp.hmcwhencareneededid IN (?) THEN ? ELSE ? END AS lessthan30days, CASE WHEN NOT hmcl.hottransferred IS NULL THEN ? ELSE ? END AS ht, ref.referralid, ref.referredon, re ...","select `hmcrequestid`, `requeststatusid`, `Disqualifier`, `createdate`, `WhenCareNeeded`, `LessThan30Days`, `HT`, `ReferralID`, `ReferredOn`, `billingtypeid`, `providerid`, `IsHotTransfer`, `ProviderName`, `Org`, `activatedon`, `ToActivation`, `returnapproved`, `Year` from ( Select hmcr.hmcrequestid ..."
2,"SELECT *, DATE_FORMAT(date, ?) AS monthyear FROM prod_homecare_acreporting_reporting.dimdate WHERE date >= DATE_ADD(YEAR, -?, DATE_TRUNC('YEAR', CURRENT_TIMESTAMP())) AND date < DATE_ADD(YEAR, ?, DATE_TRUNC('YEAR', CURRENT_TIMESTAMP()))","select * from ( Select *, date_format(date,'MM-yyyy') MonthYear from prod_homecare_acreporting_reporting.dimdate where date >= dateadd(Year,-1, date_trunc('Year', getdate())) and date < dateadd(year, 1, date_trunc('Year', getdate())) ) as `_` limit 0"
2,"WITH cte AS (SELECT cph.providerid, cph.orderid, MIN(cph.date) AS firstactive, MAX(cph.date) AS lastactive FROM main.prod_homecare_acreporting_reporting.cartproviderhistory AS cph JOIN main.prod_homecare_actransactional_organization.provider AS p ON p.providerid = cph.providerid WHERE (cph.orderstatusreason = ? OR cph.orderstatus IN (?)) AND cph.contracttype = ? AND p.providerorganizationid IS NULL GROUP BY ?, ?), cte1 AS (SELECT cte.providerid, cte.orderid, cte.firstactive, cte.lastactive, DATEDIFF(DAY, cte.firstactive, cte.lastactive) AS daysactive, ost.name AS orderstatus, CASE WHEN o.prepa ...","select `ProviderID`, `OrderID`, `FirstActive`, `LastActive`, `DaysActive`, `OrderStatus`, `OrderReason`, `OrderType`, `Referrals90`, `LifetimeReferrals`, `FreeLeads`, `lastfreelead`, `FirstActivation`, `ProviderOrderID`, `HasActivation`, `datediff(lastfreelead, firstactive)`, `ProvOrderAge`, `Status ..."
2,"WITH cte AS (SELECT CASE WHEN hmcr.affiliateid = ? THEN ? WHEN hmcr.affiliateid IN (?) THEN ? WHEN hmcr.affiliateid = ? THEN ? WHEN hmcr.affiliateid = ? THEN ? WHEN hmcr.affiliateid IN (?) THEN ? WHEN hmcr.affiliateid IN (?) THEN ? WHEN hmcr.url LIKE ? OR hmcr.url LIKE ? OR hmcr.url LIKE ? THEN ? WHEN hmcr.url LIKE ? OR hmcr.affiliateid = ? THEN ? WHEN hmcr.affiliateid IN (?) OR hmcr.url LIKE ? OR hmcr.url LIKE ? THEN ? WHEN hmcr.affiliateid = ? THEN ? WHEN hmcr.url IS NULL AND hmcr.affiliateid = ? THEN ? WHEN hmcr.url IS NULL AND hmcr.affiliateid IN (?) THEN ? ELSE ? END AS adjchannel, ref.re ...","select * from ( WITH CTE AS ( Select CASE WHEN hmcr.affiliateid = 72 THEN 'APFM' WHEN hmcr.affiliateID IN (98,100,101,102,103,104,105,109,110,123,124,125,126,127,128,129,130,131,132,134) THEN 'SEM' WHEN hmcr.affiliateID = 87 THEN 'SEO' WHEN hmcr.affiliateID = 92 THEN 'SEO' WHEN hmcr.affiliateID IN ( ..."
2,"SELECT DISTINCT p.providerid, p.name, po.name AS organization, p.orgid, cph.orderid, CASE WHEN NOT cph.orderid IS NULL AND cph.monthlycap IS NULL THEN ? ELSE cph.monthlycap END AS monthlycap FROM prod_homecare_actransactional_organization.provider AS p LEFT JOIN prod_homecare_actransactional_organization.providerorganization AS po ON po.providerorganizationid = p.providerorganizationid LEFT JOIN prod_homecare_actransactional_homecare.referral AS r ON p.providerid = r.providerid LEFT JOIN main.prod_homecare_acreporting_reporting.cartproviderhistory AS cph ON cph.providerid = p.providerid WHERE  ...","select `providerid`, `name`, `Organization`, `orgid`, `orderid`, `MonthlyCap` from ( select distinct p.providerid ,p.name ,po.name as Organization ,p.orgid ,cph.orderid ,case when cph.orderid is not null and cph.monthlycap is null then 'Unlimited' else cph.monthlycap end as MonthlyCap from prod_home ..."
2,"SELECT DISTINCT cph.date, COUNT(DISTINCT CONCAT(cph.providerid, ?, cph.orderid)) AS providerorders, COUNT(cph.providerid) AS providers, COUNT(cph.orderid) AS orders FROM main.prod_homecare_acreporting_reporting.cartproviderhistory AS cph WHERE date >= ? AND contracttype = ? AND (cph.orderstatus IN (?) OR cph.orderstatusreason = ?) GROUP BY ?","select * from ( Select distinct cph.date ,count(distinct concat(cph.providerid, '-',cph.orderid)) ProviderOrders ,count(cph.providerid) Providers ,count(cph.orderid) Orders FROM main.prod_homecare_acreporting_reporting.cartproviderhistory cph WHERE date >= '2024' and contracttype = 'CPL' and (cph.or ..."
2,"WITH cte AS (SELECT o.id AS opportunityid, o.close_date, a.hmc_cart_provider_id_c AS providerid FROM main.community_salesforce.opportunity AS o JOIN main.community_salesforce.account AS a ON a.id = o.account_id WHERE o.close_date >= ? AND a.hmc_cart_provider_id_c = ?), ctea1 AS (SELECT cte.providerid, p.name AS providername, cph.orderid, cte.close_date, cph.date, cph.orderstatus, LAG(cph.orderstatus) OVER (PARTITION BY cte.providerid, cph.orderid ORDER BY cph.date) AS lag FROM cte LEFT JOIN main.prod_homecare_acreporting_reporting.cartproviderhistory AS cph ON cph.providerid = cte.providerid L ...","select `ProviderID`, `ProviderName`, `OrderID`, `ProviderOrderID`, `OrderStatus`, `OrderStatusReason`, `Close_Date`, `FirstActiveDate`, `LastActiveDate`, `DaysActive`, `Status`, `FirstActivation`, `HasActivation`, `FirstCaseDate` from ( WITH CTE3 AS( WITH CTE2 AS( WITH CTE1 AS( WITH CTE AS( Select o ..."
2,"WITH cte AS (SELECT DISTINCT cph.date, cph.orderid, cph.monthlycap, CASE WHEN cph.orderid = ? THEN ? WHEN cph.orderid = ? THEN ? WHEN cph.monthlycap IS NULL AND NOT cph.monthlysent IS NULL THEN (? * cph.monthlysent) WHEN cph.monthlycap IS NULL THEN ? WHEN cph.monthlycap >= ? AND cph.monthlycap < (? * cph.monthlysent) THEN ? * cph.monthlysent WHEN cph.monthlycap >= ? AND (cph.monthlycap >= (? * cph.monthlysent) OR cph.monthlysent IS NULL) THEN ? ELSE cph.monthlycap END AS cap, CASE WHEN p.providerorganizationid IS NULL THEN ? ELSE ? END AS org, cph.monthlysent FROM main.prod_homecare_acreportin ...","select `Date`, `Adjust_MonthlyCap`, `Orders` from ( WITH CTE AS ( Select Distinct cph.date ,cph.orderid ,cph.monthlycap ,case WHEN cph.orderid = 3265 then 2500 WHEN cph.orderid = 2774 then 8000 when cph.monthlycap is null and cph.monthlysent is not null then (2*cph.monthlysent) WHEN cph.monthlycap i ..."
2,"WITH cte AS (SELECT DISTINCT hmcr.hmcrequestid, hmcr.hmcprospectid, postalcode, CASE WHEN hmcr.customflow = ? THEN ? ELSE ? END AS funnel, hmcr.createdate, hmcr.requeststatusid, hmcr.requeststatuscode, CASE WHEN hmcr.affiliateid = ? THEN ? WHEN hmcr.affiliateid = ? THEN ? WHEN hmcr.affiliateid IN (?) THEN ? WHEN hmcr.affiliateid = ? THEN ? WHEN hmcr.affiliateid = ? THEN ? WHEN hmcr.affiliateid IN (?) THEN ? WHEN hmcr.affiliateid IN (?) THEN ? WHEN hmcr.url LIKE ? OR hmcr.url LIKE ? OR hmcr.url LIKE ? THEN ? WHEN hmcr.url LIKE ? OR hmcr.affiliateid = ? THEN ? WHEN hmcr.affiliateid IN (?) OR hmc ...","select `SLRl`, `hmcrequestid`, `Funnel`, `createdate`, `RequestStatusId`, `AdjChannel`, `ScreeningDate`, `userid`, `outcomeid`, `ISDJ`, `DJStep`, `DJType`, `APFMMisattribute`, `srn`, `SourceP` from ( WITH CTE2 AS ( WITH CTE1 AS ( WITH CTE AS ( SELECT distinct hmcr.hmcrequestid ,hmcr.hmcprospectid ,p ..."
2,"WITH cte AS (SELECT DISTINCT ref.referralid, ref.providerid, ref.referredon, CONCAT(ref.orderid, ?, ref.providerid) AS providerorder, ref.orderid, op.createdon, DATEDIFF(DAY, o.createdon, CURRENT_TIMESTAMP()) AS orderage, DATEDIFF(DAY, o.createdon, ref.referredon) AS referralage, p.name AS providername, CASE WHEN p.providerorganizationid IS NULL THEN ? ELSE ? END AS org, CASE WHEN ref.returnapproved = TRUE THEN ? ELSE ? END AS returnapproved, CASE WHEN ref.billingtypeid = ? THEN ? WHEN hcc.accountid = ? AND log.deliverystatustypeid IN (?) AND hcc.createdon >= ? AND hcc.ishottransfer = ? THEN ? ...","select * from ( WITH CTE1 AS ( WITH CTE AS ( Select distinct ref.referralid ,ref.providerid ,ref.referredon ,concat(ref.orderid,""-"",ref.providerid ) ProviderOrder ,ref.orderid ,op.createdon ,datediff(getdate(),o.createdon) OrderAge ,datediff(ref.referredon,o.createdon) ReferralAge ,p.name ProviderNa ..."
2,"WITH cte AS (SELECT paymentid, p.amount, accountid, resultmessage, createdon, paymentstatustypeid, ROW_NUMBER() OVER (PARTITION BY accountid, MONTH(createdon) ORDER BY createdon DESC) AS rn FROM prod_homecare_actransactional_billing.payment AS p WHERE accountid = ?), cte1 AS (SELECT cte.accountid, cte.amount, stmt.balance, cte.createdon FROM cte LEFT JOIN (SELECT accountid, createdon, balance, ROW_NUMBER() OVER (PARTITION BY accountid, MONTH(createdon) ORDER BY createdon ASC) AS rn FROM prod_homecare_actransactional_billing.statement) AS stmt ON stmt.accountid = cte.accountid AND stmt.rn = ? A ...","select * from ( WITH CTE1 AS ( WITH CTE AS ( Select paymentid ,p.amount ,accountid ,resultmessage ,createdon ,paymentstatustypeid ,ROW_NUMBER() OVER (PARTITION BY accountid,Month(createdon) ORDER BY createdon desc) rn FROM prod_homecare_actransactional_billing.payment p where accountid = 21794 ) Sel ..."
2,"WITH ctea AS (SELECT DISTINCT s.accountid, s.balance, s.duedate, DATE_FORMAT(s.duedate, ?) AS paymentmonth, LAG(s.balance) OVER (PARTITION BY s.accountid ORDER BY s.duedate) AS priormonth FROM main.prod_homecare_actransactional_billing.statement AS s LEFT JOIN main.prod_homecare_actransactional_billing.account AS a ON a.accountid = s.accountid LEFT JOIN main.prod_homecare_actransactional_ordermanagement.order AS o ON o.accountid = s.accountid LEFT JOIN main.prod_homecare_actransactional_ordermanagement.orderprovider AS op ON op.orderid = o.orderid LEFT JOIN main.prod_homecare_actransactional_o ...","select * from ( with CTEA AS ( Select DISTINCT s.accountid ,s.balance ,s.duedate ,date_format(s.duedate, 'yyyyMM') paymentMonth ,lag(s.balance) OVER (PARTITION BY s.accountid ORDER BY s.duedate ) PriorMonth FROM main.prod_homecare_actransactional_billing.statement s LEFT JOIN main.prod_homecare_actr ..."
2,"WITH cte AS (SELECT o.id AS opportunityid, o.close_date, a.hmc_cart_provider_id_c AS providerid FROM main.community_salesforce.opportunity AS o JOIN main.community_salesforce.account AS a ON a.id = o.account_id WHERE o.close_date >= ? AND a.hmc_cart_provider_id_c = ?), ctec AS (SELECT cte.providerid, p.name AS providername, cph.orderid, cte.close_date, MIN(date) AS firstactivedate, MAX(date) AS lastactivedate FROM cte LEFT JOIN main.prod_homecare_acreporting_reporting.cartproviderhistory AS cph ON cph.providerid = cte.providerid LEFT JOIN main.prod_homecare_actransactional_organization.provide ...","select * from ( WITH CTE2 AS( WITH CTE1 AS( WITH CTE AS( Select o.id OpportunityID ,o.close_date ,a.hmc_cart_provider_id_c ProviderID FROM main.community_salesforce.opportunity o JOIN main.community_salesforce.account a on a.id = o.account_id WHERE --o.is_won = true o.close_date >= '2025-10-01' and  ..."
2,"WITH cte AS (SELECT DISTINCT MIN(cph.date) AS date, LAST_DAY(cph.date) AS lastday, cph.providerid, psc.postalcode FROM main.prod_homecare_acreporting_reporting.cartproviderhistory AS cph LEFT JOIN main.prod_homecare_actransactional_organization.providerservicecoverage AS psc ON psc.providerid = cph.providerid WHERE cph.date >= ? AND cph.orderstatusreason = ? AND LOWER(cph.providername) LIKE ? AND psc.deleted = ? GROUP BY ?, ?, ?), ctea AS (SELECT CAST(hmcr.createdate AS DATE) AS requestcreatedate, hmcr.hmcrequestid, hmcr.hmcprospectid, COUNT(DISTINCT ref.referralid) AS referrals FROM cte JOIN  ...","select * from ( WITH CTE AS( SELECT DISTINCT min(cph.date) Date ,last_day(cph.date) LastDay ,cph.providerid ,psc.postalcode FROM main.prod_homecare_acreporting_reporting.cartproviderhistory cph LEFT JOIN main.prod_homecare_actransactional_organization.providerservicecoverage psc on psc.providerid =  ..."
2,"WITH cte AS (SELECT o.id AS opportunityid, o.close_date, a.hmc_cart_provider_id_c AS providerid FROM main.community_salesforce.opportunity AS o JOIN main.community_salesforce.account AS a ON a.id = o.account_id WHERE o.close_date >= ? AND a.hmc_cart_provider_id_c = ?), ctec AS (SELECT cte.providerid, p.name AS providername, cph.orderid, cte.close_date, MIN(date) AS firstactivedate, MAX(date) AS lastactivedate FROM cte LEFT JOIN main.prod_homecare_acreporting_reporting.cartproviderhistory AS cph ON cph.providerid = cte.providerid LEFT JOIN main.prod_homecare_actransactional_organization.provide ...","select `ProviderID`, `ProviderName`, `OrderID`, `ProviderOrderID`, `OrderStatus`, `OrderStatusReason`, `Close_Date`, `FirstActiveDate`, `LastActiveDate`, `DaysActive`, `Status`, `FirstActivation`, `HasActivation` from ( WITH CTE2 AS( WITH CTE1 AS( WITH CTE AS( Select o.id OpportunityID ,o.close_date ..."
2,"SELECT ref.referralid, ref.providerid, ref.orderid, CASE WHEN ref.returnapproved = TRUE THEN ? ELSE ? END AS returnapproved FROM main.prod_homecare_actransactional_homecare.referral AS ref LEFT JOIN main.prod_homecare_actransactional_organization.provider AS p ON p.providerid = ref.providerid WHERE ref.referredon >= ? AND ref.billingtypeid = ? AND p.providerorganizationid IS NULL","select * from ( Select ref.referralid ,ref.providerid ,ref.orderid ,CASE WHEN ref.returnapproved = true then 1 else 0 end ReturnApproved FROM main.prod_homecare_actransactional_homecare.referral ref LEFT JOIN main.prod_homecare_actransactional_organization.provider p on p.providerid = ref.providerid ..."
2,"SELECT DISTINCT p.providerid, o.orderid, CASE WHEN ost.name = ? AND orst.name = ? THEN ? ELSE ost.name END AS orderstatus, orst.name AS orderstatusreason FROM main.prod_homecare_actransactional_organization.provider AS p LEFT JOIN main.prod_homecare_actransactional_ordermanagement.orderprovider AS op ON op.providerid = p.providerid LEFT JOIN main.prod_homecare_actransactional_ordermanagement.order AS o ON o.orderid = op.orderid LEFT JOIN main.prod_homecare_actransactional_ordermanagement.orderstatustype AS ost ON ost.orderstatustypeid = o.orderstatustypeid LEFT JOIN main.prod_homecare_actransa ...","select `providerid`, `orderid`, `OrderStatus`, `OrderStatusReason` from ( Select DISTINCT p.providerid ,o.orderid ,CASE WHEN ost.name = 'Suspended' and orst.name = 'Monthly Cap Reached' then 'Monthly Cap Reached' else ost.name end OrderStatus ,orst.name OrderStatusReason FROM main.prod_homecare_actr ..."
2,"WITH cte AS (SELECT hmcr.hmcrequestid, hmcr.hmcprospectid, postalcode, CASE WHEN hmcr.customflow = ? THEN ? ELSE ? END AS funnel, hmcr.createdate, hmcr.requeststatusid, hmcr.requeststatuscode, CASE WHEN hmcr.affiliateid = ? THEN ? WHEN hmcr.affiliateid = ? THEN ? WHEN hmcr.affiliateid IN (?) THEN ? WHEN hmcr.affiliateid = ? THEN ? WHEN hmcr.affiliateid = ? THEN ? WHEN hmcr.affiliateid IN (?) THEN ? WHEN hmcr.affiliateid IN (?) THEN ? WHEN hmcr.url LIKE ? OR hmcr.url LIKE ? OR hmcr.url LIKE ? THEN ? WHEN hmcr.url LIKE ? OR hmcr.affiliateid = ? THEN ? WHEN hmcr.affiliateid IN (?) OR hmcr.url LIK ...","select `SLRl`, `hmcrequestid`, `Funnel`, `createdate`, `RequestStatusId`, `AdjChannel`, `ScreeningDate`, `userid`, `outcomeid`, `ISDJ`, `DJStep`, `DJType`, `SourceP` from ( WITH CTE2 AS ( WITH CTE1 AS ( WITH CTE AS ( SELECT hmcr.hmcrequestid ,hmcr.hmcprospectid ,postalcode ,CASE WHEN hmcr.customflow ..."
2,"SELECT date, providerorders, cappedproviderorders, providers, orders FROM (SELECT DISTINCT cph.date, COUNT(DISTINCT CONCAT(cph.providerid, ?, cph.orderid)) AS providerorders, COUNT(DISTINCT CASE WHEN cph.orderstatusreason = ? THEN CONCAT(cph.providerid, ?, cph.orderid) ELSE NULL END) AS cappedproviderorders, COUNT(cph.providerid) AS providers, COUNT(cph.orderid) AS orders FROM main.prod_homecare_acreporting_reporting.cartproviderhistory AS cph WHERE date >= ? AND contracttype = ? AND (cph.orderstatus IN (?) OR cph.orderstatusreason = ?) GROUP BY ?) AS _ ORDER BY date LIMIT ?","select `date`, `ProviderOrders`, `CappedProviderOrders`, `Providers`, `Orders` from ( Select distinct cph.date ,count(distinct concat(cph.providerid, '-',cph.orderid)) ProviderOrders ,Count(distinct case when cph.orderstatusreason = 'Monthly Cap Reached' then concat(cph.providerid, '-',cph.orderid)  ..."
2,"WITH cte AS (SELECT DISTINCT referralid, providerid, homecarereferralid, r.firstname, r.lastname, r.emailaddress, phone, carerecipientfirstname, carerecipientlastname, r.whyiscareneeded, r.postalcode, u.firstname AS careadvisor, req.requestdatetime, hmcp.hmcprospectid, referraldate, referralstatustypeid, clientapproval, CASE WHEN hmcr.affiliateid = ? THEN ? WHEN hmcr.affiliateid = ? THEN ? WHEN hmcr.affiliateid IN (?) THEN ? WHEN hmcr.affiliateid = ? THEN ? WHEN hmcr.affiliateid = ? THEN ? WHEN hmcr.affiliateid IN (?) THEN ? WHEN hmcr.affiliateid IN (?) THEN ? WHEN hmcr.url LIKE ? OR hmcr.url  ...","select `ReferralID`, `ProviderID`, `HomeCareReferralID`, `FirstName`, `LastName`, `EmailAddress`, `Phone`, `CareRecipientFirstName`, `CareRecipientLastName`, `WhyIsCareNeeded`, `PostalCode`, `CareAdvisor`, `RequestDateTime`, `HMCProspectID`, `ReferralDate`, `ReferralStatusTypeID`, `ClientApproval`,  ..."
2,"WITH cte AS (SELECT DISTINCT hmcr.hmcrequestid AS requestid, hmcr.hmcprospectid, postalcode, CASE WHEN hmcr.customflow = ? THEN ? ELSE ? END AS funnel, hmcr.createdate, hmcr.requeststatusid, hmcr.requeststatuscode, CASE WHEN hmcr.affiliateid = ? THEN ? WHEN hmcr.affiliateid = ? THEN ? WHEN hmcr.affiliateid IN (?) THEN ? WHEN hmcr.affiliateid = ? THEN ? WHEN hmcr.affiliateid = ? THEN ? WHEN hmcr.affiliateid IN (?) THEN ? WHEN hmcr.affiliateid IN (?) THEN ? WHEN hmcr.url LIKE ? OR hmcr.url LIKE ? OR hmcr.url LIKE ? THEN ? WHEN hmcr.url LIKE ? OR hmcr.affiliateid = ? THEN ? WHEN hmcr.affiliateid  ...","select `SLRl`, `Requestid`, `Funnel`, `createdate`, `RequestStatusId`, `AdjChannel`, `ScreeningDate`, `userid`, `outcomeid`, `ISDJ`, `DJStep`, `DJType`, `APFMMisattribute`, `srn`, `hmcrequestid`, `SlaRL`, `SourceP` from ( WITH CTE2 AS ( WITH CTE1 AS ( WITH CTE AS ( SELECT distinct hmcr.hmcrequestid  ..."
2,"WITH cte AS (SELECT dateid, date, dayofyear, dayofmonth, dayofweek, weekdayname, month, monthname, year, monthyearid, ROW_NUMBER() OVER (PARTITION BY dayofweek, year, month ORDER BY date) AS weekday FROM prod_homecare_acreporting_reporting.dimdate WHERE year IN (?)) SELECT cte.*, CONCAT(dayofweek, ?, weekday) AS dayofweeknumbermonth FROM cte","select `DateID`, `Date`, `DayOfYear`, `DayOfMonth`, `DayOfWeek`, `WeekDayName`, `Month`, `MonthName`, `Year`, `MonthYearID`, `WeekDay`, `DayofWeekNumberMonth` from ( WITH CTE AS( SELECT DateID ,Date ,DayOfYear ,DayOfMonth ,DayOfWeek ,WeekDayName ,Month ,MonthName ,Year ,MonthYearID ,ROW_NUMBER() OVE ..."
2,"SELECT p.accountid, p.amount, MAX(DATE_FORMAT(CASE WHEN NOT p.forstatementid IS NULL THEN DATE_ADD(MONTH, -?, DATE_TRUNC('MONTH', p.createdon)) ELSE p.createdon END, ?)) AS paymentdate, MAX(p.createdon) FROM prod_homecare_actransactional_billing.payment AS p WHERE p.paymentstatustypeid IN (?) AND accountid = ? GROUP BY ?, ?","select * from ( Select p.accountid ,p.amount ,max(date_format(case when p.forstatementid is not null then dateadd(Month, -1, date_trunc('Month', p.createdon)) else p.createdon end, 'yyyyMM')) PaymentDate ,max(p.createdon) FROM prod_homecare_actransactional_billing.payment p where p.paymentstatustype ..."
2,"SELECT date, providerorders, cappedproviderorders, providers, orders FROM (SELECT DISTINCT cph.date, COUNT(DISTINCT CONCAT(cph.providerid, ?, cph.orderid)) AS providerorders, COUNT(DISTINCT CASE WHEN cph.orderstatusreason = ? THEN CONCAT(cph.providerid, ?, cph.orderid) ELSE NULL END) AS cappedproviderorders, COUNT(cph.providerid) AS providers, COUNT(cph.orderid) AS orders FROM main.prod_homecare_acreporting_reporting.cartproviderhistory AS cph WHERE date >= ? AND contracttype = ? AND (cph.orderstatus IN (?) OR cph.orderstatusreason = ?) GROUP BY ?) AS _ ORDER BY date","select `date`, `ProviderOrders`, `CappedProviderOrders`, `Providers`, `Orders` from ( Select distinct cph.date ,count(distinct concat(cph.providerid, '-',cph.orderid)) ProviderOrders ,Count(distinct case when cph.orderstatusreason = 'Monthly Cap Reached' then concat(cph.providerid, '-',cph.orderid)  ..."
2,"SELECT dateid, quarter, dayofweek, weekenddate, dayofmonth, monthyearid, date, month, year, weekstartdate, dayofyear, weekdayname, monthname, _fivetran_deleted, _fivetran_synced, test FROM (SELECT *, CASE WHEN date < ? THEN ? ELSE ? END AS test FROM prod_homecare_acreporting_reporting.dimdate WHERE date >= DATE_ADD(YEAR, -?, DATE_TRUNC('YEAR', CURRENT_TIMESTAMP())) AND date <= DATE_ADD(YEAR, ?, DATE_TRUNC('YEAR', CURRENT_TIMESTAMP()))) AS _ ORDER BY date LIMIT ?","select `dateid`, `quarter`, `dayofweek`, `weekenddate`, `dayofmonth`, `monthyearid`, `date`, `month`, `year`, `weekstartdate`, `dayofyear`, `weekdayname`, `monthname`, `_fivetran_deleted`, `_fivetran_synced`, `Test` from ( Select *, CASE WHEN date <'2025-12-01' then 'Pre Test' else 'Post Test' end a ..."
2,"WITH cte AS (SELECT DISTINCT hmcr.hmcrequestid, hmcr.hmcprospectid, hmcr.affiliateinquiryid, apfm.lt_form_submit_channel, CASE WHEN hmcr.customflow = ? THEN ? ELSE ? END AS flow, CASE WHEN hmcr.affiliateid = ? THEN ? WHEN hmcr.affiliateid = ? THEN ? WHEN hmcr.affiliateid IN (?) THEN ? WHEN hmcr.affiliateid = ? THEN ? WHEN hmcr.affiliateid = ? THEN ? WHEN hmcr.affiliateid IN (?) THEN ? WHEN hmcr.affiliateid IN (?) THEN ? WHEN hmcr.url LIKE ? OR hmcr.url LIKE ? OR hmcr.url LIKE ? THEN ? WHEN hmcr.url LIKE ? OR hmcr.affiliateid = ? THEN ? WHEN hmcr.affiliateid IN (?) OR hmcr.url LIKE ? OR hmcr.ur ...","select * from ( WITH CTE3 AS (WITH CTE2 AS (WITH CTE AS (SELECT distinct hmcr.HMCRequestID ,hmcr.HMCProspectID ,hmcr.affiliateinquiryid ,apfm.lt_form_submit_channel ,CASE WHEN hmcr.customflow =1 then 'NFE' ELSE 'OFE' END as Flow ,CASE WHEN hmcr.affiliateid =140 then ""Grace"" WHEN hmcr.affiliateid = 7 ..."
2,"WITH cte AS (SELECT DISTINCT cph.date, COUNT(DISTINCT cph.providerid) AS providers, DATE_FORMAT(cph.date, ?) AS monthyearid, dma, CASE WHEN p.providerorganizationid IS NULL THEN ? ELSE ? END AS org FROM main.prod_homecare_acreporting_reporting.cartproviderhistory AS cph LEFT JOIN main.prod_homecare_actransactional_organization.providerservicecoverage AS psc ON psc.providerid = cph.providerid LEFT JOIN main.reporting.dim_geography_zip_dma AS dma ON dma.zip = psc.postalcode LEFT JOIN main.prod_homecare_actransactional_organization.provider AS p ON p.providerid = cph.providerid WHERE cph.date = L ...","select `MonthyearID`, `DMA`, `Org`, `Providers`, `Last3Providers`, `First3Providers` from ( WITH CTE AS ( Select Distinct cph.Date ,count(distinct cph.providerid) Providers ,date_format(cph.date, 'yyyyMM') MonthYearID ,DMA ,CASE WHEN p.providerorganizationid is null then ""Independent"" else ""Franchis ..."
2,"WITH cte AS (SELECT c.case_number AS casenumber, c.hmc_case_subject_c AS casesubject, c.created_date AS createddate, c.hmc_date_opened_c AS dateopened, c.hmc_date_resolved_c AS dateresolved, c.hmc_save_method_used_c AS savemethodused, c.account_id, CONCAT(u.first_name, ?, u.last_name) AS name, u.id AS userid, a.id AS accountid, a.name AS accoutname, a.hmc_cart_provider_id_c AS providerid, CONCAT(?, a.id, ?) AS accounturl FROM main.community_salesforce.case AS c LEFT JOIN main.community_salesforce.user AS u ON u.id = c.owner_id LEFT JOIN main.community_salesforce.account AS a ON a.id = c.accoun ...","select `CaseNumber`, `CaseSubject`, cast(`CreatedDate` as DATE) as `C1`, cast(`DateOpened` as DATE) as `C2`, cast(`DateResolved` as DATE) as `C3`, `SaveMethodUsed`, `account_id`, `Name`, `UserID`, `AccountID`, `AccoutName`, `ProviderID`, `AccountUrl`, `LastDateSaved` from ( WITH CTE AS( Select c.cas ..."
2,"WITH cte AS (SELECT cph.accountid, cph.providerid, p.name AS providername, cph.orderid, o.createdon AS ordercreatedate, MIN(date) AS firstactivedate, MAX(date) AS lastactivedate, ost.name AS currentorderstatus, osrt.name AS currentorderstatusreasontype, CASE WHEN u2.firstname = ? THEN ? ELSE u2.firstname END AS hcam, u.firstname AS csm FROM prod_homecare_acreporting_reporting.cartproviderhistory AS cph LEFT JOIN prod_homecare_actransactional_ordermanagement.order AS o ON o.orderid = cph.orderid LEFT JOIN prod_homecare_actransactional_ordermanagement.orderstatustype AS ost ON ost.orderstatustyp ...","select `accountid`, `ProviderID`, `ProviderName`, `OrderID`, `OrderCreateDate`, `FirstActiveDate`, `LastActiveDate`, `CurrentOrderStatus`, `CurrentOrderStatusReasonType`, `HCAM`, `CSM`, `FirstActiveMonth`, `ActiveMonthYearID`, `OrderMonthYearID` from ( WITH CTE AS ( SELECT cph.accountid ,cph.Provide ..."
2,"WITH cte AS (SELECT calllogid, agentname, timestamp, LAG(timestamp) OVER (PARTITION BY agentname, CAST(timestamp AS DATE) ORDER BY timestamp) AS lagtimestamp FROM prod_homecare_acreporting_import.five9dailycalllogs WHERE timestamp >= ? AND agentgroup = ?) SELECT * FROM (SELECT agentname, CAST(timestamp AS DATE) AS date, timestamp, calllogid, lagtimestamp, TIMESTAMPDIFF(SECOND, CAST(lagtimestamp AS TIMESTAMP), timestamp) AS callgap, TIMESTAMPDIFF(MINUTE, CAST(lagtimestamp AS TIMESTAMP), timestamp) AS callgap FROM cte) AS _ WHERE ? = ?","select * from ( WITH CTE AS ( Select calllogid ,agentname ,timestamp , lag(timestamp) over(partition by agentname, cast(timestamp as date) order by timestamp) as LagTimeStamp FROM prod_homecare_acreporting_import.five9dailycalllogs where timestamp >='2025' and agentgroup = 'AC Care Advisors' ) Selec ..."
2,"WITH cte AS (SELECT DISTINCT p.accountid, p.amount, p.createdon, DATE_FORMAT(p.createdon, ?) AS paymentmonthyearid, CASE WHEN p.paymentstatustypeid = ? THEN ? ELSE NULL END AS payment FROM main.prod_homecare_actransactional_billing.payment AS p LEFT JOIN main.prod_homecare_actransactional_ordermanagement.order AS o ON o.accountid = p.accountid LEFT JOIN main.prod_homecare_actransactional_ordermanagement.orderprovider AS op ON op.orderid = o.orderid LEFT JOIN main.prod_homecare_actransactional_organization.provider AS pro ON pro.providerid = op.providerid LEFT JOIN main.prod_homecare_actransact ...","select * from ( WITH CTE AS ( Select DISTINCT p.AccountID ,p.amount ,p.createdon ,date_format(p.createdon, 'yyyyMM') PaymentMonthYearId ,CASE WHEN p.paymentstatustypeid = 1 then 'Payment' else null end Payment FROM main.prod_homecare_actransactional_billing.payment p LEFT JOIN main.prod_homecare_act ..."
2,"SELECT dateid, dayofweek, weekenddate, dayofmonth, monthyearid, date, month, year, weekstartdate, dayofyear, monthname FROM prod_homecare_acreporting_reporting.dimdate WHERE date >= ? AND date < DATE_ADD(YEAR, ?, DATE_TRUNC('YEAR', CURRENT_TIMESTAMP()))","select `DateID`, `DayofWeek`, `WeekendDate`, `DayofMonth`, `MonthYearID`, `Date`, `Month`, `Year`, `WeekStartDate`, `DayofYear`, `MonthName` from ( Select DateID ,DayofWeek ,WeekendDate ,DayofMonth ,MonthYearID ,Date ,Month ,Year ,WeekStartDate ,DayofYear ,MonthName FROM prod_homecare_acreporting_re ..."
2,"SELECT DISTINCT date, cph.providerid, cph.orderid, monthlycap FROM prod_homecare_acreporting_reporting.cartproviderhistory AS cph WHERE date >= ? AND (orderstatus = ? OR orderstatusreason = ?)","select `Date`, `providerid`, `orderid`, `monthlycap` from ( Select Distinct Date ,cph.providerid ,cph.orderid ,monthlycap FROM prod_homecare_acreporting_reporting.cartproviderhistory cph where date >= '2025' and (orderstatus = 'Active' or orderstatusreason = 'Monthly Cap Reached') ) as `_`"
2,"SELECT * FROM (SELECT dateid, date, dayofyear, dayofmonth, dayofweek, weekdayname, month, monthname, year, monthyearid FROM prod_homecare_acreporting_reporting.dimdate) AS _ WHERE ? = ?","select * from ( SELECT DateID ,Date ,DayOfYear ,DayOfMonth ,DayOfWeek ,WeekDayName ,Month ,MonthName ,Year ,MonthYearID FROM prod_homecare_acreporting_reporting.dimdate ) as `_` where 0 = 1"
1,"WITH cte AS (SELECT DISTINCT COUNT(DISTINCT referralid) AS referrals, DATE_FORMAT(referredon, ?) AS monthyearid, CASE WHEN p.providerorganizationid IS NULL THEN ? ELSE ? END AS org, dma.dma FROM prod_homecare_actransactional_homecare.referral AS ref LEFT JOIN main.prod_homecare_actransactional_organization.provider AS p ON p.providerid = ref.providerid LEFT JOIN main.prod_homecare_insite_directory.hmclead AS hmcl ON hmcl.hmcleadid = ref.hmcleadid LEFT JOIN main.prod_homecare_insite_directory.hmcrequest AS hmcr ON hmcr.hmcrequestid = hmcl.hmcleadid LEFT JOIN main.reporting.dim_geography_zip_dma ...","select * from ( WITH CTE AS( Select DISTINCT count(distinct referralid) Referrals -- ,date(Referredon) ReferredOn ,date_format(Referredon, 'yyyyMM') MonthYearID ,CASE WHEN p.providerorganizationid is null then ""Independent"" else ""Franchise"" END Org ,dma.dma FROM prod_homecare_actransactional_homecar ..."
1,"WITH cte AS (SELECT o.id AS opportunityid, o.close_date, a.hmc_cart_provider_id_c AS providerid FROM main.community_salesforce.opportunity AS o JOIN main.community_salesforce.account AS a ON a.id = o.account_id WHERE o.close_date >= ? AND a.hmc_cart_provider_id_c = ?), ctec AS (SELECT cte.providerid, p.name AS providername, cph.orderid, cte.close_date, MIN(date) AS firstactivedate, MAX(date) AS lastactivedate FROM cte LEFT JOIN main.prod_homecare_acreporting_reporting.cartproviderhistory AS cph ON cph.providerid = cte.providerid LEFT JOIN main.prod_homecare_actransactional_organization.provide ...","select * from ( WITH CTE2 AS( WITH CTE1 AS( WITH CTE AS( Select o.id OpportunityID ,o.close_date ,a.hmc_cart_provider_id_c ProviderID FROM main.community_salesforce.opportunity o JOIN main.community_salesforce.account a on a.id = o.account_id WHERE --o.is_won = true o.close_date >= '2025-10-01' and  ..."
1,"SELECT accountid, accountname, accountstatus, orderid, ordername, ordercreatedate, orderstatus, orderstatusreason, prepaidtotal, balance FROM (SELECT a.accountid, a.name AS accountname, ast.name AS accountstatus, o.orderid, o.name AS ordername, o.createdon AS ordercreatedate, ost.name AS orderstatus, osrt.name AS orderstatusreason, o.prepaidtotal, a.balance FROM main.prod_homecare_actransactional_billing.account AS a LEFT JOIN main.prod_homecare_actransactional_billing.accountstatustype AS ast ON ast.accountstatustypeid = a.accountstatustypeid LEFT JOIN main.prod_homecare_actransactional_order ...","select `accountid`, `AccountName`, `AccountStatus`, `orderid`, `OrderName`, `OrderCreateDate`, `OrderStatus`, `OrderStatusReason`, `prepaidtotal`, `balance` from ( Select a.accountid ,a.name AccountName ,ast.name AccountStatus ,o.orderid ,o.name OrderName ,o.createdon AS OrderCreateDate ,ost.name Or ..."
1,"SELECT COUNT(DISTINCT referralid) AS referrals, providerid, CAST(referredon AS DATE) AS referredon FROM prod_homecare_actransactional_homecare.referral AS ref WHERE NOT hmcleadid IS NULL AND ref.referredon >= ? AND billingtypeid = ? GROUP BY ?, ?","select `Referrals`, `providerid`, `Referredon` from ( Select count(distinct referralid) Referrals ,providerid ,Cast(referredon as date) Referredon FROM prod_homecare_actransactional_homecare.referral ref where hmcleadid is not null and ref.referredon >= '2025' and billingtypeid = 3 GROUP BY 2,3 ) as ..."
1,"SELECT dateid, quarter, dayofweek, weekenddate, dayofmonth, monthyearid, date, month, year, weekstartdate, dayofyear, weekdayname, monthname, _fivetran_deleted, _fivetran_synced, monthyear, today FROM (SELECT DISTINCT *, CONCAT(monthname, ?, year) AS monthyear, DATEDIFF(DAY, CURRENT_TIMESTAMP(), date) AS today FROM main.prod_homecare_acreporting_reporting.dimdate WHERE date >= ? AND date < DATE_ADD(YEAR, ?, DATE_TRUNC('YEAR', CURRENT_TIMESTAMP()))) AS _ WHERE today = ? AND NOT today IS NULL ORDER BY today LIMIT ?","select `dateid`, `quarter`, `dayofweek`, `weekenddate`, `dayofmonth`, `monthyearid`, `date`, `month`, `year`, `weekstartdate`, `dayofyear`, `weekdayname`, `monthname`, `_fivetran_deleted`, `_fivetran_synced`, `MonthYear`, `Today` from ( Select distinct *,concat(Monthname, "" "", year) MonthYear ,dated ..."
1,SELECT * FROM prod_homecare_acreporting_reporting.dimdate WHERE date >= ?,select * from ( Select * FROM prod_homecare_acreporting_reporting.dimdate where date>= '2025' ) as `_` limit 0
1,"WITH cte AS (SELECT hmcr.hmcrequestid, hmcr.affiliateid, a.affiliatename, url, CASE WHEN hmcr.customflow = ? THEN ? ELSE ? END AS flow, src.hmcprospectid AS srcprospect, CASE WHEN NOT src.hmcprospectid IS NULL THEN ? WHEN hmcr.affiliateid IN (?) THEN ? WHEN hmcr.affiliateid = ? THEN ? WHEN hmcr.affiliateid = ? THEN ? WHEN hmcr.affiliateid IN (?) THEN ? WHEN hmcr.affiliateid IN (?) THEN ? WHEN hmcr.url LIKE ? OR hmcr.url LIKE ? OR hmcr.url LIKE ? THEN ? WHEN hmcr.url LIKE ? OR hmcr.affiliateid = ? THEN ? WHEN hmcr.affiliateid IN (?) OR hmcr.url LIKE ? OR hmcr.url LIKE ? THEN ? WHEN hmcr.affilia ...","select `hmcrequestid`, `affiliateid`, `AdjChannel`, `Source` from ( with CTE AS ( select hmcr.hmcrequestid ,hmcr.affiliateid ,a.affiliatename ,url ,CASE WHEN hmcr.customflow =1 then 'NFE' ELSE 'OFE' END as Flow ,src.HMCProspectID AS SRCProspect ,CASE WHEN src.HMCProspectID IS NOT NULL THEN 'APFM DQ' ..."
1,"WITH cte AS (SELECT cph.providerid, p.name AS providername, cph.orderid, o.createdon AS ordercreatedate, MIN(date) AS firstactivedate, MAX(date) AS lastactivedate, ost.name AS currentorderstatus, osrt.name AS currentorderstatusreasontype, u2.firstname AS hcam, u.firstname AS csm FROM prod_homecare_acreporting_reporting.cartproviderhistory AS cph LEFT JOIN prod_homecare_actransactional_ordermanagement.order AS o ON o.orderid = cph.orderid LEFT JOIN prod_homecare_actransactional_ordermanagement.orderstatustype AS ost ON ost.orderstatustypeid = o.orderstatustypeid LEFT JOIN prod_homecare_actransa ...","select `ProviderID`, `ProviderName`, `OrderID`, `OrderCreateDate`, `FirstActiveDate`, `LastActiveDate`, `CurrentOrderStatus`, `CurrentOrderStatusReasonType`, `HCAM`, `CSM`, `DaystoCancel` from ( WITH CTE AS ( SELECT cph.ProviderID ,p.name ProviderName ,cph.OrderID ,o.createdon AS OrderCreateDate ,MI ..."
1,"WITH cte AS (SELECT callid, SUM(CASE WHEN calltype = ? THEN ? ELSE ? END) AS transfers_attempted FROM prod_homecare_acreporting_import.five9dailycalllogs GROUP BY callid ORDER BY callid), cte1 AS (SELECT DISTINCT f9.callid, timestamp, DATE_FORMAT(timestamp, ?) AS hours, DATE_FORMAT(timestamp, ?) AS minute, (hours * ?) + minute, agent, agentname, calltype, disposition, dispositionpath, calltime, talktime, dnis, ROW_NUMBER() OVER (PARTITION BY agent, CAST(timestamp AS DATE), dnis ORDER BY timestamp) AS uniquecall, handletime, consulttime, totalqueuetime, manualtime, dialtime, agentgroup, afterca ...","select * from ( WITH CTE AS ( SELECT CallId,SUM(CASE WHEN CallType = '3rd party conference' THEN 1 ELSE 0 END) AS Transfers_Attempted FROM prod_homecare_acreporting_import.five9dailycalllogs GROUP BY CallId ORDER BY CallId), CTE1 AS ( SELECT DISTINCT f9.CallId ,Timestamp ,date_format(Timestamp, 'HH' ..."
1,"SELECT DISTINCT p.providerid, p.name, po.name AS organization, p.orgid, cph.orderid, CASE WHEN NOT orderid IS NULL AND cph.monthlycap IS NULL THEN ? ELSE cph.monthlycap END AS monthlycap FROM prod_homecare_actransactional_organization.provider AS p LEFT JOIN prod_homecare_actransactional_organization.providerorganization AS po ON po.providerorganizationid = p.providerorganizationid LEFT JOIN prod_homecare_actransactional_homecare.referral AS r ON p.providerid = r.providerid LEFT JOIN main.prod_homecare_acreporting_reporting.cartproviderhistory AS cph ON cph.providerid = p.providerid WHERE r.re ...","select * from ( select distinct p.providerid ,p.name ,po.name as Organization ,p.orgid ,cph.orderid ,case when orderid is not null and cph.monthlycap is null then 'Unlimited' else cph.monthlycap end as MonthlyCap from prod_homecare_actransactional_organization.provider p LEFT JOIN prod_homecare_actr ..."
1,"WITH cte AS (SELECT DISTINCT MIN(cph.date) AS date, LAST_DAY(cph.date) AS lastday, cph.providerid, psc.postalcode FROM main.prod_homecare_acreporting_reporting.cartproviderhistory AS cph LEFT JOIN main.prod_homecare_actransactional_organization.providerservicecoverage AS psc ON psc.providerid = cph.providerid WHERE cph.date >= ? AND cph.orderstatusreason = ? AND LOWER(cph.providername) LIKE ? AND psc.deleted = ? GROUP BY ?, ?, ?), ctea AS (SELECT CAST(hmcr.createdate AS DATE) AS requestcreatedate, hmcr.hmcrequestid, hmcr.hmcprospectid, COUNT(DISTINCT ref.referralid) AS referrals FROM cte JOIN  ...","select * from ( WITH CTE AS( SELECT DISTINCT min(cph.date) Date ,last_day(cph.date) LastDay ,cph.providerid ,psc.postalcode FROM main.prod_homecare_acreporting_reporting.cartproviderhistory cph LEFT JOIN main.prod_homecare_actransactional_organization.providerservicecoverage psc on psc.providerid =  ..."
1,"WITH cte AS (SELECT cph.providerid, cph.orderid, MIN(cph.date) AS firstactivedate, MAX(cph.date) AS lastactivedate FROM main.prod_homecare_acreporting_reporting.cartproviderhistory AS cph WHERE (cph.orderstatusreason = ? OR cph.orderstatus IN (?)) GROUP BY ?, ?), cte2 AS (SELECT cte.providerid, cte.orderid, cph.orderstatus, cph.orderstatusreason, firstactivedate, lastactivedate FROM cte LEFT JOIN main.prod_homecare_acreporting_reporting.cartproviderhistory AS cph ON cph.providerid = cte.providerid AND cph.orderid = cte.orderid WHERE cph.date = CAST(CURRENT_TIMESTAMP() AS DATE)), cte1 AS (SELEC ...","select * from ( WITH CTE1 AS( WITH CTE AS ( Select cph.providerid ,cph.orderid ,min(cph.date) FirstActiveDate ,max(cph.date) LastActiveDate FROM main.prod_homecare_acreporting_reporting.cartproviderhistory cph WHERE (cph.orderstatusreason = 'Monthly Cap Reached' or cph.orderstatus in ('Active', 'Pau ..."
1,"WITH cte AS (SELECT o.id AS opportunityid, o.close_date, a.hmc_cart_provider_id_c AS providerid FROM main.community_salesforce.opportunity AS o JOIN main.community_salesforce.account AS a ON a.id = o.account_id WHERE o.is_won = TRUE AND o.close_date >= ?), ctea1 AS (SELECT cte.providerid, p.name AS providername, cph.orderid, cte.close_date, cph.date, cph.orderstatus, LAG(cph.orderstatus) OVER (PARTITION BY cte.providerid, cph.orderid ORDER BY cph.date) AS lag FROM cte LEFT JOIN main.prod_homecare_acreporting_reporting.cartproviderhistory AS cph ON cph.providerid = cte.providerid LEFT JOIN main ...","select `ProviderID`, `ProviderName`, `OrderID`, `ProviderOrderID`, `OrderStatus`, `OrderStatusReason`, `Close_Date`, `FirstActiveDate`, `OrderRemoval`, `LastActiveDate`, `DaysActive`, `Status`, `FirstActivation`, `HasActivation`, `FirstCaseDate`, `ProviderOrder_Age`, `DaystoActivation`, `ordernumber ..."
1,"WITH cte AS (SELECT o.id AS opportunityid, o.close_date, a.hmc_cart_provider_id_c AS providerid FROM main.community_salesforce.opportunity AS o JOIN main.community_salesforce.account AS a ON a.id = o.account_id WHERE o.close_date >= ? AND a.hmc_cart_provider_id_c = ?), ctec AS (SELECT cte.providerid, p.name AS providername, cph.orderid, cte.close_date, MIN(date) AS firstactivedate, MAX(date) AS lastactivedate FROM cte LEFT JOIN main.prod_homecare_acreporting_reporting.cartproviderhistory AS cph ON cph.providerid = cte.providerid LEFT JOIN main.prod_homecare_actransactional_organization.provide ...","select * from ( WITH CTE2 AS( WITH CTE1 AS( WITH CTE AS( Select o.id OpportunityID ,o.close_date ,a.hmc_cart_provider_id_c ProviderID FROM main.community_salesforce.opportunity o JOIN main.community_salesforce.account a on a.id = o.account_id WHERE --o.is_won = true o.close_date >= '2025-10-01' and  ..."
1,"SELECT dateid, quarter, dayofweek, weekenddate, dayofmonth, monthyearid, date, month, year, weekstartdate, dayofyear, weekdayname, monthname, _fivetran_deleted, _fivetran_synced, monthyear, today FROM (SELECT DISTINCT *, CONCAT(monthname, ?, year) AS monthyear, DATEDIFF(DAY, CURRENT_TIMESTAMP(), date) AS today FROM main.prod_homecare_acreporting_reporting.dimdate WHERE date >= ? AND date < DATE_ADD(YEAR, ?, DATE_TRUNC('YEAR', CURRENT_TIMESTAMP()))) AS _ ORDER BY today LIMIT ?","select `dateid`, `quarter`, `dayofweek`, `weekenddate`, `dayofmonth`, `monthyearid`, `date`, `month`, `year`, `weekstartdate`, `dayofyear`, `weekdayname`, `monthname`, `_fivetran_deleted`, `_fivetran_synced`, `MonthYear`, `Today` from ( Select distinct *,concat(Monthname, "" "", year) MonthYear ,dated ..."
1,"SELECT * FROM (SELECT DISTINCT cph.providerid, CAST(hmcr.createdate AS DATE) AS requestcreatedate, p.name AS providername, COUNT(DISTINCT hmcr.hmcrequestid) AS rls FROM main.prod_homecare_acreporting_reporting.cartproviderhistory AS cph JOIN main.prod_homecare_actransactional_organization.providerservicecoverage AS psc ON psc.providerid = cph.providerid LEFT JOIN main.prod_homecare_insite_directory.hmcrequest AS hmcr ON hmcr.postalcode = psc.postalcode JOIN main.prod_homecare_actransactional_organization.provider AS p ON p.providerid = cph.providerid WHERE cph.contracttype = ? AND cph.date = C ...","select * from ( Select DISTINCT cph.providerid ,date(hmcr.createdate) RequestCreateDate ,p.name ProviderName ,count(distinct hmcr.hmcrequestid) RLs FROM main.prod_homecare_acreporting_reporting.cartproviderhistory cph JOIN main.prod_homecare_actransactional_organization.providerservicecoverage psc o ..."
1,"WITH cte AS (SELECT hmcr.hmcrequestid, hmcr.hmcprospectid, hmcpd.disqualifier AS disqualifier2, hmcp.disqualifierreason, hmcr.affiliateid FROM prod_homecare_insite_directory.hmcrequest AS hmcr LEFT JOIN prod_homecare_insite_directory.hmcprospect AS hmcp ON hmcp.hmcprospectid = hmcr.hmcprospectid LEFT JOIN prod_homecare_insite_directory.hmcprospectdisqualifier AS hmcpd ON hmcpd.hmcprospectdisqualifierid = hmcp.disqualifier), cte1 AS (SELECT hmcrequestid, hmcprospectid AS hmcprospectid2, disqualifier2, disqualifierreason, affiliateid AS affiliateid2 FROM cte WHERE affiliateid IN (?)), ctea AS (S ...","select * from ( WITH CTE2 AS( WITH CTEB AS( WITH CTEA AS ( WITH CTE1 AS ( WITH CTE AS ( Select hmcr.HMCRequestID ,hmcr.HMCProspectID ,hmcpd.disqualifier Disqualifier2 ,hmcp.disqualifierreason ,hmcr.affiliateid FROM prod_homecare_insite_directory.hmcrequest hmcr LEFT JOIN prod_homecare_insite_directo ..."
1,"SELECT * FROM (SELECT COUNT(DISTINCT t.id) AS tasks, u.name, CAST(t.created_date AS DATE) AS createdate FROM main.community_salesforce.task AS t JOIN main.community_salesforce.user AS u ON u.id = t.owner_id WHERE t.created_date >= ? GROUP BY ?, ?, ?) AS _ WHERE ? = ?","select * from ( Select count(distinct t.id) Tasks ,u.name ,date(t.created_date) CreateDate FROM main.community_salesforce.task t JOIN main.community_salesforce.user u on u.id = t.owner_id WHERE t.created_date >= '2026' GROUP BY 2,3,4 ) as `_` where 0 = 1"
1,"SELECT * FROM (SELECT hottransferresultid, htr.providerid, lid.leadid, htr.hottransferresponseid, hs.name AS hottransferresponse, CAST(r.referredon AS DATE) AS referraldate, r.providerid, p.warmtransferphonenumber, CONCAT(l.contactfirstname, ?, l.contactlastname) AS contactname, CONCAT(l.firstname, ?, l.lastname) AS residentname, l.contactphone, l.contactemail FROM prod_homecare_actransactional_homecare.hottransferresult AS htr LEFT JOIN prod_homecare_actransactional_homecare.lead AS l ON l.leadid = htr.leadid LEFT JOIN prod_homecare_actransactional_homecare.referral AS r ON htr.providerid = r ...","select * from ( SELECT HotTransferResultID ,htr.ProviderID ,lid.LeadID ,htr.HotTransferResponseID ,hs.name HotTransferResponse ,date(r.referredon) ReferralDate ,r.providerid ,p.warmtransferphonenumber ,CONCAT(l.ContactFirstName, ' ',l.ContactLastName) AS ContactName ,CONCAT(l.FirstName,' ',l.LastNam ..."
1,"WITH cte AS (SELECT o.id AS opportunityid, o.close_date, a.hmc_cart_provider_id_c AS providerid FROM main.community_salesforce.opportunity AS o JOIN main.community_salesforce.account AS a ON a.id = o.account_id WHERE o.is_won = TRUE AND o.close_date >= ?), ctea1 AS (SELECT cte.providerid, p.name AS providername, cph.orderid, cte.close_date, cph.date, cph.orderstatus, LAG(cph.orderstatus) OVER (PARTITION BY cte.providerid, cph.orderid ORDER BY cph.date) AS lag FROM cte LEFT JOIN main.prod_homecare_acreporting_reporting.cartproviderhistory AS cph ON cph.providerid = cte.providerid LEFT JOIN main ...","select * from ( WITH CTE5 AS( WITH CTE4 AS( WITH CTE3 AS( WITH CTE2 AS( WITH CTE1 AS( WITH CTE AS( Select o.id OpportunityID ,o.close_date ,a.hmc_cart_provider_id_c ProviderID FROM main.community_salesforce.opportunity o JOIN main.community_salesforce.account a on a.id = o.account_id WHERE o.is_won  ..."
1,"WITH cte AS (SELECT o.id AS opportunityid, o.close_date, a.hmc_cart_provider_id_c AS providerid FROM main.community_salesforce.opportunity AS o JOIN main.community_salesforce.account AS a ON a.id = o.account_id WHERE o.is_won = TRUE AND o.close_date >= ?), ctea1 AS (SELECT cte.providerid, p.name AS providername, cph.orderid, cte.close_date, cph.date, cph.orderstatus, LAG(cph.orderstatus) OVER (PARTITION BY cte.providerid, cph.orderid ORDER BY cph.date) AS lag FROM cte LEFT JOIN main.prod_homecare_acreporting_reporting.cartproviderhistory AS cph ON cph.providerid = cte.providerid LEFT JOIN main ...","select `ProviderID`, `ProviderName`, `OrderID`, `ProviderOrderID`, `OrderStatus`, `OrderStatusReason`, `Close_Date`, `FirstActiveDate`, `OrderRemoval`, `LastActiveDate`, `DaysActive`, `Status`, `FirstActivation`, `HasActivation`, `FirstCaseDate`, `ProviderOrder_Age`, `DaystoActivation`, `ordernumber ..."
1,"WITH cte AS (SELECT DISTINCT date, DATE_FORMAT(cph.date, ?) AS monthyear, monthlysent, monthlycap FROM main.prod_homecare_acreporting_reporting.cartproviderhistory AS cph WHERE cph.orderid = ? AND date >= ? AND (date = LAST_DAY(date) OR date = CAST(CURRENT_TIMESTAMP() AS DATE))), cte1 AS (SELECT DISTINCT cph.date, DATE_FORMAT(cph.date, ?) AS monthyear, CASE WHEN cte.date = LAST_DAY(cte.date) THEN cte.monthlysent ELSE cte.monthlycap END AS hicap FROM cte LEFT JOIN main.prod_homecare_acreporting_reporting.cartproviderhistory AS cph ON cte.monthyear = DATE_FORMAT(cph.date, ?) AND DAY(cph.date) =  ...","select * from ( WITH CTE1 AS( WITH CTE AS ( Select Distinct date ,date_format( cph.date, 'MMyyyy') MonthYear ,monthlysent ,monthlycap FROM main.prod_homecare_acreporting_reporting.cartproviderhistory cph WHERE cph.orderid = 2774 and date >= '2025' and (date = last_day(date) or date= date(getdate())) ..."
1,"WITH cte AS (SELECT hmcr.hmcrequestid, hmcr.hmcprospectid, hmcpd.disqualifier AS disqualifier2, hmcp.disqualifierreason, hmcr.affiliateid FROM prod_homecare_insite_directory.hmcrequest AS hmcr LEFT JOIN prod_homecare_insite_directory.hmcprospect AS hmcp ON hmcp.hmcprospectid = hmcr.hmcprospectid LEFT JOIN prod_homecare_insite_directory.hmcprospectdisqualifier AS hmcpd ON hmcpd.hmcprospectdisqualifierid = hmcp.disqualifier), cte1 AS (SELECT hmcrequestid, hmcprospectid AS hmcprospectid2, disqualifier2, disqualifierreason, affiliateid AS affiliateid2 FROM cte WHERE affiliateid IN (?)), ctea AS (S ...","select * from ( WITH CTE2 AS( WITH CTEB AS( WITH CTEA AS ( WITH CTE1 AS ( WITH CTE AS ( Select hmcr.HMCRequestID ,hmcr.HMCProspectID ,hmcpd.disqualifier Disqualifier2 ,hmcp.disqualifierreason ,hmcr.affiliateid FROM prod_homecare_insite_directory.hmcrequest hmcr LEFT JOIN prod_homecare_insite_directo ..."
1,"WITH cte AS (SELECT o.id AS opportunityid, o.close_date, a.hmc_cart_provider_id_c AS providerid FROM main.community_salesforce.opportunity AS o JOIN main.community_salesforce.account AS a ON a.id = o.account_id WHERE o.is_won = TRUE AND o.close_date >= ?), ctea1 AS (SELECT cte.providerid, p.name AS providername, cph.orderid, cte.close_date, cph.date, cph.orderstatus, LAG(cph.orderstatus) OVER (PARTITION BY cte.providerid, cph.orderid ORDER BY cph.date) AS lag FROM cte LEFT JOIN main.prod_homecare_acreporting_reporting.cartproviderhistory AS cph ON cph.providerid = cte.providerid LEFT JOIN main ...","select `ProviderID`, `ProviderName`, `OrderID`, `ProviderOrderID`, `OrderStatus`, `OrderStatusReason`, `Close_Date`, `FirstActiveDate`, `OrderRemoval`, `LastActiveDate`, `DaysActive`, `Status`, `FirstActivation`, `HasActivation`, `FirstCaseDate`, `ProviderOrder_Age`, `DaystoActivation`, `ordernumber ..."
1,"WITH cte AS (SELECT o.id AS opportunityid, o.close_date, a.hmc_cart_provider_id_c AS providerid FROM main.community_salesforce.opportunity AS o JOIN main.community_salesforce.account AS a ON a.id = o.account_id WHERE o.is_won = TRUE AND o.close_date >= ?), ctea1 AS (SELECT cte.providerid, p.name AS providername, cph.orderid, cte.close_date, cph.date, cph.orderstatus, LAG(cph.orderstatus) OVER (PARTITION BY cte.providerid, cph.orderid ORDER BY cph.date) AS lag FROM cte LEFT JOIN main.prod_homecare_acreporting_reporting.cartproviderhistory AS cph ON cph.providerid = cte.providerid LEFT JOIN main ...","select `ProviderID`, `ProviderName`, `OrderID`, `ProviderOrderID`, `OrderStatus`, `OrderStatusReason`, `Close_Date`, `CARTFirstActive`, `FirstActiveDate`, `OrderRemoval`, `LastActiveDate`, `DaysActive`, `Status`, `FirstActivation`, `HasActivation`, `FirstCaseDate`, `ProviderOrder_Age`, `DaystoActiva ..."
1,"WITH cte AS (SELECT DISTINCT referralid, providerid, homecarereferralid, r.firstname, r.lastname, r.emailaddress, phone, carerecipientfirstname, carerecipientlastname, r.whyiscareneeded, r.postalcode, u.firstname AS careadvisor, req.requestdatetime, hmcp.hmcprospectid, referraldate, referralstatustypeid, clientapproval, CASE WHEN hmcr.affiliateid = ? THEN ? WHEN hmcr.affiliateid = ? THEN ? WHEN hmcr.affiliateid IN (?) THEN ? WHEN hmcr.affiliateid = ? THEN ? WHEN hmcr.affiliateid = ? THEN ? WHEN hmcr.affiliateid IN (?) THEN ? WHEN hmcr.affiliateid IN (?) THEN ? WHEN hmcr.url LIKE ? OR hmcr.url  ...","select * from ( WITH CTE AS ( SELECT DISTINCT ReferralID ,ProviderID ,HomeCareReferralID ,r.FirstName ,r.LastName ,r.EmailAddress ,Phone ,CareRecipientFirstName ,CareRecipientLastName ,r.WhyIsCareNeeded ,r.PostalCode ,u.FirstName AS CareAdvisor ,req.RequestDateTime ,hmcp.HMCProspectID ,ReferralDate  ..."
1,"WITH cte AS (SELECT o.id AS opportunityid, o.close_date, a.hmc_cart_provider_id_c AS providerid FROM main.community_salesforce.opportunity AS o JOIN main.community_salesforce.account AS a ON a.id = o.account_id WHERE o.is_won = TRUE AND o.close_date >= ?), ctea1 AS (SELECT cte.providerid, p.name AS providername, cph.orderid, cte.close_date, cph.date, cph.orderstatus, LAG(cph.orderstatus) OVER (PARTITION BY cte.providerid, cph.orderid ORDER BY cph.date) AS lag FROM cte LEFT JOIN main.prod_homecare_acreporting_reporting.cartproviderhistory AS cph ON cph.providerid = cte.providerid LEFT JOIN main ...","select `ProviderID`, `ProviderName`, `OrderID`, `ProviderOrderID`, `OrderStatus`, `OrderStatusReason`, `Close_Date`, `CARTFirstActive`, `FirstActiveDate`, `OrderRemoval`, `LastActiveDate`, `DaysActive`, `Status`, `FirstActivation`, `HasActivation`, `FirstCaseDate`, `ProviderOrder_Age`, `DaystoActiva ..."
1,"WITH cte AS (SELECT o.id AS opportunityid, o.close_date, a.hmc_cart_provider_id_c AS providerid FROM main.community_salesforce.opportunity AS o JOIN main.community_salesforce.account AS a ON a.id = o.account_id WHERE o.close_date >= ? AND a.hmc_cart_provider_id_c = ?), ctec AS (SELECT cte.providerid, p.name AS providername, cph.orderid, cte.close_date, MIN(date) AS firstactivedate, MAX(date) AS lastactivedate FROM cte LEFT JOIN main.prod_homecare_acreporting_reporting.cartproviderhistory AS cph ON cph.providerid = cte.providerid LEFT JOIN main.prod_homecare_actransactional_organization.provide ...","select `ProviderID`, `ProviderName`, `OrderID`, `ProviderOrderID`, `OrderStatus`, `OrderStatusReason`, `Close_Date`, `FirstActiveDate`, `LastActiveDate`, `DaysActive`, `Status`, `FirstActivation`, `HasActivation` from ( WITH CTE2 AS( WITH CTE1 AS( WITH CTE AS( Select o.id OpportunityID ,o.close_date ..."
1,"WITH cte AS (SELECT o.id AS opportunityid, o.close_date, a.hmc_cart_provider_id_c AS providerid FROM main.community_salesforce.opportunity AS o JOIN main.community_salesforce.account AS a ON a.id = o.account_id WHERE o.close_date >= ? AND a.hmc_cart_provider_id_c = ?), ctec AS (SELECT cte.providerid, p.name AS providername, cph.orderid, cte.close_date, MIN(date) AS firstactivedate, MAX(date) AS lastactivedate FROM cte LEFT JOIN main.prod_homecare_acreporting_reporting.cartproviderhistory AS cph ON cph.providerid = cte.providerid LEFT JOIN main.prod_homecare_actransactional_organization.provide ...","select * from ( WITH CTE2 AS( WITH CTE1 AS( WITH CTE AS( Select o.id OpportunityID ,o.close_date ,a.hmc_cart_provider_id_c ProviderID FROM main.community_salesforce.opportunity o JOIN main.community_salesforce.account a on a.id = o.account_id WHERE --o.is_won = true o.close_date >= '2025-10-01' and  ..."
1,"WITH cte AS (SELECT DISTINCT hmcr.hmcrequestid, hmcr.hmcprospectid, postalcode, CASE WHEN hmcr.customflow = ? THEN ? ELSE ? END AS funnel, hmcr.createdate, hmcr.requeststatusid, hmcr.requeststatuscode, CASE WHEN hmcr.affiliateid = ? THEN ? WHEN hmcr.affiliateid = ? THEN ? WHEN hmcr.affiliateid IN (?) THEN ? WHEN hmcr.affiliateid = ? THEN ? WHEN hmcr.affiliateid = ? THEN ? WHEN hmcr.affiliateid IN (?) THEN ? WHEN hmcr.affiliateid IN (?) THEN ? WHEN hmcr.url LIKE ? OR hmcr.url LIKE ? OR hmcr.url LIKE ? THEN ? WHEN hmcr.url LIKE ? OR hmcr.affiliateid = ? THEN ? WHEN hmcr.affiliateid IN (?) OR hmc ...","select * from ( WITH CTE2 AS ( WITH CTE1 AS ( WITH CTE AS ( SELECT distinct hmcr.hmcrequestid ,hmcr.hmcprospectid ,postalcode ,CASE WHEN hmcr.customflow = 1 THEN 'NFE' ELSE 'OFE' END as Funnel ,hmcr.createdate ,HMCR.RequestStatusId ,hmcr.requeststatuscode ,CASE WHEN hmcr.affiliateid =140 then ""Grace ..."
1,"SELECT dateid, quarter, dayofweek, weekenddate, dayofmonth, monthyearid, date, month, year, weekstartdate, dayofyear, weekdayname, monthname, _fivetran_deleted, _fivetran_synced FROM (SELECT * FROM prod_homecare_acreporting_reporting.dimdate WHERE date >= ?) AS _ ORDER BY date","select `dateid`, `quarter`, `dayofweek`, `weekenddate`, `dayofmonth`, `monthyearid`, `date`, `month`, `year`, `weekstartdate`, `dayofyear`, `weekdayname`, `monthname`, `_fivetran_deleted`, `_fivetran_synced` from ( Select * FROM prod_homecare_acreporting_reporting.dimdate where date>= '2025' ) as `_ ..."
1,"WITH cte AS (SELECT cph.providerid, p.name AS providername, cph.orderid, o.createdon AS ordercreatedate, MIN(date) AS firstactivedate, MAX(date) AS lastactivedate, ost.name AS currentorderstatus, osrt.name AS currentorderstatusreasontype, u2.firstname AS hcam, u.firstname AS csm FROM prod_homecare_acreporting_reporting.cartproviderhistory AS cph LEFT JOIN prod_homecare_actransactional_ordermanagement.order AS o ON o.orderid = cph.orderid LEFT JOIN prod_homecare_actransactional_ordermanagement.orderstatustype AS ost ON ost.orderstatustypeid = o.orderstatustypeid LEFT JOIN prod_homecare_actransa ...","select `ProviderID`, `ProviderName`, `OrderID`, `OrderCreateDate`, `FirstActiveDate`, `LastActiveDate`, `CurrentOrderStatus`, `CurrentOrderStatusReasonType`, `HCAM`, `CSM`, `DaystoCancel` from ( WITH CTE AS ( SELECT cph.ProviderID ,p.name ProviderName ,cph.OrderID ,o.createdon AS OrderCreateDate ,MI ..."
1,"WITH cte AS (SELECT c.case_number AS casenumber, c.hmc_case_subject_c AS casesubject, c.created_date AS createddate, c.hmc_date_opened_c AS dateopened, c.hmc_date_resolved_c AS dateresolved, c.hmc_save_method_used_c AS savemethodused, c.account_id, CONCAT(u.first_name, ?, u.last_name) AS name, u.id AS userid, a.id AS accountid, a.name AS accoutname, a.hmc_cart_provider_id_c AS providerid, CONCAT(?, a.id, ?) AS accounturl FROM main.community_salesforce.case AS c LEFT JOIN main.community_salesforce.user AS u ON u.id = c.owner_id LEFT JOIN main.community_salesforce.account AS a ON a.id = c.accoun ...","select * from ( WITH CTE AS( Select c.case_number CaseNumber ,c.hmc_case_subject_c CaseSubject ,c.created_date CreatedDate ,c.hmc_date_opened_c DateOpened ,c.hmc_date_resolved_c DateResolved ,c.hmc_save_method_used_c SaveMethodUsed ,c.account_id ,concat(u.first_name,"" "",u.last_name) Name ,u.id UserI ..."
1,"WITH cte AS (SELECT o.id AS opportunityid, o.close_date, a.hmc_cart_provider_id_c AS providerid FROM main.community_salesforce.opportunity AS o JOIN main.community_salesforce.account AS a ON a.id = o.account_id WHERE o.close_date >= ? AND a.hmc_cart_provider_id_c = ?), ctec AS (SELECT cte.providerid, p.name AS providername, cph.orderid, cte.close_date, MIN(date) AS firstactivedate, MAX(date) AS lastactivedate FROM cte LEFT JOIN main.prod_homecare_acreporting_reporting.cartproviderhistory AS cph ON cph.providerid = cte.providerid LEFT JOIN main.prod_homecare_actransactional_organization.provide ...","select `ProviderID`, `ProviderName`, `OrderID`, `ProviderOrderID`, `OrderStatus`, `OrderStatusReason`, `Close_Date`, `FirstActiveDate`, `LastActiveDate`, `DaysActive`, `Status`, `FirstActivation`, `HasActivation` from ( WITH CTE2 AS( WITH CTE1 AS( WITH CTE AS( Select o.id OpportunityID ,o.close_date ..."
1,"WITH cte AS (SELECT cph.providerid, cph.orderid, MAX(cph.date) AS lastactive, MIN(cph.date) AS firstactive FROM main.prod_homecare_acreporting_reporting.cartproviderhistory AS cph WHERE (cph.orderstatusreason = ? OR cph.orderstatus IN (?)) AND cph.contracttype = ? GROUP BY ?, ?), ctea AS (SELECT DISTINCT cph.providerid, cph.orderid, cph.orderstatus, cph.orderstatusreason FROM main.prod_homecare_acreporting_reporting.cartproviderhistory AS cph WHERE date = CAST(CURRENT_TIMESTAMP() AS DATE)), cteb1 AS (SELECT r.region_id AS regionid, r.region_name AS regionname, zr.zip5 FROM main.prod_ygl_apfm.z ...","select * from ( WITH CTE AS( Select cph.providerid ,cph.orderid ,max(cph.date) LastActive ,min(cph.date) FirstActive FROM main.prod_homecare_acreporting_reporting.cartproviderhistory cph WHERE (cph.orderstatusreason = 'Monthly Cap Reached' or cph.orderstatus in ('Active', 'Paused')) and cph.contract ..."
1,"SELECT id, owner_id, name, account_id, stage_name, hmc_provider_account_c, hmc_franchise_c, CAST(close_date AS DATE) AS closedate, CAST(created_date AS DATE) AS createddate FROM main.community_salesforce.opportunity WHERE created_date >= ?","select * from ( Select id ,owner_id ,Name ,account_id ,stage_name ,hmc_provider_account_c ,hmc_franchise_c ,date(close_date) CloseDate ,date(created_date) CreatedDate FROM main.community_salesforce.opportunity where created_date >= '2025' ) as `_` limit 0"
1,"WITH cte AS (SELECT hmcr.hmcrequestid, hmcr.affiliateid, a.affiliatename, url, CASE WHEN hmcr.customflow = ? THEN ? ELSE ? END AS flow, src.hmcprospectid AS srcprospect, CASE WHEN NOT src.hmcprospectid IS NULL THEN ? WHEN hmcr.affiliateid IN (?) THEN ? WHEN hmcr.affiliateid = ? THEN ? WHEN hmcr.affiliateid = ? THEN ? WHEN hmcr.affiliateid IN (?) THEN ? WHEN hmcr.affiliateid IN (?) THEN ? WHEN hmcr.url LIKE ? OR hmcr.url LIKE ? OR hmcr.url LIKE ? THEN ? WHEN hmcr.url LIKE ? OR hmcr.affiliateid = ? THEN ? WHEN hmcr.affiliateid IN (?) OR hmcr.url LIKE ? OR hmcr.url LIKE ? THEN ? WHEN hmcr.affilia ...","select * from ( with CTE AS ( select hmcr.hmcrequestid ,hmcr.affiliateid ,a.affiliatename ,url ,CASE WHEN hmcr.customflow =1 then 'NFE' ELSE 'OFE' END as Flow ,src.HMCProspectID AS SRCProspect ,CASE WHEN src.HMCProspectID IS NOT NULL THEN 'APFM DQ' WHEN hmcr.affiliateID IN (98,100,101,102,103,104,10 ..."
1,"WITH cte AS (SELECT DISTINCT hmcr.hmcrequestid, hmcr.hmcprospectid, postalcode, CASE WHEN hmcr.customflow = ? THEN ? ELSE ? END AS funnel, hmcr.createdate, hmcr.requeststatusid, hmcr.requeststatuscode, CASE WHEN hmcr.affiliateid = ? THEN ? WHEN hmcr.affiliateid = ? THEN ? WHEN hmcr.affiliateid IN (?) THEN ? WHEN hmcr.affiliateid = ? THEN ? WHEN hmcr.affiliateid = ? THEN ? WHEN hmcr.affiliateid IN (?) THEN ? WHEN hmcr.affiliateid IN (?) THEN ? WHEN hmcr.url LIKE ? OR hmcr.url LIKE ? OR hmcr.url LIKE ? THEN ? WHEN hmcr.url LIKE ? OR hmcr.affiliateid = ? THEN ? WHEN hmcr.affiliateid IN (?) OR hmc ...","select * from ( WITH CTE2 AS ( WITH CTE1 AS ( WITH CTE AS ( SELECT distinct hmcr.hmcrequestid ,hmcr.hmcprospectid ,postalcode ,CASE WHEN hmcr.customflow = 1 THEN 'NFE' ELSE 'OFE' END as Funnel ,hmcr.createdate ,HMCR.RequestStatusId ,hmcr.requeststatuscode ,CASE WHEN hmcr.affiliateid =140 then ""Grace ..."
1,"WITH cte AS (SELECT hmcr.hmcrequestid, hmcr.hmcprospectid, postalcode, CASE WHEN hmcr.customflow = ? THEN ? ELSE ? END AS funnel, hmcr.createdate, hmcr.requeststatusid, hmcr.requeststatuscode, CASE WHEN hmcr.affiliateid = ? THEN ? WHEN hmcr.affiliateid = ? THEN ? WHEN hmcr.affiliateid IN (?) THEN ? WHEN hmcr.affiliateid = ? THEN ? WHEN hmcr.affiliateid = ? THEN ? WHEN hmcr.affiliateid IN (?) THEN ? WHEN hmcr.affiliateid IN (?) THEN ? WHEN hmcr.url LIKE ? OR hmcr.url LIKE ? OR hmcr.url LIKE ? THEN ? WHEN hmcr.url LIKE ? OR hmcr.affiliateid = ? THEN ? WHEN hmcr.affiliateid IN (?) OR hmcr.url LIK ...","select * from ( WITH CTE2 AS ( WITH CTE1 AS ( WITH CTE AS ( SELECT hmcr.hmcrequestid ,hmcr.hmcprospectid ,postalcode ,CASE WHEN hmcr.customflow = 1 THEN 'NFE' ELSE 'OFE' END as Funnel ,hmcr.createdate ,HMCR.RequestStatusId ,hmcr.requeststatuscode ,CASE WHEN hmcr.affiliateid =140 then ""Grace"" WHEN hm ..."
1,"SELECT dateid, quarter, dayofweek, weekenddate, dayofmonth, monthyearid, date, month, year, weekstartdate, dayofyear, weekdayname, monthname, _fivetran_deleted, _fivetran_synced FROM (SELECT *, CASE WHEN date < ? THEN ? ELSE ? END AS test FROM prod_homecare_acreporting_reporting.dimdate WHERE date >= DATE_ADD(YEAR, -?, DATE_TRUNC('YEAR', CURRENT_TIMESTAMP())) AND date <= DATE_ADD(YEAR, ?, DATE_TRUNC('YEAR', CURRENT_TIMESTAMP()))) AS _ ORDER BY date LIMIT ?","select `dateid`, `quarter`, `dayofweek`, `weekenddate`, `dayofmonth`, `monthyearid`, `date`, `month`, `year`, `weekstartdate`, `dayofyear`, `weekdayname`, `monthname`, `_fivetran_deleted`, `_fivetran_synced` from ( Select *, CASE WHEN date <'2025-12-01' then 'Pre Test' else 'Post Test' end as Test F ..."
1,"WITH cte AS (SELECT o.id AS opportunityid, o.close_date, a.hmc_cart_provider_id_c AS providerid FROM main.community_salesforce.opportunity AS o JOIN main.community_salesforce.account AS a ON a.id = o.account_id WHERE o.close_date >= ? AND a.hmc_cart_provider_id_c = ?), ctec AS (SELECT cte.providerid, p.name AS providername, cph.orderid, cte.close_date, MIN(date) AS firstactivedate, MAX(date) AS lastactivedate FROM cte LEFT JOIN main.prod_homecare_acreporting_reporting.cartproviderhistory AS cph ON cph.providerid = cte.providerid LEFT JOIN main.prod_homecare_actransactional_organization.provide ...","select `ProviderID`, `ProviderName`, `OrderID`, `ProviderOrderID`, `OrderStatus`, `OrderStatusReason`, `Close_Date`, `FirstActiveDate`, `LastActiveDate`, `DaysActive`, `Status`, `FirstActivation`, `HasActivation` from ( WITH CTE2 AS( WITH CTE1 AS( WITH CTE AS( Select o.id OpportunityID ,o.close_date ..."
1,"SELECT dateid, quarter, dayofweek, weekenddate, dayofmonth, monthyearid, date, month, year, weekstartdate, dayofyear, weekdayname, monthname, _fivetran_deleted, _fivetran_synced FROM (SELECT *, CASE WHEN date < ? THEN ? ELSE ? END AS test FROM prod_homecare_acreporting_reporting.dimdate WHERE date >= DATE_ADD(YEAR, -?, DATE_TRUNC('YEAR', CURRENT_TIMESTAMP())) AND date <= DATE_ADD(YEAR, ?, DATE_TRUNC('YEAR', CURRENT_TIMESTAMP()))) AS _ ORDER BY date","select `dateid`, `quarter`, `dayofweek`, `weekenddate`, `dayofmonth`, `monthyearid`, `date`, `month`, `year`, `weekstartdate`, `dayofyear`, `weekdayname`, `monthname`, `_fivetran_deleted`, `_fivetran_synced` from ( Select *, CASE WHEN date <'2025-12-01' then 'Pre Test' else 'Post Test' end as Test F ..."
1,"WITH cte AS (SELECT r.region_id AS regionid, r.region_name AS regionname, zr.zip5 FROM main.prod_ygl_apfm.zip_region AS zr JOIN main.prod_ygl_apfm.region AS r ON r.region_id = zr.region_id JOIN main.prod_ygl_apfm.region_use AS ru ON ru.region_id = zr.region_id AND ru.region_type_code = zr.region_type_code WHERE ru.region_type_code = ? AND r.region_name = ? AND r.active = ? AND zr._fivetran_deleted = FALSE AND r._fivetran_deleted = FALSE AND ru._fivetran_deleted = FALSE ORDER BY r.region_id, zr.zip5), cted AS (SELECT dateid, date, dayofyear, dayofmonth, dayofweek, weekdayname, month, monthname, ...","select * from ( with cte1 as( WITH CTE AS( SELECT r.region_id AS regionId, r.region_name AS regionName, zr.zip5 FROM main.prod_ygl_apfm.zip_region AS zr JOIN main.prod_ygl_apfm.region AS r ON r.region_id = zr.region_id JOIN main.prod_ygl_apfm.region_use ru ON ru.region_id = zr.region_id AND ru.regio ..."
1,"SELECT id, owner_id, name, account_id, stage_name, account_id, hmc_franchise_c, CAST(close_date AS DATE) AS closedate, CAST(created_date AS DATE) AS createddate FROM main.community_salesforce.opportunity WHERE created_date >= ?","select * from ( Select id ,owner_id ,Name ,account_id ,stage_name ,account_id ,hmc_franchise_c ,date(close_date) CloseDate ,date(created_date) CreatedDate FROM main.community_salesforce.opportunity where created_date >= '2025' ) as `_` limit 0"
